period,mean_raw_long,median_raw_long,mean_p穿插_3y,mean_p快敗_3y,mean_smoothed_long
46,46.3780196085547,44.04963604417671,44.02534838147772,48.730690835631684,47.106302972935914
47,45.86480333986548,45.42074548192771,43.49464877582619,48.23495790390478,46.38176198770987
48,46.90246301470944,47.11502259036145,45.41883649054048,48.38608953887841,46.39472170811761
49,46.41689876977791,45.93687248995984,46.00703264866696,46.82676489088885,47.30517829349527
50,48.59617309599845,50.82831325301205,47.5751273164949,49.61721887550201,47.9671698843567
51,48.88843778729375,51.548381024096386,46.94705024918953,50.829825325397984,49.25745275277818
52,50.287747375042336,54.37531375502008,49.04293378332608,51.5325609667586,50.064376481830934
53,51.016944283156725,57.75288654618474,49.81484673634296,52.219041829970486,51.011267711407875
54,51.729111476024585,54.2027484939759,50.63510820389994,52.82311474814922,51.222189208641794
55,50.920511866744086,52.964984939759034,51.271879687424395,50.569144046063776,50.7966983395429
56,49.74047167586007,48.661834839357425,51.2600477210045,48.22089563071563,49.727820670231125
57,48.522478468089226,48.57555220883535,50.729045700875794,46.31591123530266,49.427932613990095
58,50.020847698020994,49.46347891566265,51.72629524120578,48.31540015483621,49.10312056458766
59,48.766035527652775,48.34964859437751,51.06291128368897,46.46915977161659,49.45472779672909
60,49.577300164513474,48.74497991967871,51.90120421444816,47.2533961145788,49.056132915194915
61,48.825063053418496,48.30729166666667,51.459187654231386,46.1909384526056,48.9537656146675
62,48.45893362607055,47.30327560240964,52.13489500169352,44.78297225044757,48.78199419162594
63,49.06198589538878,48.51907630522088,52.94226605216045,45.18170573861712,49.031706645860545
64,49.57420041612232,48.224146586345384,53.279911815938455,45.868489016306185,49.30322444396057
65,49.27348702037064,51.38993473895583,54.03443593651715,44.51253810422413,50.06422527459234
66,51.344988387284076,52.76261295180723,56.61410703053176,46.07586974403639,50.46867943662198
67,50.787562902211256,51.32247740963855,56.061217762616735,45.51390804180578,51.31273714335253
68,51.80566014056225,51.00244728915663,56.45499921372236,47.15632106740214,51.46851210061127
69,51.81231325906034,52.24805471887551,55.585481988193735,48.039144529926936,51.99369894235577
70,52.36312342744473,56.41785893574297,56.50693890017903,48.21930795471041,52.30645221448041
71,52.74391995693618,54.06626506024096,57.29257391009823,48.19526600377414,52.830656209174045
72,53.38492524314125,55.71347891566265,59.221449049208886,47.54840143707359,53.94891564248963
73,55.71790172739149,56.28137550200803,60.77729593071079,50.65850752407219,55.33141602554797
74,56.891421106111196,60.164093875502004,62.099527628586635,51.68331458363575,56.41949701416106
75,56.6491682089805,59.89897088353413,61.640651461266756,51.65768495669424,56.99162110288543
76,57.434273993564624,63.19496736947791,63.03909160739343,51.82945637973581,57.44736602030613
77,58.25865585837325,61.626192269076306,63.5207622659312,52.99654945081531,58.16360950831438
78,58.79789867300527,59.08007028112449,64.09300606038613,53.50279128562443,58.53686457678102
79,58.55403919896453,60.688064759036145,64.41643834373639,52.691640054192675,59.056872570603694
80,59.81867983984129,60.80572289156626,64.99590228383413,54.641457395848455,59.273539942904144
81,59.44790078990661,59.28401104417671,65.19697010935307,53.69883147046015,59.59842759592587
82,59.52870215802971,60.12487449799197,64.76122864953791,54.2961756665215,59.47881636989726
83,59.45984616175546,60.85906124497993,64.36245735955872,54.5572349639522,59.63952446331511
84,59.93002507016016,61.63089859437751,64.03191833599458,55.828131804325736,59.67595910751439
85,59.63800609062758,62.66315261044177,65.35142830357574,53.92458387767939,60.158045585958284
86,60.90610559708714,62.834149096385545,65.36193720665796,56.450273987516326,59.92139365695715
87,59.220069283156725,60.23468875502007,65.24316392074321,53.196974645570236,59.60392145892808
88,58.68558949654038,59.34048694779116,64.60265005806357,52.76852893501717,58.66921501266108
89,58.10198625828616,58.83377259036144,64.4535219190013,51.75045059757101,58.78112727012467
90,59.55580605554749,59.12870230923694,66.04943871873034,53.06217339236464,59.27221687956646
91,60.158858324865726,63.31576305220884,66.16276854405574,54.154948105675714,60.24760437331656
92,61.02814873953646,62.92356927710843,67.89613272366574,54.16016475540717,60.853920198867755
93,61.37475353220109,58.8902484939759,68.06949182271254,54.680015241689645,61.073655818051314
94,60.81806518241641,58.85259789156626,68.32862322785117,53.30750713698166,61.1546776967307
95,61.27121437557459,59.77817520080321,69.21087966323124,53.33154908791794,61.31003683408332
96,61.84083094425896,61.55089106425703,69.07520896840373,54.606452920114194,61.45307888179223
97,61.247191325543135,59.18988453815261,69.30776570135966,53.18661694972662,61.627452329397904
98,61.79433471839164,63.10554718875502,69.30784130497895,54.28082813180433,61.45741978960016
99,61.330733324865726,65.34105170682732,69.0312076619732,53.63025898775826,62.026255120885146
100,62.953697319398074,71.12198795180724,70.63638590506605,55.2710087337301,61.84640041088047
101,61.2547705883776,65.96228664658635,69.6562605845067,52.85328059224851,61.905957161981256
102,61.50940357816809,60.95789407630522,70.08001887066338,52.938788285672814,61.17656494451702
103,60.76552066700537,61.99956074297188,69.36416600135482,52.16687533265593,61.77193084587345
104,63.040868292446895,65.32065763052208,71.08486657473266,54.996870010161125,62.69660721198044
105,64.28343267648908,65.32065763052208,71.23338988484056,57.333475468137614,63.65137381856744
106,63.62982048676634,64.21937751004016,71.122441573523,56.13719940000968,63.7995506120869
107,63.48539867300527,63.56362951807229,70.63559206706344,56.335205278947114,63.7380218665828
108,64.09884643997677,64.1676079317269,70.63748215754585,57.5602107224077,64.07537781648682
109,64.64188833647844,66.7984437751004,70.94394142836406,58.33983524459283,64.47495554507185
110,64.68413185876034,70.45525853413655,71.52272493588814,57.84553878163255,64.67005068466638
