ticker,period,tg4_3y,qday_3y,quickfail_3y,f_tg_3y,f_qd_3y,f_quickfail_3y,p_tg_3y,p_qd_3y,p穿插_3y,p快敗_3y,分數_長_raw,raw_prev(p-1),raw_self(p),raw_next(p+1),smoothed_long_score,best_smoothed_score,score_gap_from_best,gap15_cutoff,margin_to_gap15_cutoff,score_rank,within_gap15,spacing_ok_at_visit,candidate_selected,candidate_slot,exclusion_reason,min_dist_to_selected_cands,is_manual_target,is_production_final,is_legacy_final
TMO,46,1.0,12.0,0.4864864864864865,-1.0,-12.0,-0.4864864864864865,56.36295180722891,66.13328313253012,61.24811746987952,42.206325301204814,51.727221385542165,48.76419741465863,51.727221385542165,60.28332078313253,53.59157986111111,99.33117888219545,45.73959902108434,84.33117888219545,-30.739599021084338,64,False,,False,,BELOW_GAP15,50,False,False,False
TMO,47,1.0,11.666666666666666,0.45714285714285713,-1.0,-11.666666666666666,-0.45714285714285713,56.36295180722891,68.59312248995984,62.478037148594375,58.08860441767069,60.28332078313253,51.727221385542165,60.28332078313253,60.91239959839358,57.64098058902275,99.33117888219545,41.69019829317269,84.33117888219545,-26.690198293172692,63,False,,False,,BELOW_GAP15,49,False,False,False
TMO,48,1.0,11.333333333333334,0.45714285714285713,-1.0,-11.333333333333334,-0.45714285714285713,56.36295180722891,71.10943775100401,63.73619477911646,58.08860441767069,60.91239959839358,60.28332078313253,60.91239959839358,79.25138052208837,66.81570030120483,99.33117888219545,32.51547858099062,84.33117888219545,-17.515478580990617,58,False,,False,,BELOW_GAP15,48,False,False,False
TMO,49,0.6666666666666666,10.666666666666666,0.3870967741935484,-0.6666666666666666,-10.666666666666666,-0.3870967741935484,74.10266064257029,75.80948795180723,74.95607429718876,83.54668674698796,79.25138052208837,60.91239959839358,79.25138052208837,79.77064508032129,73.3114750669344,99.33117888219545,26.01970381526104,84.33117888219545,-11.019703815261039,53,False,,False,,BELOW_GAP15,47,False,False,False
TMO,50,0.6666666666666666,10.333333333333334,0.3870967741935484,-0.6666666666666666,-10.333333333333334,-0.3870967741935484,74.10266064257029,77.88654618473896,75.99460341365463,83.54668674698796,79.77064508032129,79.25138052208837,79.77064508032129,84.67777359437751,81.23326639892906,99.33117888219545,18.097912483266384,84.33117888219545,-3.0979124832663842,35,False,,False,,BELOW_GAP15,46,False,False,False
TMO,51,0.6666666666666666,10.0,0.3448275862068966,-0.6666666666666666,-10.0,-0.3448275862068966,74.10266064257029,80.02008032128514,77.06137048192771,92.29417670682732,84.67777359437751,79.77064508032129,84.67777359437751,75.91930220883535,80.12257362784472,99.33117888219545,19.20860525435073,84.33117888219545,-4.208605254350729,38,False,,False,,BELOW_GAP15,45,False,False,False
TMO,52,0.6666666666666666,9.666666666666666,0.41935483870967744,-0.6666666666666666,-9.666666666666666,-0.41935483870967744,74.10266064257029,82.17243975903614,78.13755020080322,73.70105421686746,75.91930220883535,84.67777359437751,75.91930220883535,75.91930220883535,78.83879267068274,99.33117888219545,20.49238621151271,84.33117888219545,-5.492386211512709,40,False,,False,,BELOW_GAP15,44,False,False,False
TMO,53,0.6666666666666666,9.666666666666666,0.41935483870967744,-0.6666666666666666,-9.666666666666666,-0.41935483870967744,74.10266064257029,82.17243975903614,78.13755020080322,73.70105421686746,75.91930220883535,75.91930220883535,75.91930220883535,75.91930220883535,75.91930220883535,99.33117888219545,23.411876673360098,84.33117888219545,-8.411876673360098,48,False,,False,,BELOW_GAP15,43,False,False,False
TMO,54,0.6666666666666666,9.666666666666666,0.41935483870967744,-0.6666666666666666,-9.666666666666666,-0.41935483870967744,74.10266064257029,82.17243975903614,78.13755020080322,73.70105421686746,75.91930220883535,75.91930220883535,75.91930220883535,75.38121234939759,75.73993892235609,99.33117888219545,23.591239959839356,84.33117888219545,-8.591239959839356,50,False,,False,,BELOW_GAP15,42,False,False,False
TMO,55,0.6666666666666666,10.0,0.41935483870967744,-0.6666666666666666,-10.0,-0.41935483870967744,74.10266064257029,80.02008032128514,77.06137048192771,73.70105421686746,75.38121234939759,75.91930220883535,75.38121234939759,84.16478413654619,78.4884328982597,99.33117888219545,20.842745983935743,84.33117888219545,-5.8427459839357425,42,False,,False,,BELOW_GAP15,41,False,False,False
TMO,56,0.6666666666666666,8.666666666666666,0.37037037037037035,-0.6666666666666666,-8.666666666666666,-0.37037037037037035,74.10266064257029,87.07956827309236,80.59111445783132,87.73845381526104,84.16478413654619,75.38121234939759,84.16478413654619,83.7898468875502,81.11194779116465,99.33117888219545,18.219231091030792,84.33117888219545,-3.2192310910307924,36,False,,False,,BELOW_GAP15,40,False,False,False
TMO,57,0.6666666666666666,9.0,0.37037037037037035,-0.6666666666666666,-9.0,-0.37037037037037035,74.10266064257029,85.57981927710844,79.84123995983936,87.73845381526104,83.7898468875502,84.16478413654619,83.7898468875502,84.51462098393574,84.1564173360107,99.33117888219545,15.17476154618474,84.33117888219545,-0.17476154618474027,32,False,,False,,BELOW_GAP15,39,False,False,False
TMO,58,0.6666666666666666,8.333333333333334,0.37037037037037035,-0.6666666666666666,-8.333333333333334,-0.37037037037037035,74.10266064257029,88.4789156626506,81.29078815261045,87.73845381526104,84.51462098393574,83.7898468875502,84.51462098393574,71.41064257028113,79.90503681392235,99.33117888219545,19.426142068273094,84.33117888219545,-4.426142068273094,39,False,,False,,BELOW_GAP15,38,False,False,False
TMO,59,0.6666666666666666,8.666666666666666,0.4482758620689655,-0.6666666666666666,-8.666666666666666,-0.4482758620689655,74.10266064257029,87.07956827309236,80.59111445783132,62.23017068273092,71.41064257028113,84.51462098393574,71.41064257028113,79.6969126506024,78.54072540160641,99.33117888219545,20.790453480589036,84.33117888219545,-5.790453480589036,41,False,,False,,BELOW_GAP15,37,False,False,False
TMO,60,0.6666666666666666,8.0,0.4074074074074074,-0.6666666666666666,-8.0,-0.4074074074074074,74.10266064257029,89.90336345381526,82.00301204819277,77.39081325301204,79.6969126506024,71.41064257028113,79.6969126506024,83.47609186746988,78.19454902945114,99.33117888219545,21.136629852744306,84.33117888219545,-6.136629852744306,45,False,,False,,BELOW_GAP15,36,False,False,False
TMO,61,0.3333333333333333,8.0,0.4074074074074074,-0.3333333333333333,-8.0,-0.4074074074074074,89.21937751004016,89.90336345381526,89.56137048192771,77.39081325301204,83.47609186746988,79.6969126506024,83.47609186746988,78.61602660642569,80.59634370816599,99.33117888219545,18.734835174029456,84.33117888219545,-3.734835174029456,37,False,,False,,BELOW_GAP15,35,False,False,False
TMO,62,0.6666666666666666,9.0,0.4074074074074074,-0.6666666666666666,-9.0,-0.4074074074074074,74.10266064257029,85.57981927710844,79.84123995983936,77.39081325301204,78.61602660642569,83.47609186746988,78.61602660642569,66.2038780120482,76.09866549531458,99.33117888219545,23.232513386880868,84.33117888219545,-8.232513386880868,47,False,,False,,BELOW_GAP15,34,False,False,False
TMO,63,1.0,9.333333333333334,0.4482758620689655,-1.0,-9.333333333333334,-0.4482758620689655,56.36295180722891,83.992218875502,70.17758534136546,62.23017068273092,66.2038780120482,78.61602660642569,66.2038780120482,64.67745983935743,69.8324548192771,99.33117888219545,29.498724062918342,84.33117888219545,-14.498724062918342,55,False,,False,,BELOW_GAP15,33,False,False,False
TMO,64,1.0,10.333333333333334,0.4482758620689655,-1.0,-10.333333333333334,-0.4482758620689655,56.36295180722891,77.88654618473896,67.12474899598394,62.23017068273092,64.67745983935743,66.2038780120482,64.67745983935743,74.0242218875502,68.3018532463186,99.33117888219545,31.029325635876845,84.33117888219545,-16.029325635876845,56,False,,False,,BELOW_GAP15,32,False,False,False
TMO,65,1.0,10.0,0.4,-1.0,-10.0,-0.4,56.36295180722891,80.02008032128514,68.19151606425703,79.85692771084338,74.0242218875502,64.67745983935743,74.0242218875502,88.63736194779116,75.77968122489959,99.33117888219545,23.551497657295855,84.33117888219545,-8.551497657295855,49,False,,False,,BELOW_GAP15,31,False,False,False
TMO,66,0.3333333333333333,9.666666666666666,0.34782608695652173,-0.3333333333333333,-9.666666666666666,-0.34782608695652173,89.21937751004016,82.17243975903614,85.69590863453814,91.57881526104418,88.63736194779116,74.0242218875502,88.63736194779116,85.43078564257027,82.6974564926372,99.33117888219545,16.633722389558244,84.33117888219545,-1.633722389558244,33,False,,False,,BELOW_GAP15,30,False,False,False
TMO,67,0.6666666666666666,10.0,0.3333333333333333,-0.6666666666666666,-10.0,-0.3333333333333333,74.10266064257029,80.02008032128514,77.06137048192771,93.80020080321285,85.43078564257027,88.63736194779116,85.43078564257027,73.67124748995982,82.57979836010708,99.33117888219545,16.75138052208837,84.33117888219545,-1.7513805220883683,34,False,,False,,BELOW_GAP15,29,False,False,False
TMO,68,1.0,11.0,0.391304347826087,-1.0,-11.0,-0.391304347826087,56.36295180722891,73.5379016064257,64.9504267068273,82.39206827309236,73.67124748995982,85.43078564257027,73.67124748995982,76.28482680722891,78.46228664658634,99.33117888219545,20.86889223560911,84.33117888219545,-5.86889223560911,43,False,,False,,BELOW_GAP15,28,False,False,False
TMO,69,1.0,9.333333333333334,0.391304347826087,-1.0,-9.333333333333334,-0.391304347826087,56.36295180722891,83.992218875502,70.17758534136546,82.39206827309236,76.28482680722891,73.67124748995982,76.28482680722891,81.11665411646587,77.02424280455153,99.33117888219545,22.30693607764391,84.33117888219545,-7.306936077643911,46,False,,False,,BELOW_GAP15,27,False,False,False
TMO,70,0.6666666666666666,9.0,0.391304347826087,-0.6666666666666666,-9.0,-0.391304347826087,74.10266064257029,85.57981927710844,79.84123995983936,82.39206827309236,81.11665411646587,76.28482680722891,81.11665411646587,67.62205070281124,75.007843875502,99.33117888219545,24.32333500669344,84.33117888219545,-9.32333500669344,51,False,,False,,BELOW_GAP15,26,False,False,False
TMO,71,1.0,9.666666666666666,0.44,-1.0,-9.666666666666666,-0.44,56.36295180722891,82.17243975903614,69.26769578313252,65.97640562248996,67.62205070281124,81.11665411646587,67.62205070281124,48.260228413654616,65.6663110776439,99.33117888219545,33.66486780455155,84.33117888219545,-18.664867804551548,59,False,,False,,BELOW_GAP15,25,False,False,False
TMO,72,1.0,9.666666666666666,0.5185185185185185,-1.0,-9.666666666666666,-0.5185185185185185,56.36295180722891,82.17243975903614,69.26769578313252,27.252761044176705,48.260228413654616,67.62205070281124,48.260228413654616,78.16108182730923,64.6811203145917,99.33117888219545,34.65005856760375,84.33117888219545,-19.65005856760375,60,False,,False,,BELOW_GAP15,24,False,False,False
TMO,73,0.3333333333333333,8.666666666666666,0.43478260869565216,-0.3333333333333333,-8.666666666666666,-0.43478260869565216,89.21937751004016,87.07956827309236,88.14947289156626,68.17269076305222,78.16108182730923,48.260228413654616,78.16108182730923,78.16108182730923,68.19413068942436,99.33117888219545,31.13704819277109,84.33117888219545,-16.13704819277109,57,False,,False,,BELOW_GAP15,23,False,False,False
TMO,74,0.3333333333333333,8.666666666666666,0.43478260869565216,-0.3333333333333333,-8.666666666666666,-0.43478260869565216,89.21937751004016,87.07956827309236,88.14947289156626,68.17269076305222,78.16108182730923,78.16108182730923,78.16108182730923,78.5109186746988,78.27769410977243,99.33117888219545,21.05348477242302,84.33117888219545,-6.053484772423019,44,False,,False,,BELOW_GAP15,22,False,False,False
TMO,75,0.3333333333333333,8.333333333333334,0.43478260869565216,-0.3333333333333333,-8.333333333333334,-0.43478260869565216,89.21937751004016,88.4789156626506,88.84914658634538,68.17269076305222,78.5109186746988,78.16108182730923,78.5109186746988,53.54700050200803,70.07300033467202,99.33117888219545,29.25817854752343,84.33117888219545,-14.258178547523428,54,False,,False,,BELOW_GAP15,21,False,False,False
TMO,76,0.6666666666666666,9.0,0.5185185185185185,-0.6666666666666666,-9.0,-0.5185185185185185,74.10266064257029,85.57981927710844,79.84123995983936,27.252761044176705,53.54700050200803,78.5109186746988,53.54700050200803,53.54700050200803,61.868306559571614,99.33117888219545,37.46287232262383,84.33117888219545,-22.46287232262383,62,False,,False,,BELOW_GAP15,20,False,False,False
TMO,77,0.6666666666666666,9.0,0.5185185185185185,-0.6666666666666666,-9.0,-0.5185185185185185,74.10266064257029,85.57981927710844,79.84123995983936,27.252761044176705,53.54700050200803,53.54700050200803,53.54700050200803,48.260228413654616,51.78474313922355,99.33117888219545,47.546435742971894,84.33117888219545,-32.546435742971894,65,False,,False,,BELOW_GAP15,19,False,False,False
TMO,78,1.0,9.666666666666666,0.5185185185185185,-1.0,-9.666666666666666,-0.5185185185185185,56.36295180722891,82.17243975903614,69.26769578313252,27.252761044176705,48.260228413654616,53.54700050200803,48.260228413654616,88.25458082329317,63.353936579651936,99.33117888219545,35.97724230254351,84.33117888219545,-20.97724230254351,61,False,,False,,BELOW_GAP15,18,False,False,False
TMO,79,0.6666666666666666,7.666666666666667,0.3333333333333333,-0.6666666666666666,-7.666666666666667,-0.3333333333333333,74.10266064257029,91.31526104417671,82.70896084337349,93.80020080321285,88.25458082329317,48.260228413654616,88.25458082329317,83.81965361445782,73.44482095046854,99.33117888219545,25.886357931726906,84.33117888219545,-10.886357931726906,52,False,,False,,BELOW_GAP15,17,False,False,False
TMO,80,1.0,7.666666666666667,0.3333333333333333,-1.0,-7.666666666666667,-0.3333333333333333,56.36295180722891,91.31526104417671,73.83910642570281,93.80020080321285,83.81965361445782,88.25458082329317,83.81965361445782,95.16974146586345,89.0813253012048,99.33117888219545,10.249853580990646,84.33117888219545,4.750146419009354,31,True,,False,,TOP5_CAP_REACHED,16,False,False,False
TMO,81,0.3333333333333333,6.666666666666667,0.2631578947368421,-0.3333333333333333,-6.666666666666667,-0.2631578947368421,89.21937751004016,94.89834337349397,92.05886044176707,98.28062248995984,95.16974146586345,83.81965361445782,95.16974146586345,96.56124497991968,91.85021335341364,99.33117888219545,7.480965528781809,84.33117888219545,7.519034471218191,30,True,,False,,TOP5_CAP_REACHED,15,False,False,False
TMO,82,0.0,5.666666666666667,0.3157894736842105,-0.0,-5.666666666666667,-0.3157894736842105,97.56526104417671,97.56526104417671,97.56526104417671,95.55722891566265,96.56124497991968,95.16974146586345,96.56124497991968,98.69477911646587,96.80858852074965,99.33117888219545,2.5225903614457934,84.33117888219545,12.477409638554207,29,True,,False,,TOP5_CAP_REACHED,14,False,False,False
TMO,83,0.0,5.0,0.2,-0.0,-5.0,-0.2,97.56526104417671,98.64457831325302,98.10491967871486,99.28463855421687,98.69477911646587,96.56124497991968,98.69477911646587,98.87675702811245,98.04426037483266,99.33117888219545,1.2869185073627847,84.33117888219545,13.713081492637215,28,True,,False,,TOP5_CAP_REACHED,13,False,False,False
TMO,84,0.0,4.333333333333333,0.2,-0.0,-4.333333333333333,-0.2,97.56526104417671,99.37248995983936,98.46887550200803,99.28463855421687,98.87675702811245,98.69477911646587,98.87675702811245,98.94578313253012,98.8391064257028,99.33117888219545,0.4920724564926502,84.33117888219545,14.50792754350735,27,True,,False,,TOP5_CAP_REACHED,12,False,False,False
TMO,85,0.0,3.6666666666666665,0.2,-0.0,-3.6666666666666665,-0.2,97.56526104417671,99.64859437751004,98.60692771084337,99.28463855421687,98.94578313253012,98.87675702811245,98.94578313253012,98.80145582329317,98.87466532797856,99.33117888219545,0.4565135542168832,84.33117888219545,14.543486445783117,23,True,,False,,TOP5_CAP_REACHED,11,True,False,False
TMO,86,0.0,4.666666666666667,0.2,-0.0,-4.666666666666667,-0.2,97.56526104417671,99.07128514056225,98.31827309236948,99.28463855421687,98.80145582329317,98.94578313253012,98.80145582329317,98.80145582329317,98.84956492637215,99.33117888219545,0.4816139558232919,84.33117888219545,14.518386044176708,25,True,,False,,TOP5_CAP_REACHED,10,False,False,False
TMO,87,0.0,4.666666666666667,0.2,-0.0,-4.666666666666667,-0.2,97.56526104417671,99.07128514056225,98.31827309236948,99.28463855421687,98.80145582329317,98.80145582329317,98.80145582329317,98.92068273092369,98.84119812583667,99.33117888219545,0.4899807563587757,84.33117888219545,14.510019243641224,26,True,,False,,TOP5_CAP_REACHED,9,False,False,False
TMO,88,0.0,4.0,0.2,-0.0,-4.0,-0.2,97.56526104417671,99.54819277108435,98.55672690763052,99.28463855421687,98.92068273092369,98.80145582329317,98.92068273092369,98.87675702811245,98.86629852744309,99.33117888219545,0.4648803547523528,84.33117888219545,14.535119645247647,24,True,,False,,TOP5_CAP_REACHED,8,False,False,False
TMO,89,0.0,4.333333333333333,0.2,-0.0,-4.333333333333333,-0.2,97.56526104417671,99.37248995983936,98.46887550200803,99.28463855421687,98.87675702811245,98.92068273092369,98.87675702811245,99.16541164658635,98.9876171352075,99.33117888219545,0.3435617469879446,84.33117888219545,14.656438253012055,22,True,,False,,TOP5_CAP_REACHED,7,False,False,False
TMO,90,0.0,3.3333333333333335,0.15384615384615385,-0.0,-3.3333333333333335,-0.15384615384615385,97.56526104417671,99.72389558232932,98.64457831325302,99.68624497991968,99.16541164658635,98.87675702811245,99.16541164658635,99.20149347389558,99.08122071619813,99.33117888219545,0.24995816599731313,84.33117888219545,14.750041834002687,21,True,,False,,TOP5_CAP_REACHED,6,False,False,False
TMO,91,0.0,3.0,0.15384615384615385,-0.0,-3.0,-0.15384615384615385,97.56526104417671,99.86822289156626,98.71674196787149,99.68624497991968,99.20149347389558,99.16541164658635,99.20149347389558,99.20149347389558,99.18946619812583,99.33117888219545,0.141712684069617,84.33117888219545,14.858287315930383,14,True,,False,,TOP5_CAP_REACHED,5,False,False,False
TMO,92,0.0,3.0,0.15384615384615385,-0.0,-3.0,-0.15384615384615385,97.56526104417671,99.86822289156626,98.71674196787149,99.68624497991968,99.20149347389558,99.20149347389558,99.20149347389558,99.14658634538152,99.18319109772423,99.33117888219545,0.14798778447121208,84.33117888219545,14.852012215528788,15,True,,False,,TOP5_CAP_REACHED,4,False,False,False
TMO,93,0.0,3.6666666666666665,0.15384615384615385,-0.0,-3.6666666666666665,-0.15384615384615385,97.56526104417671,99.64859437751004,98.60692771084337,99.68624497991968,99.14658634538152,99.20149347389558,99.14658634538152,99.16541164658635,99.17116382195448,99.33117888219545,0.16001506024096557,84.33117888219545,14.839984939759034,20,True,,False,,TOP5_CAP_REACHED,3,False,False,False
TMO,94,0.0,3.3333333333333335,0.15384615384615385,-0.0,-3.3333333333333335,-0.15384615384615385,97.56526104417671,99.72389558232932,98.64457831325302,99.68624497991968,99.16541164658635,99.14658634538152,99.16541164658635,99.20149347389558,99.17116382195448,99.33117888219545,0.16001506024096557,84.33117888219545,14.839984939759034,19,True,,False,,TOP5_CAP_REACHED,2,False,False,False
TMO,95,0.0,3.0,0.15384615384615385,-0.0,-3.0,-0.15384615384615385,97.56526104417671,99.86822289156626,98.71674196787149,99.68624497991968,99.20149347389558,99.16541164658635,99.20149347389558,99.16541164658635,99.17743892235609,99.33117888219545,0.1537399598393563,84.33117888219545,14.846260040160644,16,True,,False,,TOP5_CAP_REACHED,1,False,False,False
TMO,96,0.0,3.3333333333333335,0.15384615384615385,-0.0,-3.3333333333333335,-0.15384615384615385,97.56526104417671,99.72389558232932,98.64457831325302,99.68624497991968,99.16541164658635,99.20149347389558,99.16541164658635,99.20149347389558,99.18946619812583,99.33117888219545,0.141712684069617,84.33117888219545,14.858287315930383,12,True,True,True,5,SELECTED,0,False,False,False
TMO,97,0.0,3.0,0.15384615384615385,-0.0,-3.0,-0.15384615384615385,97.56526104417671,99.86822289156626,98.71674196787149,99.68624497991968,99.20149347389558,99.16541164658635,99.20149347389558,99.16541164658635,99.17743892235609,99.33117888219545,0.1537399598393563,84.33117888219545,14.846260040160644,18,True,,False,,TOP5_CAP_REACHED,1,False,False,False
TMO,98,0.0,3.3333333333333335,0.15384615384615385,-0.0,-3.3333333333333335,-0.15384615384615385,97.56526104417671,99.72389558232932,98.64457831325302,99.68624497991968,99.16541164658635,99.20149347389558,99.16541164658635,99.20149347389558,99.18946619812583,99.33117888219545,0.141712684069617,84.33117888219545,14.858287315930383,13,True,,False,,TOP5_CAP_REACHED,1,False,False,False
TMO,99,0.0,3.0,0.15384615384615385,-0.0,-3.0,-0.15384615384615385,97.56526104417671,99.86822289156626,98.71674196787149,99.68624497991968,99.20149347389558,99.16541164658635,99.20149347389558,99.226593875502,99.1978329986613,99.33117888219545,0.13334588353414745,84.33117888219545,14.866654116465853,10,True,True,True,4,SELECTED,0,False,False,False
TMO,100,0.0,2.6666666666666665,0.15384615384615385,-0.0,-2.6666666666666665,-0.15384615384615385,97.56526104417671,99.96862449799197,98.76694277108433,99.68624497991968,99.226593875502,99.20149347389558,99.226593875502,99.23286897590361,99.2203187751004,99.33117888219545,0.1108601070950499,84.33117888219545,14.88913989290495,7,True,False,False,,SPACING_BLOCKED,1,False,False,False
TMO,101,0.0,2.3333333333333335,0.15384615384615385,-0.0,-2.3333333333333335,-0.15384615384615385,97.56526104417671,99.99372489959839,98.77949297188755,99.68624497991968,99.23286897590361,99.226593875502,99.23286897590361,99.23286897590361,99.23077727576974,99.33117888219545,0.10040160642570584,84.33117888219545,14.899598393574294,4,True,False,False,,SPACING_BLOCKED,1,False,False,False
TMO,102,0.0,2.3333333333333335,0.15384615384615385,-0.0,-2.3333333333333335,-0.15384615384615385,97.56526104417671,99.99372489959839,98.77949297188755,99.68624497991968,99.23286897590361,99.23286897590361,99.23286897590361,99.226593875502,99.23077727576974,99.33117888219545,0.10040160642570584,84.33117888219545,14.899598393574294,3,True,True,True,2,SELECTED,0,False,False,False
TMO,103,0.0,2.6666666666666665,0.15384615384615385,-0.0,-2.6666666666666665,-0.15384615384615385,97.56526104417671,99.96862449799197,98.76694277108433,99.68624497991968,99.226593875502,99.23286897590361,99.226593875502,99.20149347389558,99.2203187751004,99.33117888219545,0.1108601070950499,84.33117888219545,14.88913989290495,6,True,False,False,,SPACING_BLOCKED,1,False,False,False
TMO,104,0.0,3.0,0.15384615384615385,-0.0,-3.0,-0.15384615384615385,97.56526104417671,99.86822289156626,98.71674196787149,99.68624497991968,99.20149347389558,99.226593875502,99.20149347389558,99.20149347389558,99.20986027443105,99.33117888219545,0.12131860776439396,84.33117888219545,14.878681392235606,8,True,False,False,,SPACING_BLOCKED,1,False,False,False
TMO,105,0.0,3.0,0.15384615384615385,-0.0,-3.0,-0.15384615384615385,97.56526104417671,99.86822289156626,98.71674196787149,99.68624497991968,99.20149347389558,99.20149347389558,99.20149347389558,99.20149347389558,99.20149347389558,99.33117888219545,0.12968540829986352,84.33117888219545,14.870314591700136,9,True,True,True,3,SELECTED,0,False,False,True
TMO,106,0.0,3.0,0.15384615384615385,-0.0,-3.0,-0.15384615384615385,97.56526104417671,99.86822289156626,98.71674196787149,99.68624497991968,99.20149347389558,99.20149347389558,99.20149347389558,99.16541164658635,99.18946619812584,99.33117888219545,0.1417126840696028,84.33117888219545,14.858287315930397,11,True,False,False,,SPACING_BLOCKED,1,False,False,False
TMO,107,0.0,3.3333333333333335,0.15384615384615385,-0.0,-3.3333333333333335,-0.15384615384615385,97.56526104417671,99.72389558232932,98.64457831325302,99.68624497991968,99.16541164658635,99.20149347389558,99.16541164658635,99.16541164658635,99.17743892235609,99.33117888219545,0.1537399598393563,84.33117888219545,14.846260040160644,17,True,,False,,TOP5_CAP_REACHED,2,False,False,False
TMO,108,0.0,3.3333333333333335,0.15384615384615385,-0.0,-3.3333333333333335,-0.15384615384615385,97.56526104417671,99.72389558232932,98.64457831325302,99.68624497991968,99.16541164658635,99.16541164658635,99.16541164658635,99.35523343373494,99.22868557563586,99.33117888219545,0.10249330655958033,84.33117888219545,14.89750669344042,5,True,False,False,,SPACING_BLOCKED,2,False,False,False
TMO,109,0.0,3.0,0.09090909090909091,-0.0,-3.0,-0.09090909090909091,97.56526104417671,99.86822289156626,98.71674196787149,99.99372489959839,99.35523343373494,99.16541164658635,99.35523343373494,99.3191516064257,99.27993222891565,99.33117888219545,0.051246653279790166,84.33117888219545,14.94875334672021,2,True,False,False,,SPACING_BLOCKED,1,False,False,False
TMO,110,0.0,3.3333333333333335,0.09090909090909091,-0.0,-3.3333333333333335,-0.09090909090909091,97.56526104417671,99.72389558232932,98.64457831325302,99.99372489959839,99.3191516064257,99.35523343373494,99.3191516064257,99.3191516064257,99.33117888219545,99.33117888219545,0.0,84.33117888219545,15.0,1,True,True,True,1,SELECTED,0,False,True,False
