ticker,period,production,select_value,reconstructed,abs_diff
AAPL,30,0.21015890626805045,0.21015890626805045,0.21015890626804823,2.220446049250313e-15
AAPL,27,0.2967032093657167,0.2967032093657167,0.2967032093657189,2.220446049250313e-15
ABT,15,0.2575417321887399,0.2575417321887399,0.2575417321887439,3.9968028886505635e-15
ABT,33,0.03831742281936834,0.03831742281936834,0.038317422819368785,4.440892098500626e-16
ABT,30,0.015573671041246406,0.015573671041246406,0.015573671041245296,1.1102230246251565e-15
ACN,16,0.08298677651701425,0.08298677651701425,0.08298677651701225,1.9984014443252818e-15
ACN,29,0.08442135790424321,0.08442135790424321,0.08442135790424454,1.3322676295501878e-15
ACN,19,-0.022396192387921676,-0.022396192387921676,-0.02239619238792212,4.440892098500626e-16
ACN,33,0.7579228667762596,0.7579228667762596,0.7579228667762574,2.220446049250313e-15
ADBE,19,0.3259426386096209,0.3259426386096209,0.3259426386096198,1.1102230246251565e-15
ADBE,22,0.18872537740404183,0.18872537740404183,0.1887253774040425,6.661338147750939e-16
ADBE,16,0.2787471324314945,0.2787471324314945,0.27874713243149607,1.5543122344752192e-15
ADBE,27,0.0025185094950603837,0.0025185094950603837,0.0025185094950590514,1.3322676295501878e-15
AEP,24,0.23259272502501527,0.23259272502501527,0.2325927250250155,2.220446049250313e-16
AEP,21,0.2341565637299965,0.2341565637299965,0.23415656372999494,1.5543122344752192e-15
AEP,33,0.097517011607136,0.097517011607136,0.09751701160713333,2.6645352591003757e-15
AEP,29,0.19695156365577482,0.19695156365577482,0.19695156365577549,6.661338147750939e-16
AJG,32,0.24273183276544064,0.24273183276544064,0.24273183276544086,2.220446049250313e-16
AJG,16,0.05263593301263603,0.05263593301263603,0.05263593301263625,2.220446049250313e-16
AJG,29,0.22840909101497875,0.22840909101497875,0.22840909101497608,2.6645352591003757e-15
ALSN,28,-0.23729160118091785,-0.23729160118091785,-0.2372916011809192,1.3322676295501878e-15
ALSN,32,-0.23263178759862269,-0.23263178759862269,-0.2326317875986219,7.771561172376096e-16
ALSN,23,-0.08420468196059616,-0.08420468196059616,-0.08420468196059494,1.2212453270876722e-15
ALSN,15,-0.08484413732415808,-0.08484413732415808,-0.08484413732415985,1.7763568394002505e-15
ALSN,20,0.011072826127807023,0.011072826127807023,0.01107282612780991,2.886579864025407e-15
AMAT,15,-0.02505356382659063,-0.02505356382659063,-0.0250535638265883,2.3314683517128287e-15
AMAT,33,0.6647102858405134,0.6647102858405134,0.6647102858405174,3.9968028886505635e-15
AMAT,29,0.3272532878517511,0.3272532878517511,0.3272532878517531,1.9984014443252818e-15
AMAT,26,0.3846365831082521,0.3846365831082521,0.38463658310825055,1.5543122344752192e-15
AMAT,22,-0.13171272449146254,-0.13171272449146254,-0.13171272449146043,2.1094237467877974e-15
AMD,33,1.8390962441242515,1.8390962441242515,1.839096244124259,7.549516567451064e-15
AMD,30,1.8163105648084827,1.8163105648084827,1.8163105648084783,4.440892098500626e-15
AMD,27,1.0201070717775265,1.0201070717775265,1.0201070717775296,3.1086244689504383e-15
AMD,21,0.7327722942446331,0.7327722942446331,0.7327722942446298,3.3306690738754696e-15
ASML,23,-0.12959133905513898,-0.12959133905513898,-0.12959133905514242,3.4416913763379853e-15
ASML,26,-0.0822936818340052,-0.0822936818340052,-0.08229368183400376,1.4432899320127035e-15
ASML,30,-0.06537114565374269,-0.06537114565374269,-0.06537114565374469,1.9984014443252818e-15
ASML,20,-0.39813600100720403,-0.39813600100720403,-0.3981360010072028,1.2212453270876722e-15
ASML,15,-0.36315253548676185,-0.36315253548676185,-0.36315253548676296,1.1102230246251565e-15
AVGO,32,-0.14297933546009634,-0.14297933546009634,-0.14297933546009634,0.0
AVGO,29,-0.3081081396551939,-0.3081081396551939,-0.3081081396551927,1.2212453270876722e-15
BA,31,0.09348157462827289,0.09348157462827289,0.09348157462827,2.886579864025407e-15
BA,28,-0.04222556487092044,-0.04222556487092044,-0.042225564870921994,1.5543122344752192e-15
BA,15,0.12105723299278792,0.12105723299278792,0.12105723299278703,8.881784197001252e-16
BA,23,0.014368938878109194,0.014368938878109194,0.01436893887810764,1.5543122344752192e-15
BAC,26,0.21358141080592286,0.21358141080592286,0.2135814108059253,2.4424906541753444e-15
BAC,15,0.3181645199011285,0.3181645199011285,0.3181645199011285,0.0
BAC,23,0.24197687713919547,0.24197687713919547,0.24197687713919525,2.220446049250313e-16
BAC,29,0.034666495583556056,0.034666495583556056,0.03466649558355517,8.881784197001252e-16
BB,33,2.1279215146088,2.1279215146088,2.1279215146088055,5.329070518200751e-15
BB,30,2.0244911072038057,2.0244911072038057,2.0244911072038105,4.884981308350689e-15
BB,19,1.087428792265106,1.087428792265106,1.0874287922651087,2.6645352591003757e-15
CAT,33,0.49090661083418863,0.49090661083418863,0.49090661083418996,1.3322676295501878e-15
CAT,28,0.26707418582823417,0.26707418582823417,0.26707418582823594,1.7763568394002505e-15
CAT,15,0.2234715208287168,0.2234715208287168,0.22347152082871435,2.4424906541753444e-15
CAT,25,0.19471727228117408,0.19471727228117408,0.19471727228117164,2.4424906541753444e-15
CAT,21,0.051251212399842316,0.051251212399842316,0.05125121239984454,2.220446049250313e-15
CME,33,0.015918995328604524,0.015918995328604524,0.015918995328605412,8.881784197001252e-16
CME,22,0.11448598968282497,0.11448598968282497,0.11448598968282409,8.881784197001252e-16
CME,18,0.08615470794771074,0.08615470794771074,0.08615470794771007,6.661338147750939e-16
CME,15,-0.06697704575204788,-0.06697704575204788,-0.06697704575204877,8.881784197001252e-16
CME,30,-0.013276334918633337,-0.013276334918633337,-0.013276334918632893,4.440892098500626e-16
COST,33,-0.24898255147012682,-0.24898255147012682,-0.2489825514701276,7.771561172376096e-16
COST,24,-0.2242239144000966,-0.2242239144000966,-0.2242239144000976,9.992007221626409e-16
COST,28,-0.24136167968599176,-0.24136167968599176,-0.24136167968599098,7.771561172376096e-16
COST,18,-0.298126061889611,-0.298126061889611,-0.2981260618896129,1.887379141862766e-15
COST,21,-0.19752914450639103,-0.19752914450639103,-0.1975291445063898,1.2212453270876722e-15
CRWD,31,0.6181151343471003,0.6181151343471003,0.6181151343471003,0.0
CRWD,28,0.5414849813284865,0.5414849813284865,0.5414849813284888,2.220446049250313e-15
CRWD,15,0.6045046671653522,0.6045046671653522,0.6045046671653538,1.5543122344752192e-15
CRWD,21,0.37220922943963575,0.37220922943963575,0.3722092294396335,2.220446049250313e-15
CSX,33,0.05427771827056471,0.05427771827056471,0.0542777182705636,1.1102230246251565e-15
CSX,15,0.2592233404625892,0.2592233404625892,0.2592233404625883,8.881784197001252e-16
CSX,26,0.0815050223916336,0.0815050223916336,0.08150502239163449,8.881784197001252e-16
CSX,29,0.13028214590474851,0.13028214590474851,0.13028214590474985,1.3322676295501878e-15
CSX,19,0.21723346169745938,0.21723346169745938,0.21723346169745872,6.661338147750939e-16
CVX,24,0.2012948355149906,0.2012948355149906,0.2012948355149875,3.1086244689504383e-15
CVX,31,0.14518824031637378,0.14518824031637378,0.14518824031637467,8.881784197001252e-16
CVX,27,0.19992704028112285,0.19992704028112285,0.19992704028112618,3.3306690738754696e-15
DECK,26,0.37894133667445273,0.37894133667445273,0.37894133667444807,4.6629367034256575e-15
DECK,17,0.5688791564034383,0.5688791564034383,0.5688791564034366,1.7763568394002505e-15
DECK,29,0.1377687623901107,0.1377687623901107,0.13776876239010716,3.552713678800501e-15
DECK,20,0.2802468681669372,0.2802468681669372,0.2802468681669392,1.9984014443252818e-15
DECK,23,0.03649506259138402,0.03649506259138402,0.036495062591383354,6.661338147750939e-16
DIS,32,0.004768777457969886,0.004768777457969886,0.0047687774579721065,2.220446049250313e-15
DIS,21,-0.1831392632001293,-0.1831392632001293,-0.18313926320012786,1.4432899320127035e-15
DIS,18,-0.14729132087883245,-0.14729132087883245,-0.1472913208788329,4.440892098500626e-16
DIS,28,-0.2049492064182311,-0.2049492064182311,-0.20494920641823045,6.661338147750939e-16
DIS,25,-0.11722441023781716,-0.11722441023781716,-0.1172244102378166,5.551115123125783e-16
DUK,32,0.14148965623931486,0.14148965623931486,0.14148965623931042,4.440892098500626e-15
DUK,27,0.12009419333533988,0.12009419333533988,0.12009419333533677,3.1086244689504383e-15
EOG,23,0.047129853335525995,0.047129853335525995,0.047129853335527994,1.9984014443252818e-15
EOG,31,-0.18074664238578886,-0.18074664238578886,-0.18074664238578797,8.881784197001252e-16
EOG,18,-0.08412548093196037,-0.08412548093196037,-0.0841254809319606,2.220446049250313e-16
EOG,26,-0.1216859765834728,-0.1216859765834728,-0.12168597658347147,1.3322676295501878e-15
ETN,30,-0.47300700948579544,-0.47300700948579544,-0.47300700948579466,7.771561172376096e-16
ETN,25,-0.5737868436503839,-0.5737868436503839,-0.5737868436503837,2.220446049250313e-16
ETN,15,-0.6226864323002682,-0.6226864323002682,-0.6226864323002685,3.3306690738754696e-16
ETN,33,-0.6386663814138196,-0.6386663814138196,-0.6386663814138187,8.881784197001252e-16
FTNT,17,-0.2628272657188109,-0.2628272657188109,-0.26282726571881254,1.6653345369377348e-15
FTNT,32,-0.22683047990395222,-0.22683047990395222,-0.2268304799039511,1.1102230246251565e-15
FTNT,29,-0.26228852816610426,-0.26228852816610426,-0.26228852816610504,7.771561172376096e-16
FTNT,20,-0.2664713611981119,-0.2664713611981119,-0.2664713611981141,2.220446049250313e-15
FTNT,25,-0.3406270723630761,-0.3406270723630761,-0.34062707236307743,1.3322676295501878e-15
GE,20,0.20642213384928776,0.20642213384928776,0.20642213384928887,1.1102230246251565e-15
GE,15,0.28666811680209436,0.28666811680209436,0.2866681168020946,2.220446049250313e-16
GE,28,-0.11262485910320374,-0.11262485910320374,-0.11262485910320319,5.551115123125783e-16
GE,25,-0.017632939094942568,-0.017632939094942568,-0.017632939094942346,2.220446049250313e-16
GOOGL,33,0.6907205431896417,0.6907205431896417,0.6907205431896437,1.9984014443252818e-15
GOOGL,18,0.4333482774848687,0.4333482774848687,0.43334827748486715,1.5543122344752192e-15
GOOGL,29,0.4644935708549556,0.4644935708549556,0.4644935708549578,2.220446049250313e-15
GOOGL,22,0.5929099401258817,0.5929099401258817,0.5929099401258802,1.5543122344752192e-15
GS,33,-0.1349511319677874,-0.1349511319677874,-0.13495113196778874,1.3322676295501878e-15
GS,22,-0.1965634513680824,-0.1965634513680824,-0.19656345136808195,4.440892098500626e-16
GS,25,-0.081561621515017,-0.081561621515017,-0.08156162151501789,8.881784197001252e-16
GS,30,-0.15270193241299512,-0.15270193241299512,-0.15270193241299646,1.3322676295501878e-15
GS,18,-0.3181592021839622,-0.3181592021839622,-0.3181592021839621,1.1102230246251565e-16
HD,23,0.04971713834719327,0.04971713834719327,0.04971713834719482,1.5543122344752192e-15
HD,33,0.07843662878333713,0.07843662878333713,0.07843662878333935,2.220446049250313e-15
HD,26,-0.003921626170136694,-0.003921626170136694,-0.0039216261701348065,1.887379141862766e-15
HD,15,0.12397293571770529,0.12397293571770529,0.12397293571770951,4.218847493575595e-15
HD,20,-0.0598596748747644,-0.0598596748747644,-0.059859674874765956,1.5543122344752192e-15
IBM,33,-0.44174253357945803,-0.44174253357945803,-0.44174253357945825,2.220446049250313e-16
IBM,30,-0.5470856663521975,-0.5470856663521975,-0.5470856663521987,1.2212453270876722e-15
IBM,15,-0.44609936438938924,-0.44609936438938924,-0.4460993643893899,6.661338147750939e-16
IBM,19,-0.5805223551926886,-0.5805223551926886,-0.5805223551926879,6.661338147750939e-16
IBM,27,-0.5623795493795556,-0.5623795493795556,-0.5623795493795567,1.1102230246251565e-15
INTC,32,2.3941518881181976,2.3941518881181976,2.394151888118192,5.773159728050814e-15
INTC,15,1.6782735521081027,1.6782735521081027,1.6782735521080991,3.552713678800501e-15
INTC,26,2.298413443409414,2.298413443409414,2.29841344340941,3.9968028886505635e-15
INTC,18,2.647740705907202,2.647740705907202,2.647740705907196,5.773159728050814e-15
INTC,29,2.1175513593698185,2.1175513593698185,2.117551359369827,8.43769498715119e-15
INTU,27,0.1287329019236494,0.1287329019236494,0.12873290192364584,3.552713678800501e-15
INTU,24,0.17825816145133655,0.17825816145133655,0.17825816145133544,1.1102230246251565e-15
INTU,30,0.28082491522009145,0.28082491522009145,0.28082491522009523,3.774758283725532e-15
INTU,20,-0.01555214398175353,-0.01555214398175353,-0.01555214398175242,1.1102230246251565e-15
JNJ,26,-0.16863324535090862,-0.16863324535090862,-0.1686332453509095,8.881784197001252e-16
JNJ,33,0.22489864829233452,0.22489864829233452,0.22489864829233186,2.6645352591003757e-15
JNJ,17,-0.1263491080799798,-0.1263491080799798,-0.12634910807997946,3.3306690738754696e-16
JNJ,21,-0.16760023949056335,-0.16760023949056335,-0.16760023949056435,9.992007221626409e-16
JNJ,30,0.05734071688629405,0.05734071688629405,0.057340716886296494,2.4424906541753444e-15
KMB,15,-0.2515207763433861,-0.2515207763433861,-0.25152077634338443,1.6653345369377348e-15
KMB,25,-0.2014828402771588,-0.2014828402771588,-0.20148284027715935,5.551115123125783e-16
KMB,18,-0.361568806126624,-0.361568806126624,-0.36156880612662423,2.220446049250313e-16
KMB,33,-0.002409926537349283,-0.002409926537349283,-0.0024099265373478396,1.4432899320127035e-15
KMB,22,-0.23008693280211512,-0.23008693280211512,-0.23008693280211545,3.3306690738754696e-16
KO,31,0.024235862091644966,0.024235862091644966,0.024235862091644966,0.0
KO,15,0.006825773894135745,0.006825773894135745,0.006825773894136855,1.1102230246251565e-15
KO,26,0.004463539059858412,0.004463539059858412,0.004463539059858412,0.0
KO,23,0.019864344967885472,0.019864344967885472,0.019864344967886804,1.3322676295501878e-15
KO,18,0.02407719081169013,0.02407719081169013,0.024077190811688576,1.5543122344752192e-15
LCII,33,1.1499981515281443,1.1499981515281443,1.1499981515281452,8.881784197001252e-16
LLY,33,-0.005870460382963016,-0.005870460382963016,-0.005870460382964016,9.992007221626409e-16
LLY,16,-0.213433342081929,-0.213433342081929,-0.213433342081928,9.992007221626409e-16
LMT,15,0.7405294419736552,0.7405294419736552,0.7405294419736534,1.7763568394002505e-15
LMT,26,0.5216686572017106,0.5216686572017106,0.5216686572017062,4.440892098500626e-15
LMT,33,0.460751231746225,0.460751231746225,0.46075123174622323,1.7763568394002505e-15
LMT,18,0.5218337558527104,0.5218337558527104,0.5218337558527133,2.886579864025407e-15
LULU,17,-0.46063898425215133,-0.46063898425215133,-0.46063898425215044,8.881784197001252e-16
LULU,20,-0.5219126662945368,-0.5219126662945368,-0.5219126662945377,8.881784197001252e-16
LULU,28,-0.44015667727943675,-0.44015667727943675,-0.4401566772794375,7.771561172376096e-16
META,31,-0.36422294357368035,-0.36422294357368035,-0.36422294357367946,8.881784197001252e-16
META,20,-0.05030210588510642,-0.05030210588510642,-0.05030210588510575,6.661338147750939e-16
META,28,-0.42217700594776886,-0.42217700594776886,-0.42217700594776797,8.881784197001252e-16
MLR,15,-0.5592707340958056,-0.5592707340958056,-0.5592707340958043,1.3322676295501878e-15
MLR,18,-0.5582072158406464,-0.5582072158406464,-0.558207215840647,6.661338147750939e-16
MLR,21,-0.6406639618705061,-0.6406639618705061,-0.640663961870507,8.881784197001252e-16
MLR,24,-0.6674560301083624,-0.6674560301083624,-0.6674560301083629,4.440892098500626e-16
MLR,33,-0.5304640207215309,-0.5304640207215309,-0.5304640207215306,2.220446049250313e-16
MMS,28,-0.022398587866305553,-0.022398587866305553,-0.022398587866304,1.5543122344752192e-15
MMS,31,0.22744707280713494,0.22744707280713494,0.22744707280713228,2.6645352591003757e-15
MMS,18,-0.380287347005308,-0.380287347005308,-0.38028734700530953,1.5543122344752192e-15
MMS,25,-0.06876789406043149,-0.06876789406043149,-0.06876789406043082,6.661338147750939e-16
MMS,22,-0.4613600415206376,-0.4613600415206376,-0.4613600415206385,8.881784197001252e-16
MP,32,-0.36669141873881883,-0.36669141873881883,-0.36669141873881983,9.992007221626409e-16
MP,28,-0.3336142575370149,-0.3336142575370149,-0.33361425753701346,1.4432899320127035e-15
MP,15,0.3878881753755139,0.3878881753755139,0.387888175375511,2.886579864025407e-15
MP,18,0.10322371272444109,0.10322371272444109,0.10322371272444508,3.9968028886505635e-15
MP,21,-0.22433216887666718,-0.22433216887666718,-0.22433216887666518,1.9984014443252818e-15
MSFT,32,0.33091904331728794,0.33091904331728794,0.3309190433172937,5.773159728050814e-15
MSFT,29,0.15733256221362657,0.15733256221362657,0.1573325622136279,1.3322676295501878e-15
MU,26,2.3775873316405214,2.3775873316405214,2.3775873316405174,3.9968028886505635e-15
MU,29,3.732715070842813,3.732715070842813,3.732715070842807,6.217248937900877e-15
MU,33,2.5505411299725504,2.5505411299725504,2.5505411299725442,6.217248937900877e-15
NFLX,15,0.04641494508949484,0.04641494508949484,0.04641494508949595,1.1102230246251565e-15
NFLX,32,0.45092504135798483,0.45092504135798483,0.4509250413579846,2.220446049250313e-16
NFLX,28,0.41211768733199294,0.41211768733199294,0.41211768733199405,1.1102230246251565e-15
NFLX,18,0.011956018218758357,0.011956018218758357,0.011956018218759468,1.1102230246251565e-15
NKE,20,-0.27950967538958915,-0.27950967538958915,-0.2795096753895884,7.771561172376096e-16
NKE,17,-0.42793433654906887,-0.42793433654906887,-0.427934336549067,1.887379141862766e-15
NKE,23,-0.2754225454946334,-0.2754225454946334,-0.2754225454946333,1.1102230246251565e-16
NKE,28,-0.35378596509857174,-0.35378596509857174,-0.35378596509856997,1.7763568394002505e-15
NOK,30,0.9820844524800263,0.9820844524800263,0.982084452480023,3.3306690738754696e-15
NOK,19,1.3123799618484848,1.3123799618484848,1.3123799618484835,1.3322676295501878e-15
NOK,27,0.8266018573893537,0.8266018573893537,0.8266018573893548,1.1102230246251565e-15
NU,28,-0.22014919314256187,-0.22014919314256187,-0.22014919314256254,6.661338147750939e-16
NU,16,-0.17922164074383384,-0.17922164074383384,-0.1792216407438345,6.661338147750939e-16
NU,25,-0.24832417016671493,-0.24832417016671493,-0.24832417016671504,1.1102230246251565e-16
NU,20,-0.0991865308794867,-0.0991865308794867,-0.09918653087948548,1.2212453270876722e-15
NU,31,-0.2933540392924676,-0.2933540392924676,-0.2933540392924652,2.4424906541753444e-15
NVO,28,0.6569315672944545,0.6569315672944545,0.6569315672944493,5.10702591327572e-15
NVO,16,0.363979350360671,0.363979350360671,0.363979350360671,0.0
NVO,19,0.7705734541926401,0.7705734541926401,0.7705734541926386,1.5543122344752192e-15
NVO,25,0.34527591027454774,0.34527591027454774,0.34527591027454285,4.884981308350689e-15
NVO,31,0.692151776526206,0.692151776526206,0.6921517765262066,6.661338147750939e-16
ODFL,15,0.5407750495724797,0.5407750495724797,0.5407750495724823,2.6645352591003757e-15
ODFL,18,0.32158327979134693,0.32158327979134693,0.3215832797913474,4.440892098500626e-16
ODFL,23,0.2610067443566608,0.2610067443566608,0.2610067443566604,4.440892098500626e-16
PEP,22,0.03245744803866213,0.03245744803866213,0.032457448038661685,4.440892098500626e-16
PEP,25,-0.07899130596733273,-0.07899130596733273,-0.07899130596733173,9.992007221626409e-16
PEP,17,-0.09905000799186281,-0.09905000799186281,-0.09905000799186559,2.7755575615628914e-15
PGR,33,-0.2671249699759589,-0.2671249699759589,-0.2671249699759599,9.992007221626409e-16
PGR,30,-0.3308900863890404,-0.3308900863890404,-0.3308900863890416,1.2212453270876722e-15
PGR,15,-0.37361064581447034,-0.37361064581447034,-0.37361064581447023,1.1102230246251565e-16
PGR,27,-0.3323121995863628,-0.3323121995863628,-0.33231219958636293,1.1102230246251565e-16
PGR,18,-0.41896477578563196,-0.41896477578563196,-0.4189647757856324,4.440892098500626e-16
PLTR,31,-0.4575584193744847,-0.4575584193744847,-0.45755841937448405,6.661338147750939e-16
PLTR,17,-0.2681434426324002,-0.2681434426324002,-0.26814344263240086,6.661338147750939e-16
PLTR,22,-0.5229013254214288,-0.5229013254214288,-0.5229013254214283,4.440892098500626e-16
PLTR,25,-0.6812555264177216,-0.6812555264177216,-0.681255526417722,4.440892098500626e-16
PYPL,21,0.14805791681760327,0.14805791681760327,0.14805791681760372,4.440892098500626e-16
PYPL,18,-0.3353177931080561,-0.3353177931080561,-0.33531779310805465,1.4432899320127035e-15
PYPL,24,-0.0779188991914801,-0.0779188991914801,-0.07791889919147854,1.5543122344752192e-15
QCOM,32,1.1839608099716483,1.1839608099716483,1.1839608099716465,1.7763568394002505e-15
QCOM,29,1.2005059062177281,1.2005059062177281,1.2005059062177241,3.9968028886505635e-15
QCOM,26,1.259316867078664,1.259316867078664,1.2593168670786685,4.440892098500626e-15
ROST,28,0.3454426658656462,0.3454426658656462,0.3454426658656451,1.1102230246251565e-15
ROST,25,0.42727905347369344,0.42727905347369344,0.42727905347369854,5.10702591327572e-15
ROST,22,0.46930126572872166,0.46930126572872166,0.4693012657287232,1.5543122344752192e-15
ROST,31,0.19311495659736444,0.19311495659736444,0.1931149565973671,2.6645352591003757e-15
RRX,21,0.08129133561271162,0.08129133561271162,0.08129133561271029,1.3322676295501878e-15
RRX,32,-0.3787491096469646,-0.3787491096469646,-0.37874910964696407,5.551115123125783e-16
RRX,28,-0.3546561098319031,-0.3546561098319031,-0.3546561098319029,2.220446049250313e-16
RRX,18,-0.005542269289780188,-0.005542269289780188,-0.005542269289779078,1.1102230246251565e-15
RRX,15,-0.3004887523924895,-0.3004887523924895,-0.3004887523924873,2.220446049250313e-15
RTX,32,0.10915380112148942,0.10915380112148942,0.10915380112149187,2.4424906541753444e-15
RTX,27,0.23735380911740234,0.23735380911740234,0.23735380911740056,1.7763568394002505e-15
RTX,24,0.1695116935324643,0.1695116935324643,0.1695116935324643,0.0
SAIC,31,0.3226604412084231,0.3226604412084231,0.3226604412084286,5.551115123125783e-15
SAIC,17,0.13296001716979866,0.13296001716979866,0.13296001716980133,2.6645352591003757e-15
SAIC,23,-0.07014799396351346,-0.07014799396351346,-0.07014799396351146,1.9984014443252818e-15
SBUX,33,-0.1837087462834761,-0.1837087462834761,-0.1837087462834751,9.992007221626409e-16
SBUX,30,-0.24052140165808478,-0.24052140165808478,-0.24052140165808666,1.887379141862766e-15
SBUX,19,-0.4241260748310267,-0.4241260748310267,-0.42412607483102727,5.551115123125783e-16
SCHW,33,-0.023151857459358882,-0.023151857459358882,-0.02315185745935988,9.992007221626409e-16
SCHW,30,-0.023867477605102883,-0.023867477605102883,-0.023867477605100218,2.6645352591003757e-15
SCHW,27,-0.045100891204099325,-0.045100891204099325,-0.045100891204099436,1.1102230246251565e-16
SCHW,24,-0.07789115677884384,-0.07789115677884384,-0.07789115677884262,1.2212453270876722e-15
SFM,21,0.3268425761200422,0.3268425761200422,0.32684257612004,2.220446049250313e-15
SFM,33,0.36272897823833183,0.36272897823833183,0.3627289782383347,2.886579864025407e-15
SFM,18,0.20596945952919898,0.20596945952919898,0.20596945952920143,2.4424906541753444e-15
SFM,15,0.20925817180833417,0.20925817180833417,0.20925817180833706,2.886579864025407e-15
SMCI,24,0.5219972559043173,0.5219972559043173,0.5219972559043196,2.220446049250313e-15
SMCI,27,-0.05954321680734287,-0.05954321680734287,-0.059543216807342425,4.440892098500626e-16
SMCI,21,0.42767687384545994,0.42767687384545994,0.42767687384546127,1.3322676295501878e-15
SMCI,31,0.05013878437699204,0.05013878437699204,0.05013878437699382,1.7763568394002505e-15
SMCI,16,0.10135970053780996,0.10135970053780996,0.10135970053781307,3.1086244689504383e-15
SOFI,28,-0.4586953064186392,-0.4586953064186392,-0.45869530641864054,1.3322676295501878e-15
SOFI,20,-0.22254972673928042,-0.22254972673928042,-0.22254972673927953,8.881784197001252e-16
SOFI,17,-0.2395641925616394,-0.2395641925616394,-0.2395641925616412,1.7763568394002505e-15
SOFI,25,-0.4229931196745512,-0.4229931196745512,-0.4229931196745499,1.3322676295501878e-15
SOFI,31,-0.4635592659271257,-0.4635592659271257,-0.4635592659271237,1.9984014443252818e-15
SSD,15,0.30551259879967496,0.30551259879967496,0.3055125987996734,1.5543122344752192e-15
SSD,18,0.14787067832129774,0.14787067832129774,0.1478706783212962,1.5543122344752192e-15
SSD,22,-0.056261280245073375,-0.056261280245073375,-0.056261280245072376,9.992007221626409e-16
TGT,15,-0.05132773272186819,-0.05132773272186819,-0.05132773272186997,1.7763568394002505e-15
TMO,22,0.40694916646804136,0.40694916646804136,0.406949166468046,4.6629367034256575e-15
TMO,16,0.434625428351755,0.434625428351755,0.4346254283517528,2.220446049250313e-15
TMO,19,0.4381014557620846,0.4381014557620846,0.4381014557620846,0.0
TMO,33,0.44194728065234146,0.44194728065234146,0.44194728065234057,8.881784197001252e-16
TMO,25,0.2877393937949637,0.2877393937949637,0.2877393937949613,2.4424906541753444e-15
TSCO,33,0.05678487396705223,0.05678487396705223,0.05678487396705223,0.0
TSCO,29,0.06602798756338535,0.06602798756338535,0.06602798756338557,2.220446049250313e-16
TSCO,25,0.04442542020962037,0.04442542020962037,0.04442542020962281,2.4424906541753444e-15
TSCO,16,-0.26022728655700345,-0.26022728655700345,-0.2602272865570049,1.4432899320127035e-15
TSCO,22,-0.051275124191185295,-0.051275124191185295,-0.051275124191186516,1.2212453270876722e-15
TSLA,32,-0.0001068086083196862,-0.0001068086083196862,-0.00010680860831790984,1.7763568394002505e-15
TSLA,27,0.12086695237468326,0.12086695237468326,0.1208669523746777,5.551115123125783e-15
TSM,15,-0.4028418427739311,-0.4028418427739311,-0.40284184277392954,1.5543122344752192e-15
TSM,22,-0.23986462417257481,-0.23986462417257481,-0.23986462417257504,2.220446049250313e-16
TSM,18,-0.3496610425312019,-0.3496610425312019,-0.3496610425312018,1.1102230246251565e-16
TSM,28,-0.39169396069923534,-0.39169396069923534,-0.3916939606992339,1.4432899320127035e-15
TSM,25,-0.25999814710822056,-0.25999814710822056,-0.2599981471082201,4.440892098500626e-16
TTC,33,-0.1578820020385968,-0.1578820020385968,-0.15788200203859548,1.3322676295501878e-15
TTC,26,-0.11551736106684607,-0.11551736106684607,-0.11551736106684551,5.551115123125783e-16
TTC,23,-0.23479912705294514,-0.23479912705294514,-0.23479912705294304,2.1094237467877974e-15
TTC,30,-0.11175798138351922,-0.11175798138351922,-0.11175798138351811,1.1102230246251565e-15
TTC,17,-0.2815665313245901,-0.2815665313245901,-0.28156653132458864,1.4432899320127035e-15
TXRH,15,-0.03230063567455965,-0.03230063567455965,-0.032300635674559985,3.3306690738754696e-16
TXRH,18,-0.02278061021769673,-0.02278061021769673,-0.022780610217697173,4.440892098500626e-16
TXRH,25,-0.08050080356180012,-0.08050080356180012,-0.080500803561802,1.887379141862766e-15
TXRH,21,0.0572087241899224,0.0572087241899224,0.05720872418992151,8.881784197001252e-16
TXRH,29,0.047982693771807305,0.047982693771807305,0.047982693771807305,0.0
UHS,30,0.6539526862137157,0.6539526862137157,0.6539526862137099,5.773159728050814e-15
UHS,33,0.6713169612892924,0.6713169612892924,0.6713169612892953,2.886579864025407e-15
UHS,27,0.28284632648731267,0.28284632648731267,0.28284632648731467,1.9984014443252818e-15
ULTA,27,0.2296162403556945,0.2296162403556945,0.22961624035569916,4.6629367034256575e-15
ULTA,24,0.12945650292352995,0.12945650292352995,0.12945650292353195,1.9984014443252818e-15
ULTA,17,0.03734504057494914,0.03734504057494914,0.03734504057494581,3.3306690738754696e-15
UNH,33,0.06813285592168983,0.06813285592168983,0.06813285592168628,3.552713678800501e-15
UNP,26,0.22753611448799105,0.22753611448799105,0.22753611448798883,2.220446049250313e-15
UNP,17,0.4412898675722938,0.4412898675722938,0.44128986757229516,1.3322676295501878e-15
UNP,29,0.1120064829783336,0.1120064829783336,0.11200648297833293,6.661338147750939e-16
UNP,23,0.27965850335551856,0.27965850335551856,0.2796585033555177,8.881784197001252e-16
UNP,20,0.25084198234569444,0.25084198234569444,0.25084198234569777,3.3306690738754696e-15
UPS,32,0.6126280020906536,0.6126280020906536,0.6126280020906514,2.220446049250313e-15
UPS,29,0.6342292213061296,0.6342292213061296,0.6342292213061282,1.3322676295501878e-15
UPS,23,0.4780109718040575,0.4780109718040575,0.4780109718040588,1.3322676295501878e-15
WDFC,28,-0.05976779603446569,-0.05976779603446569,-0.059767796034468135,2.4424906541753444e-15
WDFC,15,-0.09037873070859692,-0.09037873070859692,-0.0903787307085957,1.2212453270876722e-15
WDFC,25,-0.1304306491408349,-0.1304306491408349,-0.1304306491408347,2.220446049250313e-16
WDFC,19,-0.10976147744179354,-0.10976147744179354,-0.10976147744179265,8.881784197001252e-16
WDFC,31,-0.14570823967754276,-0.14570823967754276,-0.14570823967754387,1.1102230246251565e-15
WMT,32,-0.21182312043745088,-0.21182312043745088,-0.21182312043745422,3.3306690738754696e-15
WMT,29,-0.20207554043120957,-0.20207554043120957,-0.2020755404312088,7.771561172376096e-16
WMT,26,-0.22361238154719276,-0.22361238154719276,-0.22361238154719287,1.1102230246251565e-16
WMT,23,-0.3206535388390527,-0.3206535388390527,-0.3206535388390518,8.881784197001252e-16
WSO,32,0.1688110673370291,0.1688110673370291,0.16881106733702844,6.661338147750939e-16
WSO,29,0.21587008263180052,0.21587008263180052,0.21587008263180407,3.552713678800501e-15
ZTS,15,-0.10162573842690203,-0.10162573842690203,-0.10162573842690314,1.1102230246251565e-15
ZTS,18,-0.17191943911452945,-0.17191943911452945,-0.17191943911452912,3.3306690738754696e-16
