variant,scope,n,shorter,same,longer,mean_shift,median_shift,sign_test_p,mean_finalists,median_finalists,all_survive,all_survive_multi,multi_cand,gt_exact,gt_pm1,gt_pm2,gt_pm3,gt_n,gt_mean_distance,gt_median_distance,gt_gt5,gt_improved,gt_same,gt_worsened,gt_changed,gt_mean_diff,gt_ci_lo,gt_ci_hi,gt_miss_to_hit,gt_hit_to_miss,gt_mcnemar_p
CURRENT_RULE_B,labelled (61),61,17,35,9,-1.4098360655737705,0.0,0.16863754391670227,1.4918032786885247,1.0,4.0,2.0,59.0,5.0,15.0,23.0,34.0,61.0,4.655737704918033,3.0,20.0,0.0,61.0,0.0,0.0,0.0,0.0,0.0,0.0,0.0,1.0
CURRENT_RULE_B,all (83),83,22,49,12,-1.0843373493975903,0.0,0.12144948495551944,1.5903614457831325,1.0,6.0,3.0,80.0,,,,,,,,,,,,,,,,,,
CA95_L10,labelled (61),61,0,60,1,0.11475409836065574,0.0,1.0,3.262295081967213,3.0,38.0,36.0,59.0,5.0,17.0,21.0,28.0,61.0,5.475409836065574,4.0,26.0,9.0,36.0,16.0,25.0,0.819672131147541,-0.13114754098360656,1.8360655737704918,5.0,7.0,0.7744140625
CA95_L10,all (83),83,1,81,1,-0.012048192771084338,0.0,1.0,3.289156626506024,3.0,51.0,48.0,80.0,,,,,,,,,,,,,,,,,,
CA90_L10,labelled (61),61,1,56,4,0.36065573770491804,0.0,0.375,2.918032786885246,3.0,26.0,24.0,59.0,6.0,17.0,22.0,29.0,61.0,5.442622950819672,4.0,26.0,8.0,39.0,14.0,22.0,0.7868852459016393,-0.08196721311475409,1.7217213114754037,4.0,5.0,1.0
CA90_L10,all (83),83,3,75,5,0.18072289156626506,0.0,0.7265625,2.9397590361445785,3.0,37.0,34.0,80.0,,,,,,,,,,,,,,,,,,
CA95_L5,labelled (61),61,0,60,1,0.11475409836065574,0.0,1.0,3.278688524590164,3.0,39.0,37.0,59.0,5.0,17.0,21.0,28.0,61.0,5.475409836065574,4.0,26.0,9.0,36.0,16.0,25.0,0.819672131147541,-0.13114754098360656,1.8360655737704918,5.0,7.0,0.7744140625
CA95_L5,all (83),83,1,81,1,-0.012048192771084338,0.0,1.0,3.3132530120481927,3.0,52.0,49.0,80.0,,,,,,,,,,,,,,,,,,
CA95_L20,labelled (61),61,0,60,1,0.11475409836065574,0.0,1.0,3.2459016393442623,3.0,37.0,35.0,59.0,5.0,17.0,21.0,28.0,61.0,5.475409836065574,4.0,26.0,9.0,36.0,16.0,25.0,0.819672131147541,-0.13114754098360656,1.8360655737704918,5.0,7.0,0.7744140625
CA95_L20,all (83),83,2,80,1,-0.21686746987951808,0.0,1.0,3.2771084337349397,3.0,51.0,48.0,80.0,,,,,,,,,,,,,,,,,,
POSTHOC_10PT_10PP_RESCUE,labelled (61),61,17,35,9,-1.4098360655737705,0.0,0.16863754391670227,,,,,,5.0,15.0,23.0,34.0,61.0,4.655737704918033,3.0,20.0,0.0,61.0,0.0,0.0,0.0,0.0,0.0,0.0,0.0,1.0
POSTHOC_10PT_10PP_RESCUE,all (83),83,22,49,12,-1.0843373493975903,0.0,0.12144948495551944,,,,,,,,,,,,,,,,,,,,,,,
