ticker,user_MAs,candidates,n_candidates,structural_best,CURRENT_RULE_B_final,CURRENT_RULE_B_finalists,CURRENT_RULE_B_n_finalists,CURRENT_RULE_B_distance,CA95_L10_final,CA95_L10_finalists,CA95_L10_n_finalists,CA95_L10_distance,CA90_L10_final,CA90_L10_finalists,CA90_L10_n_finalists,CA90_L10_distance,CA95_L5_final,CA95_L5_finalists,CA95_L5_n_finalists,CA95_L5_distance,CA95_L20_final,CA95_L20_finalists,CA95_L20_n_finalists,CA95_L20_distance,POSTHOC_10PT_10PP_RESCUE_final,POSTHOC_10PT_10PP_RESCUE_distance,P_gap_gt5pp_L10,P_bootstrap_best_L10,P_gap_gt5pp_L5,P_bootstrap_best_L5,P_gap_gt5pp_L20,P_bootstrap_best_L20
AAPL,24,"30(s68.24,r+21.0%,n15) 27(s65.85,r+29.7%,n14)",2,30,27,27,1,3,30,30 27,2,6,30,30 27,2,6,30,30 27,2,6,30,30 27,2,6,27,3,30:0.682 27:0.015,30:0.086 27:0.914,30:0.678 27:0.024,30:0.103 27:0.897,30:0.678 27:0.007,30:0.077 27:0.923
ABT,,"15(s50.49,r+25.8%,n22) 33(s42.16,r+3.8%,n20) 30(s41.26,r+1.6%,n22)",3,15,15,15,1,,15,15 33 30,3,,15,15 33 30,3,,15,15 33 30,3,,15,15 33 30,3,,15,,15:0.054 33:0.873 30:0.891,15:0.901 33:0.048 30:0.051,15:0.065 33:0.857 30:0.885,15:0.886 33:0.062 30:0.052,15:0.036 33:0.909 30:0.897,15:0.927 33:0.025 30:0.048
ACN,25 27 32,"16(s43.87,r+8.3%,n39) 29(s31.60,r+8.4%,n34) 19(s30.61,r-2.2%,n38) 33(s29.19,r+75.8%,n22)",4,16,33,33,1,1,16,16 33,2,9,33,33,1,1,16,16 33,2,9,16,16 33,2,9,33,1,16:0.917 29:0.974 19:0.987 33:0.067,16:0.065 29:0.014 19:0.006 33:0.915,16:0.905 29:0.977 19:0.980 33:0.077,16:0.074 29:0.014 19:0.011 33:0.901,16:0.925 29:0.978 19:0.991 33:0.060,16:0.059 29:0.013 19:0.004 33:0.924
ADBE,20,"19(s73.86,r+32.6%,n25) 22(s73.16,r+18.9%,n24) 16(s67.41,r+27.9%,n31) 27(s64.59,r+0.3%,n24)",4,19,19,19 16,2,1,19,19 22 16 27,4,1,19,19 22 16,3,1,19,19 22 16 27,4,1,19,19 22 16,3,1,19,1,19:0.287 22:0.876 16:0.473 27:0.940,19:0.539 22:0.041 16:0.385 27:0.035,19:0.303 22:0.862 16:0.473 27:0.933,19:0.518 22:0.051 16:0.391 27:0.039,19:0.276 22:0.875 16:0.466 27:0.968,19:0.558 22:0.038 16:0.387 27:0.016
AEP,33,"24(s69.32,r+23.3%,n14) 21(s62.19,r+23.4%,n15) 33(s57.16,r+9.8%,n14) 29(s56.66,r+19.7%,n11)",4,24,24,24 21 29,3,9,24,24 21 33 29,4,9,24,24 21 29,3,9,24,24 21 33 29,4,9,24,24 21 33 29,4,9,24,9,24:0.365 21:0.286 33:0.903 29:0.555,24:0.291 21:0.468 33:0.014 29:0.227,24:0.377 21:0.305 33:0.902 29:0.555,24:0.293 21:0.465 33:0.020 29:0.222,24:0.332 21:0.273 33:0.946 29:0.565,24:0.315 21:0.466 33:0.004 29:0.215
AJG,,"32(s61.98,r+24.3%,n19) 16(s52.67,r+5.3%,n30) 29(s52.29,r+22.8%,n23)",3,32,32,32 29,2,,32,32 16 29,3,,32,32 16 29,3,,32,32 16 29,3,,32,32 16 29,3,,32,,32:0.457 16:0.777 29:0.508,32:0.446 16:0.169 29:0.385,32:0.437 16:0.782 29:0.510,32:0.459 16:0.162 29:0.379,32:0.444 16:0.817 29:0.474,32:0.467 16:0.127 29:0.406
ALSN,19 32,"28(s50.21,r-23.7%,n32) 32(s44.98,r-23.3%,n30) 23(s44.78,r-8.4%,n37) 15(s37.10,r-8.5%,n38) 20(s36.08,r+1.1%,n34)",5,28,20,20,1,1,28,28 32 23 15 20,5,4,32,32 23 15 20,4,0,28,28 32 23 15 20,5,4,28,28 32 23 15 20,5,4,20,1,28:0.929 32:0.847 23:0.771 15:0.576 20:0.335,28:0.021 32:0.098 23:0.081 15:0.321 20:0.478,28:0.931 32:0.862 23:0.785 15:0.588 20:0.328,28:0.022 32:0.084 23:0.074 15:0.314 20:0.506,28:0.926 32:0.826 23:0.763 15:0.582 20:0.359,28:0.023 32:0.118 23:0.088 15:0.321 20:0.449
AMAT,,"15(s57.92,r-2.5%,n42) 33(s56.87,r+66.5%,n23) 29(s52.33,r+32.7%,n29) 26(s51.23,r+38.5%,n34) 22(s50.99,r-13.2%,n39)",5,15,33,33,1,,15,15 33 29 26,4,,33,33 26,2,,15,15 33 29 26,4,,15,15 33 26 22,4,,33,,15:0.927 33:0.324 29:0.937 26:0.719 22:0.961,15:0.057 33:0.638 29:0.040 26:0.236 22:0.030,15:0.913 33:0.339 29:0.909 26:0.734 22:0.966,15:0.072 33:0.619 29:0.063 26:0.223 22:0.023,15:0.939 33:0.309 29:0.969 26:0.712 22:0.948,15:0.048 33:0.654 29:0.014 26:0.245 22:0.039
AMD,32,"33(s72.46,r+183.9%,n25) 30(s70.72,r+181.6%,n29) 27(s59.06,r+102.0%,n39) 21(s58.13,r+73.3%,n48)",4,33,33,33 30,2,1,33,33 30,2,1,33,33 30,2,1,33,33 30,2,1,33,33 30,2,1,33,1,33:0.396 30:0.456 27:0.976 21:0.988,33:0.521 30:0.453 27:0.017 21:0.009,33:0.396 30:0.478 27:0.978 21:0.979,33:0.530 30:0.438 27:0.016 21:0.017,33:0.387 30:0.444 27:0.977 21:0.995,33:0.522 30:0.459 27:0.015 21:0.003
ASML,24,"23(s57.93,r-13.0%,n31) 26(s54.24,r-8.2%,n30) 30(s51.89,r-6.5%,n29) 20(s49.74,r-39.8%,n42) 15(s49.14,r-36.3%,n47)",5,23,26,26 30,2,2,23,23 26 30 15,4,1,23,23 26 30 15,4,1,23,23 26 30 15,4,1,23,23 26 30 15,4,1,26,2,23:0.617 26:0.547 30:0.445 20:0.992 15:0.897,23:0.264 26:0.279 30:0.389 20:0.002 15:0.066,23:0.631 26:0.560 30:0.464 20:0.993 15:0.883,23:0.253 26:0.281 30:0.387 20:0.002 15:0.077,23:0.605 26:0.511 30:0.451 20:0.994 15:0.940,23:0.275 26:0.317 30:0.377 20:0.002 15:0.029
AVGO,29,"32(s58.78,r-14.3%,n30) 29(s44.75,r-30.8%,n40)",2,32,32,32,1,3,32,32 29,2,3,32,32,1,3,32,32 29,2,3,32,32 29,2,3,32,3,32:0.005 29:0.908,32:0.979 29:0.021,32:0.008 29:0.882,32:0.967 29:0.033,32:0.003 29:0.928,32:0.982 29:0.018
BA,,"31(s52.77,r+9.3%,n21) 28(s46.53,r-4.2%,n27) 15(s40.82,r+12.1%,n32) 23(s38.31,r+1.4%,n29)",4,31,31,31 15,2,,31,31 15 23,3,,31,31 15 23,3,,31,31 15 23,3,,31,31 15 23,3,,31,,31:0.526 28:0.977 15:0.428 23:0.824,31:0.391 28:0.002 15:0.497 23:0.111,31:0.516 28:0.973 15:0.415 23:0.829,31:0.395 28:0.002 15:0.502 23:0.101,31:0.535 28:0.978 15:0.433 23:0.804,31:0.380 28:0.002 15:0.491 23:0.127
BAC,17 22,"26(s68.21,r+21.4%,n18) 15(s61.45,r+31.8%,n22) 23(s57.56,r+24.2%,n18) 29(s56.44,r+3.5%,n20)",4,26,15,15,1,2,26,26 15 23,3,4,26,26 15 23,3,4,26,26 15 23,3,4,26,26 15 23,3,4,15,2,26:0.783 15:0.275 23:0.612 29:0.986,26:0.100 15:0.637 23:0.263 29:0.001,26:0.754 15:0.276 23:0.624 29:0.976,26:0.121 15:0.628 23:0.247 29:0.004,26:0.783 15:0.267 23:0.616 29:0.992,26:0.101 15:0.640 23:0.259 29:0.000
BB,17,"33(s67.03,r+212.8%,n15) 30(s54.00,r+202.4%,n20) 19(s53.62,r+108.7%,n35)",3,33,33,33,1,16,33,33 30 19,3,16,33,33 30 19,3,16,33,33 30 19,3,16,33,33 30 19,3,16,33,16,33:0.431 30:0.632 19:0.826,33:0.520 30:0.317 19:0.162,33:0.424 30:0.626 19:0.834,33:0.526 30:0.321 19:0.153,33:0.431 30:0.636 19:0.827,33:0.525 30:0.314 19:0.161
CAT,,"33(s49.25,r+49.1%,n16) 28(s48.67,r+26.7%,n25) 15(s41.57,r+22.3%,n29) 25(s41.50,r+19.5%,n27) 21(s36.14,r+5.1%,n33)",5,33,33,33,1,,33,33 28 15 25,4,,33,33 28 15,3,,33,33 28 15 25,4,,33,33 28 15 25,4,,33,,33:0.340 28:0.865 15:0.716 25:0.932 21:0.978,33:0.619 28:0.087 15:0.246 25:0.036 21:0.012,33:0.336 28:0.853 15:0.732 25:0.918 21:0.980,33:0.616 28:0.098 15:0.231 25:0.045 21:0.010,33:0.348 28:0.862 15:0.710 25:0.941 21:0.981,33:0.614 28:0.093 15:0.253 25:0.029 21:0.011
CME,21,"33(s39.70,r+1.6%,n19) 22(s35.28,r+11.4%,n21) 18(s34.12,r+8.6%,n25) 15(s33.31,r-6.7%,n32) 30(s33.06,r-1.3%,n21)",5,33,22,22 18,2,1,33,33 22 18 15 30,5,12,33,33 22 18 15 30,5,12,33,33 22 18 15 30,5,12,33,33 22 18 15 30,5,12,22,1,33:0.744 22:0.370 18:0.491 15:0.870 30:0.837,33:0.125 22:0.414 18:0.334 15:0.069 30:0.059,33:0.743 22:0.402 18:0.505 15:0.868 30:0.846,33:0.136 22:0.399 18:0.339 15:0.070 30:0.056,33:0.759 22:0.343 18:0.491 15:0.871 30:0.841,33:0.111 22:0.438 18:0.330 15:0.067 30:0.054
COST,,"33(s32.03,r-24.9%,n23) 24(s30.68,r-22.4%,n25) 28(s29.44,r-24.1%,n25) 18(s24.06,r-29.8%,n30) 21(s23.67,r-19.8%,n25)",5,33,24,24 28 21,3,,33,33 24 28 18 21,5,,33,33 24 28 18 21,5,,33,33 24 28 18 21,5,,33,33 24 28 18 21,5,,24,,33:0.562 24:0.420 28:0.553 18:0.827 21:0.170,33:0.195 24:0.189 28:0.019 18:0.027 21:0.570,33:0.560 24:0.420 28:0.564 18:0.828 21:0.164,33:0.200 24:0.168 28:0.030 18:0.025 21:0.577,33:0.560 24:0.424 28:0.554 18:0.826 21:0.165,33:0.185 24:0.194 28:0.016 18:0.026 21:0.579
CRWD,29 31,"31(s72.70,r+61.8%,n20) 28(s67.75,r+54.1%,n25) 15(s63.34,r+60.5%,n40) 21(s59.17,r+37.2%,n38)",4,31,31,31 15,2,0,31,31 28 15 21,4,0,31,31 28 15 21,4,0,31,31 28 15 21,4,0,31,31 28 15 21,4,0,31,0,31:0.585 28:0.810 15:0.542 21:0.873,31:0.346 28:0.124 15:0.426 21:0.104,31:0.587 28:0.818 15:0.535 21:0.878,31:0.346 28:0.124 15:0.432 21:0.098,31:0.585 28:0.812 15:0.540 21:0.857,31:0.340 28:0.113 15:0.429 21:0.119
CSX,18,"33(s55.95,r+5.4%,n15) 15(s51.69,r+25.9%,n21) 26(s49.79,r+8.2%,n18) 29(s44.66,r+13.0%,n16) 19(s43.66,r+21.7%,n20)",5,33,15,15 19,2,3,33,33 15 26 29 19,5,15,33,33 15 26 29 19,5,15,33,33 15 26 29 19,5,15,33,33 15 26 29 19,5,15,15,3,33:0.876 15:0.311 26:0.849 29:0.713 19:0.639,33:0.028 15:0.547 26:0.076 29:0.165 19:0.184,33:0.879 15:0.323 26:0.854 29:0.712 19:0.636,33:0.032 15:0.533 26:0.072 29:0.167 19:0.196,33:0.869 15:0.300 26:0.841 29:0.718 19:0.666,33:0.029 15:0.569 26:0.082 29:0.161 19:0.159
CVX,25,"24(s62.31,r+20.1%,n14) 31(s58.57,r+14.5%,n14) 27(s52.13,r+20.0%,n13)",3,24,24,24 27,2,1,24,24 31 27,3,1,24,24 31 27,3,1,24,24 31 27,3,1,24,24 31 27,3,1,24,1,24:0.333 31:0.727 27:0.399,24:0.499 31:0.109 27:0.392,24:0.329 31:0.727 27:0.384,24:0.500 31:0.108 27:0.392,24:0.328 31:0.743 27:0.406,24:0.502 31:0.103 27:0.395
DECK,,"26(s76.39,r+37.9%,n13) 17(s74.91,r+56.9%,n20) 29(s73.26,r+13.8%,n17) 20(s72.79,r+28.0%,n20) 23(s69.14,r+3.6%,n21)",5,26,17,17,1,,26,26 17,2,,26,26 17,2,,26,26 17,2,,26,26 17,2,,17,,26:0.665 17:0.264 29:0.964 20:0.987 23:1.000,26:0.284 17:0.695 29:0.018 20:0.003 23:0.000,26:0.654 17:0.276 29:0.968 20:0.986 23:0.998,26:0.301 17:0.681 29:0.013 20:0.004 23:0.000,26:0.654 17:0.281 29:0.963 20:0.994 23:1.000,26:0.298 17:0.681 29:0.020 20:0.001 23:0.000
DIS,18 25,"32(s45.97,r+0.5%,n15) 21(s45.11,r-18.3%,n26) 18(s43.47,r-14.7%,n26) 28(s41.58,r-20.5%,n25) 25(s35.25,r-11.7%,n23)",5,32,32,32,1,7,32,32 21 18 25,4,7,32,32 21 18 25,4,7,32,32 21 18 25,4,7,32,32 21 18 25,4,7,32,7,32:0.148 21:0.878 18:0.737 28:0.988 25:0.820,32:0.746 21:0.032 18:0.156 28:0.000 25:0.066,32:0.141 21:0.875 18:0.735 28:0.988 25:0.831,32:0.752 21:0.032 18:0.156 28:0.000 25:0.059,32:0.151 21:0.865 18:0.749 28:0.993 25:0.819,32:0.748 21:0.041 18:0.142 28:0.000 25:0.069
DUK,25 27,"32(s63.29,r+14.1%,n10) 27(s61.92,r+12.0%,n12)",2,32,32,32 27,2,5,32,32 27,2,5,32,32 27,2,5,32,32 27,2,5,32,32 27,2,5,32,5,32:0.217 27:0.331,32:0.560 27:0.440,32:0.208 27:0.341,32:0.565 27:0.435,32:0.241 27:0.328,32:0.562 27:0.438
EOG,23,"23(s66.37,r+4.7%,n20) 31(s63.66,r-18.1%,n25) 18(s57.47,r-8.4%,n28) 26(s57.42,r-12.2%,n26)",4,23,23,23,1,0,23,23 18,2,0,23,23 18,2,0,23,23 18,2,0,23,23 18,2,0,23,0,23:0.125 31:0.957 18:0.684 26:0.963,23:0.780 31:0.015 18:0.202 26:0.004,23:0.130 31:0.955 18:0.680 26:0.958,23:0.769 31:0.014 18:0.212 26:0.005,23:0.121 31:0.969 18:0.694 26:0.960,23:0.790 31:0.007 18:0.200 26:0.004
ETN,28,"30(s49.21,r-47.3%,n41) 25(s45.32,r-57.4%,n48) 15(s44.33,r-62.3%,n59) 33(s38.24,r-63.9%,n46)",4,30,30,30,1,2,30,30 25 15 33,4,2,30,30 25 15,3,2,30,30 25 15 33,4,2,30,30 25 15 33,4,2,30,2,30:0.121 25:0.678 15:0.840 33:0.919,30:0.751 25:0.162 15:0.073 33:0.014,30:0.126 25:0.700 15:0.802 33:0.936,30:0.748 25:0.143 15:0.101 33:0.008,30:0.110 25:0.668 15:0.887 33:0.907,30:0.768 25:0.176 15:0.040 33:0.016
FTNT,,"17(s58.71,r-26.3%,n35) 32(s56.00,r-22.7%,n29) 29(s52.40,r-26.2%,n33) 20(s50.73,r-26.6%,n36) 25(s49.75,r-34.1%,n37)",5,17,17,17 32 29 20,4,,17,17 32 29 20 25,5,,17,17 32 29 20,4,,17,17 32 29 20 25,5,,17,17 32 29 20 25,5,,17,,17:0.506 32:0.373 29:0.605 20:0.644 25:0.930,17:0.332 32:0.387 29:0.115 20:0.159 25:0.007,17:0.527 32:0.379 29:0.592 20:0.637 25:0.928,17:0.307 32:0.384 29:0.141 20:0.161 25:0.008,17:0.482 32:0.360 29:0.593 20:0.634 25:0.942,17:0.344 32:0.374 29:0.115 20:0.161 25:0.006
GE,18,"20(s63.54,r+20.6%,n20) 15(s62.10,r+28.7%,n24) 28(s56.60,r-11.3%,n24) 25(s55.15,r-1.8%,n22)",4,20,15,15,1,3,20,20 15 25,3,2,20,20 15,2,2,20,20 15 25,3,2,20,20 15 25,3,2,15,3,20:0.617 15:0.152 28:0.987 25:0.936,20:0.228 15:0.738 28:0.002 25:0.031,20:0.606 15:0.172 28:0.987 25:0.935,20:0.249 15:0.719 28:0.002 25:0.030,20:0.621 15:0.147 28:0.984 25:0.926,20:0.221 15:0.736 28:0.002 25:0.040
GOOGL,23,"33(s68.44,r+69.1%,n16) 18(s60.06,r+43.3%,n27) 29(s58.21,r+46.4%,n22) 22(s55.00,r+59.3%,n23)",4,33,33,33,1,10,33,33 18 29 22,4,10,33,33 18 22,3,10,33,33 18 29 22,4,10,33,33 18 29 22,4,10,33,10,33:0.345 18:0.826 29:0.919 22:0.657,33:0.584 18:0.122 29:0.046 22:0.248,33:0.349 18:0.833 29:0.910 22:0.654,33:0.579 18:0.118 29:0.048 22:0.255,33:0.327 18:0.849 29:0.937 22:0.640,33:0.605 18:0.098 29:0.031 22:0.266
GS,18,"33(s39.27,r-13.5%,n31) 22(s34.10,r-19.7%,n38) 25(s31.56,r-8.2%,n29) 30(s29.41,r-15.3%,n30) 18(s27.80,r-31.8%,n43)",5,33,25,25,1,7,33,33 22 25 30 18,5,15,33,33 22 25 30,4,15,33,33 22 25 30 18,5,15,33,33 22 25 30 18,5,15,25,7,33:0.542 22:0.790 25:0.324 30:0.639 18:0.948,33:0.246 22:0.095 25:0.498 30:0.141 18:0.020,33:0.561 22:0.815 25:0.328 30:0.654 18:0.938,33:0.244 22:0.073 25:0.510 30:0.143 18:0.029,33:0.540 22:0.796 25:0.298 30:0.612 18:0.943,33:0.219 22:0.088 25:0.519 30:0.151 18:0.024
HD,,"23(s44.95,r+5.0%,n26) 33(s42.50,r+7.8%,n22) 26(s39.89,r-0.4%,n26) 15(s38.44,r+12.4%,n26) 20(s36.28,r-6.0%,n28)",5,23,33,33 15,2,,23,23 33 26 15 20,5,,23,23 33 15,3,,23,23 33 26 15 20,5,,23,23 33 26 15 20,5,,33,,23:0.693 33:0.621 26:0.903 15:0.397 20:0.925,23:0.187 33:0.258 26:0.011 15:0.512 20:0.031,23:0.709 33:0.604 26:0.917 15:0.409 20:0.927,23:0.175 33:0.286 26:0.010 15:0.499 20:0.031,23:0.666 33:0.635 26:0.888 15:0.390 20:0.932,23:0.212 33:0.236 26:0.006 15:0.522 20:0.024
IBM,24,"33(s48.35,r-44.2%,n29) 30(s42.70,r-54.7%,n34) 15(s37.63,r-44.6%,n40) 19(s33.71,r-58.1%,n44) 27(s33.69,r-56.2%,n38)",5,33,33,33 15,2,9,33,33 30 15 19 27,5,9,33,33 30 15,3,9,33,33 30 15 19 27,5,9,33,33 30 15 19 27,5,9,33,9,33:0.328 30:0.788 15:0.355 19:0.931 27:0.905,33:0.452 30:0.055 15:0.467 19:0.013 27:0.014,33:0.355 30:0.833 15:0.385 19:0.931 27:0.913,33:0.475 30:0.036 15:0.463 19:0.013 27:0.013,33:0.314 30:0.781 15:0.323 19:0.939 27:0.931,33:0.436 30:0.068 15:0.481 19:0.008 27:0.006
INTC,23,"32(s68.07,r+239.4%,n30) 15(s63.15,r+167.8%,n48) 26(s62.48,r+229.8%,n32) 18(s62.37,r+264.8%,n38) 29(s57.90,r+211.8%,n38)",5,32,18,18,1,5,32,32 15 26 18 29,5,9,32,32 26 18,3,9,32,32 15 26 18 29,5,9,32,32 15 26 18 29,5,9,18,5,32:0.731 15:0.908 26:0.803 18:0.526 29:0.936,32:0.245 15:0.079 26:0.176 18:0.451 29:0.049,32:0.710 15:0.885 26:0.806 18:0.574 29:0.941,32:0.267 15:0.103 26:0.177 18:0.406 29:0.047,32:0.747 15:0.933 26:0.781 18:0.500 29:0.938,32:0.228 15:0.054 26:0.197 18:0.476 29:0.045
INTU,24,"27(s58.37,r+12.9%,n32) 24(s50.37,r+17.8%,n32) 30(s46.62,r+28.1%,n26) 20(s43.57,r-1.6%,n36)",4,27,30,30,1,6,27,27 24 30 20,4,3,27,27 24 30 20,4,3,27,27 24 30 20,4,3,27,27 24 30 20,4,3,30,6,27:0.882 24:0.662 30:0.390 20:0.840,27:0.066 24:0.269 30:0.541 20:0.124,27:0.869 24:0.646 30:0.401 20:0.857,27:0.077 24:0.280 30:0.534 20:0.109,27:0.890 24:0.685 30:0.389 20:0.813,27:0.055 24:0.245 30:0.551 20:0.150
JNJ,26 27,"26(s36.77,r-16.9%,n27) 33(s35.16,r+22.5%,n13) 17(s32.10,r-12.6%,n29) 21(s29.87,r-16.8%,n28) 30(s26.76,r+5.7%,n19)",5,26,33,33,1,6,33,33 30,2,6,33,33,1,6,33,33 30,2,6,33,33 30,2,6,33,6,26:0.999 33:0.009 17:0.961 21:0.997 30:0.925,26:0.000 33:0.971 17:0.019 21:0.000 30:0.010,26:0.998 33:0.012 17:0.957 21:0.993 30:0.929,26:0.000 33:0.966 17:0.022 21:0.001 30:0.010,26:1.000 33:0.005 17:0.968 21:0.999 30:0.944,26:0.000 33:0.981 17:0.014 21:0.000 30:0.005
KMB,21,"15(s29.53,r-25.2%,n32) 25(s29.15,r-20.1%,n31) 18(s25.54,r-36.2%,n35) 33(s24.79,r-0.2%,n24) 22(s24.01,r-23.0%,n33)",5,15,33,33,1,12,15,15 25 33 22,4,6,15,15 33,2,6,15,15 25 33 22,4,6,15,15 25 33 22,4,6,33,12,15:0.759 25:0.934 18:0.971 33:0.148 22:0.929,15:0.172 25:0.017 18:0.010 33:0.770 22:0.030,15:0.772 25:0.925 18:0.976 33:0.132 22:0.943,15:0.160 25:0.022 18:0.007 33:0.790 22:0.020,15:0.767 25:0.934 18:0.958 33:0.155 22:0.907,15:0.162 25:0.013 18:0.019 33:0.759 22:0.046
KO,,"31(s47.96,r+2.4%,n14) 15(s39.72,r+0.7%,n20) 26(s38.79,r+0.4%,n17) 23(s36.07,r+2.0%,n18) 18(s34.16,r+2.4%,n18)",5,31,31,31 15 26 23 18,5,,31,31 15 26 23 18,5,,31,31 15 26 23 18,5,,31,31 15 26 23 18,5,,31,31 15 26 23 18,5,,31,,31:0.466 15:0.539 26:0.651 23:0.551 18:0.482,31:0.288 15:0.238 26:0.079 23:0.160 18:0.235,31:0.487 15:0.560 26:0.663 23:0.578 18:0.507,31:0.282 15:0.230 26:0.103 23:0.151 18:0.233,31:0.460 15:0.536 26:0.648 23:0.537 18:0.454,31:0.290 15:0.227 26:0.068 23:0.152 18:0.263
LCII,22 30,"33(s55.68,r+115.0%,n12)",1,33,33,33,1,3,33,33,1,3,33,33,1,3,33,33,1,3,33,33,1,3,33,3,33:0.000,33:1.000,33:0.000,33:1.000,33:0.000,33:1.000
LLY,33,"33(s55.24,r-0.6%,n28) 16(s45.49,r-21.3%,n44)",2,33,33,33,1,0,33,33 16,2,0,33,33 16,2,0,33,33 16,2,0,33,33 16,2,0,33,0,33:0.119 16:0.753,33:0.826 16:0.174,33:0.120 16:0.757,33:0.824 16:0.176,33:0.123 16:0.744,33:0.819 16:0.181
LMT,16 18,"15(s73.42,r+74.1%,n18) 26(s67.41,r+52.2%,n14) 33(s65.50,r+46.1%,n15) 18(s64.23,r+52.2%,n21)",4,15,15,15,1,1,15,15 26 33 18,4,1,15,15 26 33 18,4,1,15,15 26 33 18,4,1,15,15 26 33 18,4,1,15,1,15:0.238 26:0.801 33:0.834 18:0.868,15:0.683 26:0.142 33:0.117 18:0.059,15:0.236 26:0.790 33:0.841 18:0.891,15:0.692 26:0.146 33:0.111 18:0.051,15:0.226 26:0.796 33:0.857 18:0.855,15:0.694 26:0.146 33:0.100 18:0.060
LULU,18,"17(s50.39,r-46.1%,n40) 20(s43.85,r-52.2%,n39) 28(s36.95,r-44.0%,n39)",3,17,17,17 28,2,1,17,17 20 28,3,1,17,17 20 28,3,1,17,17 20 28,3,1,17,17 20 28,3,1,17,1,17:0.429 20:0.803 28:0.371,17:0.431 20:0.068 28:0.501,17:0.433 20:0.808 28:0.371,17:0.429 20:0.065 28:0.506,17:0.426 20:0.800 28:0.366,17:0.430 20:0.069 28:0.501
META,25,"31(s69.78,r-36.4%,n28) 20(s61.39,r-5.0%,n27) 28(s60.49,r-42.2%,n31)",3,31,20,20,1,5,31,31 20,2,6,31,31 20,2,6,31,31 20,2,6,31,31 20,2,6,20,5,31:0.875 20:0.052 28:0.981,31:0.078 20:0.917 28:0.005,31:0.879 20:0.043 28:0.978,31:0.072 20:0.924 28:0.004,31:0.868 20:0.061 28:0.980,31:0.089 20:0.906 28:0.004
MLR,,"15(s26.13,r-55.9%,n48) 18(s23.31,r-55.8%,n46) 21(s14.83,r-64.1%,n54) 24(s13.59,r-66.7%,n58) 33(s13.44,r-53.0%,n41)",5,15,15,15 18 33,3,,15,15 18 33,3,,15,15 18 33,3,,15,15 18 33,3,,15,15 18 33,3,,15,,15:0.504 18:0.598 21:0.982 24:0.975 33:0.358,15:0.322 18:0.186 21:0.000 24:0.003 33:0.489,15:0.504 18:0.579 21:0.972 24:0.978 33:0.353,15:0.319 18:0.196 21:0.000 24:0.002 33:0.483,15:0.518 18:0.594 21:0.988 24:0.976 33:0.357,15:0.308 18:0.197 21:0.000 24:0.002 33:0.492
MMS,26 30,"28(s58.74,r-2.2%,n24) 31(s54.68,r+22.7%,n27) 18(s53.77,r-38.0%,n36) 25(s53.72,r-6.9%,n27) 22(s50.45,r-46.1%,n39)",5,28,31,31,1,1,28,28 31 25,3,2,28,28 31 25,3,2,28,28 31 25,3,2,28,28 31 25,3,2,31,1,28:0.699 31:0.275 18:0.961 25:0.820 22:0.998,28:0.215 31:0.667 18:0.024 25:0.093 22:0.000,28:0.707 31:0.277 18:0.957 25:0.821 22:0.999,28:0.207 31:0.669 18:0.028 25:0.096 22:0.000,28:0.704 31:0.267 18:0.968 25:0.824 22:0.998,28:0.209 31:0.679 18:0.019 25:0.093 22:0.000
MP,,"32(s61.26,r-36.7%,n41) 28(s58.52,r-33.4%,n43) 15(s56.69,r+38.8%,n49) 18(s54.43,r+10.3%,n42) 21(s50.58,r-22.4%,n46)",5,32,15,15,1,,32,32 15 18,3,,15,15 18,2,,32,32 15 18,3,,15,15 18,2,,15,,32:0.944 28:0.955 15:0.221 18:0.755 21:0.992,32:0.039 28:0.027 15:0.733 18:0.197 21:0.004,32:0.938 28:0.961 15:0.227 18:0.749 21:0.988,32:0.047 28:0.023 15:0.725 18:0.198 21:0.006,32:0.954 28:0.954 15:0.201 18:0.768 21:0.994,32:0.030 28:0.027 15:0.755 18:0.186 21:0.002
MSFT,25,"32(s53.72,r+33.1%,n11) 29(s48.13,r+15.7%,n18)",2,32,32,32,1,7,32,32 29,2,7,32,32 29,2,7,32,32 29,2,7,32,32 29,2,7,32,7,32:0.012 29:0.869,32:0.955 29:0.045,32:0.019 29:0.842,32:0.935 29:0.065,32:0.005 29:0.893,32:0.970 29:0.030
MU,27,"26(s75.34,r+237.8%,n26) 29(s65.86,r+373.3%,n24) 33(s62.35,r+255.1%,n28)",3,26,29,29,1,2,26,26 29 33,3,1,29,29 33,2,2,26,26 29 33,3,1,26,26 29 33,3,1,29,2,26:0.906 29:0.177 33:0.873,26:0.083 29:0.802 33:0.115,26:0.908 29:0.153 33:0.893,26:0.079 29:0.827 33:0.094,26:0.898 29:0.211 33:0.844,26:0.091 29:0.767 33:0.142
NFLX,,"15(s56.74,r+4.6%,n33) 32(s55.08,r+45.1%,n15) 28(s50.56,r+41.2%,n18) 18(s42.88,r+1.2%,n31)",4,15,32,32 28,2,,15,15 32 28,3,,15,15 32 28,3,,15,15 32 28,3,,15,15 32 28 18,4,,32,,15:0.844 32:0.328 28:0.503 18:0.959,15:0.118 32:0.522 28:0.338 18:0.021,15:0.863 32:0.317 28:0.487 18:0.966,15:0.106 32:0.523 28:0.354 18:0.017,15:0.851 32:0.307 28:0.531 18:0.934,15:0.111 32:0.548 28:0.306 18:0.035
NKE,,"20(s55.22,r-28.0%,n34) 17(s47.38,r-42.8%,n43) 23(s47.08,r-27.5%,n32) 28(s46.70,r-35.4%,n35)",4,20,20,20 23,2,,20,20 17 23 28,4,,20,20 17 23 28,4,,20,20 17 23 28,4,,20,20 17 23 28,4,,20,,20:0.203 17:0.864 23:0.180 28:0.713,20:0.446 17:0.050 23:0.416 28:0.088,20:0.212 17:0.889 23:0.182 28:0.715,20:0.443 17:0.036 23:0.431 28:0.090,20:0.183 17:0.875 23:0.151 28:0.729,20:0.450 17:0.043 23:0.430 28:0.077
NOK,17,"30(s75.09,r+98.2%,n23) 19(s69.08,r+131.2%,n23) 27(s62.02,r+82.7%,n27)",3,30,19,19,1,2,30,30 19 27,3,13,30,30 19 27,3,13,30,30 19 27,3,13,30,30 19 27,3,13,19,2,30:0.751 19:0.276 27:0.864,30:0.208 19:0.685 27:0.107,30:0.755 19:0.255 27:0.883,30:0.204 19:0.705 27:0.091,30:0.774 19:0.279 27:0.834,30:0.188 19:0.680 27:0.132
NU,17,"28(s60.60,r-22.0%,n28) 16(s60.36,r-17.9%,n33) 25(s57.86,r-24.8%,n30) 20(s54.74,r-9.9%,n33) 31(s49.65,r-29.3%,n29)",5,28,20,20,1,3,28,28 16 25 20,4,11,28,28 16 20,3,11,28,28 16 25 20,4,11,28,28 16 25 20,4,11,20,3,28:0.763 16:0.549 25:0.935 20:0.335 31:0.960,28:0.135 16:0.340 25:0.008 20:0.516 31:0.001,28:0.764 16:0.555 25:0.917 20:0.327 31:0.951,28:0.129 16:0.332 25:0.013 20:0.525 31:0.002,28:0.772 16:0.555 25:0.949 20:0.319 31:0.966,28:0.129 16:0.335 25:0.005 20:0.531 31:0.000
NVO,22 27,"28(s61.48,r+65.7%,n21) 16(s54.71,r+36.4%,n32) 19(s49.73,r+77.1%,n24) 25(s49.36,r+34.5%,n25) 31(s46.71,r+69.2%,n21)",5,28,19,19,1,3,28,28 16 19 31,4,1,28,28 16 19 31,4,1,28,28 16 19 31,4,1,28,28 16 19 31,4,1,19,3,28:0.802 16:0.876 19:0.416 25:0.985 31:0.594,28:0.106 16:0.090 19:0.487 25:0.006 31:0.311,28:0.797 16:0.879 19:0.438 25:0.988 31:0.588,28:0.110 16:0.089 19:0.477 25:0.004 31:0.320,28:0.810 16:0.855 19:0.429 25:0.976 31:0.600,28:0.100 16:0.113 19:0.469 25:0.010 31:0.307
ODFL,17 21,"15(s49.80,r+54.1%,n30) 18(s44.46,r+32.2%,n31) 23(s42.67,r+26.1%,n25)",3,15,15,15,1,2,15,15 23,2,2,15,15 23,2,2,15,15 18 23,3,2,15,15 23,2,2,15,2,15:0.111 18:0.955 23:0.796,15:0.840 18:0.012 23:0.148,15:0.114 18:0.934 23:0.802,15:0.834 18:0.022 23:0.144,15:0.131 18:0.970 23:0.769,15:0.821 18:0.003 23:0.176
PEP,,"22(s49.44,r+3.2%,n17) 25(s38.19,r-7.9%,n19) 17(s36.61,r-9.9%,n27)",3,22,22,22,1,,22,22 25 17,3,,22,22 25 17,3,,22,22 25 17,3,,22,22 25 17,3,,22,,22:0.132 25:0.743 17:0.733,22:0.724 25:0.121 17:0.155,22:0.119 25:0.749 17:0.733,22:0.735 25:0.117 17:0.148,22:0.115 25:0.796 17:0.719,22:0.756 25:0.078 17:0.166
PGR,23,"33(s44.04,r-26.7%,n21) 30(s32.89,r-33.1%,n28) 15(s32.38,r-37.4%,n37) 27(s32.20,r-33.2%,n30) 18(s30.11,r-41.9%,n38)",5,33,33,33,1,10,33,33 30 15 27 18,5,10,33,33 30 15 27,4,10,33,33 30 15 27 18,5,10,33,33 30 15 27 18,5,10,33,10,33:0.200 30:0.701 15:0.687 27:0.637 18:0.915,33:0.611 30:0.058 15:0.176 27:0.145 18:0.011,33:0.178 30:0.686 15:0.695 27:0.650 18:0.916,33:0.633 30:0.065 15:0.171 27:0.121 18:0.010,33:0.221 30:0.711 15:0.682 27:0.642 18:0.913,33:0.587 30:0.053 15:0.188 27:0.155 18:0.016
PLTR,30,"31(s65.41,r-45.8%,n40) 17(s58.98,r-26.8%,n47) 22(s57.96,r-52.3%,n43) 25(s52.80,r-68.1%,n49)",4,31,17,17,1,13,31,31 17,2,1,31,31 17,2,1,31,31 17,2,1,31,31 17,2,1,17,13,31:0.732 17:0.135 22:0.961 25:0.994,31:0.191 17:0.797 22:0.010 25:0.002,31:0.732 17:0.131 22:0.962 25:0.996,31:0.188 17:0.800 22:0.011 25:0.001,31:0.725 17:0.147 22:0.960 25:0.993,31:0.202 17:0.785 22:0.012 25:0.001
PYPL,29,"21(s49.17,r+14.8%,n24) 18(s36.39,r-33.5%,n40) 24(s36.01,r-7.8%,n29)",3,21,21,21,1,8,21,21 24,2,8,21,21 24,2,8,21,21 24,2,8,21,21 24,2,8,21,8,21:0.021 18:0.992 24:0.893,21:0.952 18:0.004 24:0.044,21:0.018 18:0.989 24:0.897,21:0.953 18:0.005 24:0.043,21:0.026 18:0.997 24:0.867,21:0.938 18:0.001 24:0.061
QCOM,,"32(s84.80,r+118.4%,n13) 29(s79.36,r+120.1%,n15) 26(s75.11,r+125.9%,n17)",3,32,26,26,1,,32,32 29 26,3,,32,32 29 26,3,,32,32 29 26,3,,32,32 29 26,3,,26,,32:0.596 29:0.683 26:0.428,32:0.319 29:0.208 26:0.473,32:0.587 29:0.719 26:0.462,32:0.351 29:0.192 26:0.457,32:0.627 29:0.630 26:0.372,32:0.245 29:0.241 26:0.514
ROST,23,"28(s85.99,r+34.5%,n10) 25(s82.83,r+42.7%,n10) 22(s78.81,r+46.9%,n11) 31(s71.36,r+19.3%,n13)",4,28,25,25 22,2,2,28,28 25 22,3,5,28,28 25 22,3,5,28,28 25 22,3,5,28,28 25 22,3,5,25,2,28:0.899 25:0.484 22:0.205 31:0.989,28:0.003 25:0.337 22:0.660 31:0.000,28:0.875 25:0.472 22:0.197 31:0.991,28:0.004 25:0.341 22:0.656 31:0.000,28:0.899 25:0.484 22:0.210 31:0.989,28:0.001 25:0.345 22:0.653 31:0.000
RRX,21,"21(s57.33,r+8.1%,n33) 32(s53.97,r-37.9%,n38) 28(s53.80,r-35.5%,n38) 18(s49.33,r-0.6%,n40) 15(s49.10,r-30.0%,n55)",5,21,21,21,1,0,21,21 18,2,0,21,21 18,2,0,21,21 18,2,0,21,21 18,2,0,21,0,21:0.260 32:0.984 28:0.973 18:0.549 15:0.974,21:0.632 32:0.007 28:0.016 18:0.334 15:0.011,21:0.224 32:0.977 28:0.971 18:0.576 15:0.970,21:0.663 32:0.012 28:0.014 18:0.296 15:0.015,21:0.279 32:0.992 28:0.976 18:0.539 15:0.980,21:0.620 32:0.003 28:0.013 18:0.357 15:0.008
RTX,22 33,"32(s59.23,r+10.9%,n17) 27(s55.90,r+23.7%,n14) 24(s53.09,r+17.0%,n19)",3,32,27,27,1,5,32,32 27 24,3,1,32,32 27 24,3,1,32,32 27 24,3,1,32,32 27 24,3,1,27,5,32:0.719 27:0.199 24:0.578,32:0.167 27:0.596 24:0.237,32:0.743 27:0.182 24:0.567,32:0.143 27:0.616 24:0.241,32:0.694 27:0.214 24:0.600,32:0.192 27:0.590 24:0.218
SAIC,,"31(s55.56,r+32.3%,n21) 17(s52.86,r+13.3%,n35) 23(s43.85,r-7.0%,n38)",3,31,31,31,1,,31,31 17,2,,31,31 17,2,,31,31 17,2,,31,31 17,2,,31,,31:0.186 17:0.694 23:0.998,31:0.758 17:0.241 23:0.001,31:0.206 17:0.677 23:0.995,31:0.739 17:0.259 23:0.002,31:0.175 17:0.699 23:1.000,31:0.767 17:0.233 23:0.000
SBUX,,"33(s52.82,r-18.4%,n26) 30(s43.70,r-24.1%,n29) 19(s38.45,r-42.4%,n43)",3,33,33,33,1,,33,33 30 19,3,,33,33 30 19,3,,33,33 30 19,3,,33,33 30 19,3,,33,,33:0.100 30:0.513 19:0.890,33:0.722 30:0.219 19:0.059,33:0.109 30:0.508 19:0.907,33:0.703 30:0.254 19:0.043,33:0.097 30:0.548 19:0.861,33:0.744 30:0.176 19:0.080
SCHW,21,"33(s47.21,r-2.3%,n22) 30(s44.45,r-2.4%,n22) 27(s37.38,r-4.5%,n24) 24(s32.80,r-7.8%,n26)",4,33,33,33 30 27,3,12,33,33 30 27 24,4,12,33,33 30 27 24,4,12,33,33 30 27 24,4,12,33,33 30 27 24,4,12,33,12,33:0.176 30:0.142 27:0.343 24:0.569,33:0.381 30:0.260 27:0.228 24:0.131,33:0.204 30:0.193 27:0.373 24:0.602,33:0.379 30:0.259 27:0.250 24:0.113,33:0.152 30:0.110 27:0.331 24:0.546,33:0.390 30:0.276 27:0.196 24:0.138
SFM,24,"21(s67.00,r+32.7%,n31) 33(s63.24,r+36.3%,n19) 18(s58.20,r+20.6%,n39) 15(s54.49,r+20.9%,n43)",4,21,21,21 33,2,3,21,21 33 18 15,4,3,21,21 33 18 15,4,3,21,21 33 18 15,4,3,21,21 33 18 15,4,3,21,3,21:0.693 33:0.493 18:0.841 15:0.752,21:0.241 33:0.452 18:0.110 15:0.197,21:0.680 33:0.501 18:0.842 15:0.764,21:0.258 33:0.450 18:0.107 15:0.185,21:0.710 33:0.484 18:0.833 15:0.735,21:0.216 33:0.454 18:0.116 15:0.214
SMCI,24,"24(s64.95,r+52.2%,n38) 27(s61.88,r-6.0%,n43) 21(s60.16,r+42.8%,n43) 31(s58.75,r+5.0%,n38) 16(s56.61,r+10.1%,n60)",5,24,24,24,1,0,24,24 21 16,3,0,24,24 21 16,3,0,24,24 21 16,3,0,24,24 21 16,3,0,24,0,24:0.382 27:0.994 21:0.607 31:0.980 16:0.829,24:0.542 27:0.001 21:0.314 31:0.007 16:0.136,24:0.412 27:0.990 21:0.604 31:0.955 16:0.825,24:0.510 27:0.004 21:0.321 31:0.026 16:0.141,24:0.365 27:0.998 21:0.598 31:0.988 16:0.846,24:0.554 27:0.000 21:0.319 31:0.003 16:0.123
SOFI,,"28(s63.91,r-45.9%,n41) 20(s62.77,r-22.3%,n43) 17(s61.20,r-24.0%,n44) 25(s60.30,r-42.3%,n43) 31(s58.42,r-46.4%,n38)",5,28,20,20 17,2,,20,20 17 31,3,,20,20 17,2,,20,20 17 25 31,4,,20,20 17 31,3,,20,,28:0.976 20:0.375 17:0.398 25:0.957 31:0.910,28:0.006 20:0.470 17:0.456 25:0.016 31:0.052,28:0.959 20:0.360 17:0.417 25:0.941 31:0.889,28:0.012 20:0.470 17:0.432 25:0.021 31:0.065,28:0.981 20:0.378 17:0.404 25:0.973 31:0.904,28:0.003 20:0.477 17:0.453 25:0.010 31:0.057
SSD,18,"15(s66.72,r+30.6%,n24) 18(s60.04,r+14.8%,n24) 22(s54.17,r-5.6%,n28)",3,15,15,15,1,3,15,15 18,2,3,15,15 18,2,3,15,15 18,2,3,15,15 18,2,3,15,3,15:0.058 18:0.829 22:0.978,15:0.893 18:0.094 22:0.012,15:0.070 18:0.802 22:0.976,15:0.872 18:0.116 22:0.012,15:0.040 18:0.858 22:0.979,15:0.919 18:0.070 22:0.011
TGT,20,"15(s66.58,r-5.1%,n30)",1,15,15,15,1,5,15,15,1,5,15,15,1,5,15,15,1,5,15,15,1,5,15,5,15:0.000,15:1.000,15:0.000,15:1.000,15:0.000,15:1.000
TMO,25,"22(s69.21,r+40.7%,n16) 16(s69.05,r+43.5%,n23) 19(s67.05,r+43.8%,n19) 33(s67.05,r+44.2%,n13) 25(s64.30,r+28.8%,n18)",5,22,22,22 16 19 33,4,3,22,22 16 19 33 25,5,3,22,22 16 19 33,4,3,22,22 16 19 33 25,5,3,22,22 16 19 33 25,5,3,22,3,22:0.797 16:0.582 19:0.698 33:0.532 25:0.946,22:0.093 16:0.322 19:0.170 33:0.391 25:0.024,22:0.803 16:0.593 19:0.693 33:0.530 25:0.943,22:0.092 16:0.313 19:0.182 33:0.388 25:0.024,22:0.769 16:0.569 19:0.715 33:0.530 25:0.948,22:0.118 16:0.332 19:0.136 33:0.390 25:0.024
TSCO,25,"33(s50.16,r+5.7%,n26) 29(s47.40,r+6.6%,n27) 25(s43.05,r+4.4%,n30) 16(s39.33,r-26.0%,n45) 22(s35.25,r-5.1%,n35)",5,33,33,33 29 25,3,8,33,33 29 25 22,4,8,33,33 29 25 22,4,8,33,33 29 25 22,4,8,33,33 29 25 22,4,8,33,8,33:0.421 29:0.429 25:0.460 16:0.976 22:0.827,33:0.318 29:0.263 25:0.340 16:0.011 22:0.068,33:0.403 29:0.410 25:0.473 16:0.979 22:0.818,33:0.339 29:0.255 25:0.315 16:0.011 22:0.080,33:0.433 29:0.424 25:0.455 16:0.981 22:0.837,33:0.317 29:0.274 25:0.341 16:0.008 22:0.060
TSLA,20,"32(s60.49,r-0.0%,n28) 27(s48.90,r+12.1%,n29)",2,32,27,27,1,7,32,32 27,2,12,32,32 27,2,12,32,32 27,2,12,32,32 27,2,12,27,7,32:0.610 27:0.226,32:0.301 27:0.699,32:0.620 27:0.211,32:0.290 27:0.710,32:0.609 27:0.239,32:0.310 27:0.690
TSM,27,"15(s54.66,r-40.3%,n43) 22(s51.28,r-24.0%,n36) 18(s49.44,r-35.0%,n39) 28(s43.37,r-39.2%,n35) 25(s40.32,r-26.0%,n36)",5,15,22,22 25,2,5,15,15 22 18 28 25,5,12,15,15 22 18 28 25,5,12,15,15 22 18 28 25,5,12,15,15 22 18 28 25,5,12,22,5,15:0.834 22:0.318 18:0.870 28:0.818 25:0.448,15:0.084 22:0.457 18:0.028 28:0.099 25:0.331,15:0.820 22:0.318 18:0.841 28:0.814 25:0.457,15:0.095 22:0.457 18:0.042 28:0.095 25:0.311,15:0.844 22:0.313 18:0.883 28:0.819 25:0.440,15:0.073 22:0.465 18:0.017 28:0.103 25:0.342
TTC,29,"33(s32.88,r-15.8%,n23) 26(s28.42,r-11.6%,n29) 23(s26.50,r-23.5%,n37) 30(s25.60,r-11.2%,n24) 17(s23.87,r-28.2%,n41)",5,33,33,33 26 30,3,4,33,33 26 23 30 17,5,4,33,33 26 23 30 17,5,4,33,33 26 23 30 17,5,4,33,33 26 23 30 17,5,4,33,4,33:0.695 26:0.410 23:0.897 30:0.364 17:0.871,33:0.015 26:0.412 23:0.025 30:0.482 17:0.067,33:0.671 26:0.397 23:0.886 30:0.347 17:0.870,33:0.040 26:0.405 23:0.031 30:0.455 17:0.069,33:0.713 26:0.407 23:0.910 30:0.367 17:0.869,33:0.005 26:0.420 23:0.021 30:0.486 17:0.068
TXRH,19 25,"15(s45.82,r-3.2%,n36) 18(s43.67,r-2.3%,n30) 25(s41.34,r-8.1%,n29) 21(s38.70,r+5.7%,n25) 29(s35.24,r+4.8%,n23)",5,15,21,21 29,2,2,15,15 18 21 29,4,4,15,15 18 21 29,4,4,15,15 18 21 29,4,4,15,15 18 21 29,4,4,21,2,15:0.671 18:0.858 25:0.959 21:0.520 29:0.495,15:0.238 18:0.049 25:0.008 21:0.319 29:0.386,15:0.677 18:0.857 25:0.952 21:0.538 29:0.500,15:0.242 18:0.054 25:0.010 21:0.310 29:0.383,15:0.675 18:0.859 25:0.961 21:0.528 29:0.492,15:0.232 18:0.047 25:0.008 21:0.319 29:0.394
UHS,27,"30(s77.79,r+65.4%,n11) 33(s70.52,r+67.1%,n9) 27(s66.58,r+28.3%,n16)",3,30,30,30 33,2,3,30,30 33 27,3,3,30,30 33 27,3,3,30,30 33 27,3,3,30,30 33 27,3,3,30,3,30:0.437 33:0.375 27:0.817,30:0.391 33:0.463 27:0.145,30:0.433 33:0.355 27:0.821,30:0.396 33:0.464 27:0.141,30:0.435 33:0.380 27:0.830,30:0.399 33:0.466 27:0.135
ULTA,,"27(s67.06,r+23.0%,n23) 24(s56.82,r+12.9%,n28) 17(s56.06,r+3.7%,n33)",3,27,27,27,1,,27,27 24 17,3,,27,27 24 17,3,,27,27 24 17,3,,27,27 24 17,3,,27,,27:0.210 24:0.690 17:0.752,27:0.660 24:0.166 17:0.174,27:0.226 24:0.695 17:0.744,27:0.647 24:0.168 17:0.185,27:0.190 24:0.682 17:0.784,27:0.684 24:0.170 17:0.146
UNH,,"33(s62.58,r+6.8%,n16)",1,33,33,33,1,,33,33,1,,33,33,1,,33,33,1,,33,33,1,,33,,33:0.000,33:1.000,33:0.000,33:1.000,33:0.000,33:1.000
UNP,27,"26(s72.77,r+22.8%,n12) 17(s70.01,r+44.1%,n14) 29(s66.38,r+11.2%,n15) 23(s64.96,r+28.0%,n13) 20(s60.27,r+25.1%,n17)",5,26,17,17,1,10,26,26 17 23,3,1,17,17 23,2,10,26,26 17 23,3,1,26,26 17 23,3,1,17,10,26:0.921 17:0.040 29:0.988 23:0.831 20:0.994,26:0.015 17:0.910 29:0.001 23:0.074 20:0.000,26:0.911 17:0.048 29:0.982 23:0.827 20:0.995,26:0.023 17:0.900 29:0.004 23:0.073 20:0.000,26:0.920 17:0.047 29:0.990 23:0.821 20:0.997,26:0.007 17:0.902 29:0.001 23:0.090 20:0.000
UPS,17 23 26,"32(s75.16,r+61.3%,n11) 29(s65.43,r+63.4%,n11) 23(s63.02,r+47.8%,n15)",3,32,32,32 29,2,6,32,32 29 23,3,6,32,32 29 23,3,6,32,32 29 23,3,6,32,32 29 23,3,6,32,6,32:0.314 29:0.214 23:0.652,32:0.123 29:0.600 23:0.277,32:0.332 29:0.220 23:0.642,32:0.151 29:0.564 23:0.285,32:0.297 29:0.220 23:0.648,32:0.119 29:0.598 23:0.283
WDFC,27,"28(s47.94,r-6.0%,n27) 15(s43.51,r-9.0%,n36) 25(s42.65,r-13.0%,n30) 19(s40.35,r-11.0%,n36) 31(s39.51,r-14.6%,n30)",5,28,28,28 15 19,3,1,28,28 15 25 19 31,5,1,28,28 15 25 19 31,5,1,28,28 15 25 19 31,5,1,28,28 15 25 19 31,5,1,28,1,28:0.432 15:0.530 25:0.803 19:0.724 31:0.809,28:0.392 15:0.334 25:0.075 19:0.124 31:0.075,28:0.447 15:0.542 25:0.789 19:0.710 31:0.795,28:0.370 15:0.318 25:0.086 19:0.142 31:0.085,28:0.401 15:0.521 25:0.810 19:0.745 31:0.837,28:0.424 15:0.347 25:0.068 19:0.104 31:0.057
WMT,,"32(s56.82,r-21.2%,n22) 29(s54.81,r-20.2%,n22) 26(s49.31,r-22.4%,n24) 23(s43.24,r-32.1%,n27)",4,32,32,32 29 26,3,,32,32 29 26 23,4,,32,32 29 26 23,4,,32,32 29 26 23,4,,32,32 29 26 23,4,,32,,32:0.356 29:0.259 26:0.433 23:0.863,32:0.371 29:0.366 26:0.217 23:0.045,32:0.366 29:0.277 26:0.448 23:0.810,32:0.346 29:0.351 26:0.215 23:0.088,32:0.347 29:0.240 26:0.431 23:0.896,32:0.390 29:0.390 26:0.196 23:0.024
WSO,19,"32(s52.65,r+16.9%,n21) 29(s39.96,r+21.6%,n25)",2,32,32,32 29,2,13,32,32 29,2,13,32,32 29,2,13,32,32 29,2,13,32,32 29,2,13,32,13,32:0.492 29:0.108,32:0.264 29:0.736,32:0.495 29:0.121,32:0.274 29:0.726,32:0.492 29:0.093,32:0.238 29:0.762
ZTS,30,"15(s50.15,r-10.2%,n38) 18(s46.84,r-17.2%,n34)",2,15,15,15,1,15,15,15 18,2,15,15,15 18,2,15,15,15 18,2,15,15,15 18,2,15,15,15,15:0.208 18:0.529,15:0.666 18:0.334,15:0.209 18:0.513,15:0.661 18:0.339,15:0.211 18:0.528,15:0.659 18:0.341
