ticker,user_MAs,structural_best,candidates_s_r_n_P10,CURRENT_RULE_B,CA95_L10,CA90_L10,CA95_L5,CA95_L20,POSTHOC_10PT_10PP_RESCUE,P_gap_gt5pp_L5,P_gap_gt5pp_L20
SMCI,24,24,"24(s64.95,r+52.2%,n38,P>5pp=0.382) 27(s61.88,r-6.0%,n43,P>5pp=0.994) 21(s60.16,r+42.8%,n43,P>5pp=0.607) 31(s58.75,r+5.0%,n38,P>5pp=0.980) 16(s56.61,r+10.1%,n60,P>5pp=0.829)",24 (d=0),24 (d=0),24 (d=0),24 (d=0),24 (d=0),24 (d=0),24:0.412 27:0.990 21:0.604 31:0.955 16:0.825,24:0.365 27:0.998 21:0.598 31:0.988 16:0.846
LMT,16 18,15,"15(s73.42,r+74.1%,n18,P>5pp=0.238) 26(s67.41,r+52.2%,n14,P>5pp=0.801) 33(s65.50,r+46.1%,n15,P>5pp=0.834) 18(s64.23,r+52.2%,n21,P>5pp=0.868)",15 (d=1),15 (d=1),15 (d=1),15 (d=1),15 (d=1),15 (d=1),15:0.236 26:0.790 33:0.841 18:0.891,15:0.226 26:0.796 33:0.857 18:0.855
DIS,18 25,32,"32(s45.97,r+0.5%,n15,P>5pp=0.148) 21(s45.11,r-18.3%,n26,P>5pp=0.878) 18(s43.47,r-14.7%,n26,P>5pp=0.737) 28(s41.58,r-20.5%,n25,P>5pp=0.988) 25(s35.25,r-11.7%,n23,P>5pp=0.820)",32 (d=7),32 (d=7),32 (d=7),32 (d=7),32 (d=7),32 (d=7),32:0.141 21:0.875 18:0.735 28:0.988 25:0.831,32:0.151 21:0.865 18:0.749 28:0.993 25:0.819
GS,18,33,"33(s39.27,r-13.5%,n31,P>5pp=0.542) 22(s34.10,r-19.7%,n38,P>5pp=0.790) 25(s31.56,r-8.2%,n29,P>5pp=0.324) 30(s29.41,r-15.3%,n30,P>5pp=0.639) 18(s27.80,r-31.8%,n43,P>5pp=0.948)",25 (d=7),33 (d=15),33 (d=15),33 (d=15),33 (d=15),25 (d=7),33:0.561 22:0.815 25:0.328 30:0.654 18:0.938,33:0.540 22:0.796 25:0.298 30:0.612 18:0.943
TSLA,20,32,"32(s60.49,r-0.0%,n28,P>5pp=0.610) 27(s48.90,r+12.1%,n29,P>5pp=0.226)",27 (d=7),32 (d=12),32 (d=12),32 (d=12),32 (d=12),27 (d=7),32:0.620 27:0.211,32:0.609 27:0.239
ACN,25 27 32,16,"16(s43.87,r+8.3%,n39,P>5pp=0.917) 29(s31.60,r+8.4%,n34,P>5pp=0.974) 19(s30.61,r-2.2%,n38,P>5pp=0.987) 33(s29.19,r+75.8%,n22,P>5pp=0.067)",33 (d=1),16 (d=9),33 (d=1),16 (d=9),16 (d=9),33 (d=1),16:0.905 29:0.977 19:0.980 33:0.077,16:0.925 29:0.978 19:0.991 33:0.060
ROST,23,28,"28(s85.99,r+34.5%,n10,P>5pp=0.899) 25(s82.83,r+42.7%,n10,P>5pp=0.484) 22(s78.81,r+46.9%,n11,P>5pp=0.205) 31(s71.36,r+19.3%,n13,P>5pp=0.989)",25 (d=2),28 (d=5),28 (d=5),28 (d=5),28 (d=5),25 (d=2),28:0.875 25:0.472 22:0.197 31:0.991,28:0.899 25:0.484 22:0.210 31:0.989
NVO,22 27,28,"28(s61.48,r+65.7%,n21,P>5pp=0.802) 16(s54.71,r+36.4%,n32,P>5pp=0.876) 19(s49.73,r+77.1%,n24,P>5pp=0.416) 25(s49.36,r+34.5%,n25,P>5pp=0.985) 31(s46.71,r+69.2%,n21,P>5pp=0.594)",19 (d=3),28 (d=1),28 (d=1),28 (d=1),28 (d=1),19 (d=3),28:0.797 16:0.879 19:0.438 25:0.988 31:0.588,28:0.810 16:0.855 19:0.429 25:0.976 31:0.600
ALSN,19 32,28,"28(s50.21,r-23.7%,n32,P>5pp=0.929) 32(s44.98,r-23.3%,n30,P>5pp=0.847) 23(s44.78,r-8.4%,n37,P>5pp=0.771) 15(s37.10,r-8.5%,n38,P>5pp=0.576) 20(s36.08,r+1.1%,n34,P>5pp=0.335)",20 (d=1),28 (d=4),32 (d=0),28 (d=4),28 (d=4),20 (d=1),28:0.931 32:0.862 23:0.785 15:0.588 20:0.328,28:0.926 32:0.826 23:0.763 15:0.582 20:0.359
BB,17,33,"33(s67.03,r+212.8%,n15,P>5pp=0.431) 30(s54.00,r+202.4%,n20,P>5pp=0.632) 19(s53.62,r+108.7%,n35,P>5pp=0.826)",33 (d=16),33 (d=16),33 (d=16),33 (d=16),33 (d=16),33 (d=16),33:0.424 30:0.626 19:0.834,33:0.431 30:0.636 19:0.827
NOK,17,30,"30(s75.09,r+98.2%,n23,P>5pp=0.751) 19(s69.08,r+131.2%,n23,P>5pp=0.276) 27(s62.02,r+82.7%,n27,P>5pp=0.864)",19 (d=2),30 (d=13),30 (d=13),30 (d=13),30 (d=13),19 (d=2),30:0.755 19:0.255 27:0.883,30:0.774 19:0.279 27:0.834
TSM,27,15,"15(s54.66,r-40.3%,n43,P>5pp=0.834) 22(s51.28,r-24.0%,n36,P>5pp=0.318) 18(s49.44,r-35.0%,n39,P>5pp=0.870) 28(s43.37,r-39.2%,n35,P>5pp=0.818) 25(s40.32,r-26.0%,n36,P>5pp=0.448)",22 (d=5),15 (d=12),15 (d=12),15 (d=12),15 (d=12),22 (d=5),15:0.820 22:0.318 18:0.841 28:0.814 25:0.457,15:0.844 22:0.313 18:0.883 28:0.819 25:0.440
TMO,25,22,"22(s69.21,r+40.7%,n16,P>5pp=0.797) 16(s69.05,r+43.5%,n23,P>5pp=0.582) 19(s67.05,r+43.8%,n19,P>5pp=0.698) 33(s67.05,r+44.2%,n13,P>5pp=0.532) 25(s64.30,r+28.8%,n18,P>5pp=0.946)",22 (d=3),22 (d=3),22 (d=3),22 (d=3),22 (d=3),22 (d=3),22:0.803 16:0.593 19:0.693 33:0.530 25:0.943,22:0.769 16:0.569 19:0.715 33:0.530 25:0.948
ODFL,17 21,15,"15(s49.80,r+54.1%,n30,P>5pp=0.111) 18(s44.46,r+32.2%,n31,P>5pp=0.955) 23(s42.67,r+26.1%,n25,P>5pp=0.796)",15 (d=2),15 (d=2),15 (d=2),15 (d=2),15 (d=2),15 (d=2),15:0.114 18:0.934 23:0.802,15:0.131 18:0.970 23:0.769
