ticker,range,user_periods,old_candidates,new_candidates,old_cand_hit,new_cand_hit,old_final,new_final,old_final_hit,new_final_hit,classification,note
AAPL,短期,24,30 27,30 27,False,False,27.0,27.0,False,False,MATCH,
AAPL,長期,58,93 107 110 90 80,93 107 110 90 80,False,False,80.0,80.0,False,False,MATCH,
ACN,短期,25 27 32,16 29 19 33,16 29 19 33,False,False,33.0,33.0,False,False,MATCH,
ACN,長期,46,97 110 107 104 94,97 110 107 104 94,False,False,104.0,104.0,False,False,MATCH,
ADBE,短期,20,19 22 16 27,19 22 16 27,False,False,22.0,22.0,False,False,MATCH,
ADBE,長期,63,96 93 102 110 90,96 93 102 110 90,False,False,90.0,90.0,False,False,MATCH,
AEP,短期,33,24 21 33 29,24 21 33 29,True,True,24.0,24.0,False,False,MATCH,
ALSN,短期,19 32,28 32 23 15 20,28 32 23 15 20,True,True,15.0,15.0,False,False,MATCH,
AMD,短期,32,33 30 27 21,33 30 27 21,False,False,27.0,27.0,False,False,MATCH,
AMD,長期,104,104 98 95 107 110,104 98 95 107 110,True,True,110.0,110.0,False,False,MATCH,
ASML,短期,24,23 26 30 20 15,23 26 30 20 15,False,False,15.0,15.0,False,False,MATCH,
ASML,長期,58,53 56 64 47 61,53 56 64 47 61,True,True,61.0,61.0,True,True,MATCH,
AVGO,短期,29,32 29,32 29,True,True,32.0,32.0,False,False,MATCH,
BAC,短期,17 22,26 15 23 29,26 15 23 29,False,False,15.0,15.0,False,False,MATCH,
BAC,長期,75,81 84 87 54 74,81 84 87 54 74,True,True,54.0,54.0,False,False,MATCH,
BB,短期,17,33 30 19,33 30 19,False,False,33.0,33.0,False,False,MATCH,
CME,短期,21,33 22 18 15 30,33 22 18 15 30,False,False,15.0,15.0,False,False,MATCH,
COST,長期,80,84 106 110 81 78,84 106 110 81 78,True,True,78.0,78.0,True,True,MATCH,
CRWD,短期,29 31,31 28 15 21,31 28 15 21,True,True,28.0,28.0,False,False,MATCH,
CSX,短期,18,33 15 26 29 19,33 15 26 29 19,False,False,19.0,19.0,False,False,MATCH,
CVX,短期,25,24 31 27,24 31 27,False,False,27.0,27.0,False,False,MATCH,
DIS,短期,18 25,32 21 18 28 25,32 21 18 28 25,True,True,18.0,18.0,True,True,MATCH,
DUK,短期,25 27,32 27,32 27,True,True,32.0,32.0,False,False,MATCH,
EOG,短期,23,23 31 18 26,23 31 18 26,True,True,23.0,23.0,True,True,MATCH,
ETN,短期,28,30 25 15 33,30 25 15 33,False,False,25.0,25.0,False,False,MATCH,
GE,短期,18,20 15 28 25,20 15 28 25,False,False,15.0,15.0,False,False,MATCH,
GOOGL,短期,23,33 18 29 22,33 18 29 22,False,False,33.0,33.0,False,False,MATCH,
GOOGL,長期,55 89,110 81 107 78 69,110 81 107 78 69,False,False,78.0,78.0,False,False,MATCH,
GS,短期,18,33 22 25 30 18,33 22 25 30 18,True,True,22.0,22.0,False,False,MATCH,
IBM,短期,24,33 30 15 19 27,33 30 15 19 27,False,False,15.0,15.0,False,False,MATCH,
INTC,短期,23,32 15 26 18 29,32 15 26 18 29,False,False,18.0,18.0,False,False,MATCH,
INTU,短期,24,27 24 30 20,27 24 30 20,True,True,24.0,24.0,True,True,MATCH,
JNJ,短期,26 27,26 33 17 21 30,26 33 17 21 30,True,True,17.0,17.0,False,False,MATCH,
KMB,短期,21,15 25 18 33 22,15 25 18 33 22,False,False,15.0,15.0,False,False,MATCH,
KMB,長期,87 94,109 54 51,109 54 51,False,False,51.0,51.0,False,False,MATCH,
LCII,短期,22 30,33,33,False,False,33.0,33.0,False,False,MATCH,
LCII,長期,54,53 46 50 56,53 46 50 56,True,True,53.0,53.0,True,True,MATCH,
LLY,短期,33,33 16,33 16,True,True,33.0,33.0,True,True,MATCH,
LMT,短期,16 18,15 26 33 18,15 26 33 18,True,True,26.0,26.0,False,False,MATCH,
LMT,長期,80 93,72 105 101 96 75,72 105 101 96 75,True,True,72.0,72.0,False,False,MATCH,
LULU,短期,18,17 20 28,17 20 28,False,False,17.0,17.0,False,False,MATCH,
LULU,長期,47,99 103 96 91 106,99 103 96 91 106,False,False,103.0,103.0,False,False,MATCH,
META,短期,25,31 20 28,31 20 28,False,False,20.0,20.0,False,False,MATCH,
META,長期,75,110 107 104 101,110 107 104 101,False,False,110.0,110.0,False,False,MATCH,
MLR,長期,57,110 102 105 99 67,110 102 105 99 67,False,False,110.0,110.0,False,False,MATCH,
MMS,短期,26 30,28 31 18 25 22,28 31 18 25 22,False,False,28.0,28.0,False,False,MATCH,
MSFT,短期,25,32 29,32 29,False,False,32.0,32.0,False,False,MATCH,
MSFT,長期,59,61 52 58 64 55,61 52 58 64 55,True,True,58.0,58.0,True,True,MATCH,
MU,短期,27,26 29 33,26 29 33,False,False,29.0,29.0,False,False,MATCH,
MU,長期,60,110 53 107 50 67,110 53 107 50 67,False,False,107.0,107.0,False,False,MATCH,
NOK,短期,17,30 19 27,30 19 27,False,False,27.0,27.0,False,False,MATCH,
NU,短期,17,28 16 25 20 31,28 16 25 20 31,False,False,20.0,20.0,False,False,MATCH,
NU,長期,50 78,80 76 83 53 87,80 76 83 53 87,True,True,76.0,76.0,True,True,MATCH,
NVO,短期,22 27,28 16 19 25 31,28 16 19 25 31,False,False,16.0,16.0,False,False,MATCH,
NVO,長期,64,85 90 96 82 99,85 90 96 82 99,False,False,96.0,96.0,False,False,MATCH,
ODFL,短期,17 21,15 18 23,15 18 23,False,False,18.0,18.0,False,False,MATCH,
ODFL,長期,51,95 92 72 84 81,95 92 72 84 81,False,False,84.0,84.0,False,False,MATCH,
PEP,長期,97 110,102 99 105 108 96,102 99 105 108 96,True,True,108.0,108.0,True,True,MATCH,
PGR,短期,23,33 30 15 27 18,33 30 15 27 18,False,False,15.0,15.0,False,False,MATCH,
PGR,長期,96,86 83 92 95 99,86 83 92 95 99,True,True,86.0,86.0,False,False,MATCH,
PLTR,短期,30,31 17 22 25,31 17 22 25,False,False,17.0,17.0,False,False,MATCH,
PYPL,短期,29,21 18 24,21 18 24,False,False,21.0,21.0,False,False,MATCH,
PYPL,長期,56,66 74 58 71 77,66 74 58 71 77,True,True,58.0,58.0,True,True,MATCH,
ROST,短期,23,28 25 22 31,28 25 22 31,False,False,22.0,22.0,False,False,MATCH,
RRX,短期,21,21 32 28 18 15,21 32 28 18 15,True,True,18.0,18.0,False,False,MATCH,
RTX,短期,22 33,32 27 24,32 27 24,False,False,27.0,27.0,False,False,MATCH,
RTX,長期,47,100 97 80 77 104,100 97 80 77 104,False,False,104.0,104.0,False,False,MATCH,
SCHW,短期,21,33 30 27 24,33 30 27 24,False,False,24.0,24.0,False,False,MATCH,
SFM,短期,24,21 33 18 15,21 33 18 15,False,False,15.0,15.0,False,False,MATCH,
SMCI,短期,24,24 27 21 31 16,24 27 21 31 16,True,True,16.0,16.0,False,False,MATCH,
SSD,短期,18,15 18 22,15 18 22,True,True,15.0,15.0,False,False,MATCH,
SSD,長期,68,92 95 98 101 89,92 95 98 101 89,False,False,95.0,95.0,False,False,MATCH,
TGT,短期,20,15,15,False,False,15.0,15.0,False,False,MATCH,
TMO,短期,25,22 16 19 33 25,22 16 19 33 25,True,True,19.0,19.0,False,False,MATCH,
TMO,長期,85,110 102 105 99 96,110 102 105 99 96,False,False,105.0,105.0,False,False,MATCH,
TSCO,短期,25,33 29 25 16 22,33 29 25 16 22,True,True,25.0,25.0,True,True,MATCH,
TSCO,長期,107,81 78 86 93 97,81 78 86 93 97,False,False,78.0,78.0,False,False,MATCH,
TSLA,短期,20,32 27,32 27,False,False,27.0,27.0,False,False,MATCH,
TSM,短期,27,15 22 18 28 25,15 22 18 28 25,False,False,22.0,22.0,False,False,MATCH,
TSM,長期,64,110 107 104 101 85,110 107 104 101 85,False,False,110.0,110.0,False,False,MATCH,
TTC,短期,29,33 26 23 30 17,33 26 23 30 17,False,False,17.0,17.0,False,False,MATCH,
TTC,長期,85,86 74 83 89,86 74 83 89,True,True,74.0,74.0,False,False,MATCH,
TXRH,短期,19 25,15 18 25 21 29,15 18 25 21 29,True,True,18.0,18.0,False,False,MATCH,
UHS,短期,27,30 33 27,30 33 27,True,True,30.0,30.0,False,False,MATCH,
UHS,長期,76,110 107 92 66 80,110 107 92 66 80,True,True,92.0,92.0,False,False,MATCH,
UNP,短期,27,26 17 29 23 20,26 17 29 23 20,False,False,17.0,17.0,False,False,MATCH,
UPS,短期,17 23 26,32 29 23,32 29 23,True,True,23.0,23.0,True,True,MATCH,
UPS,長期,47,93 49 90 96 99,93 49 90 96 99,True,True,49.0,49.0,True,True,MATCH,
WDFC,短期,27,28 15 25 19 31,28 15 25 19 31,False,False,15.0,15.0,False,False,MATCH,
WDFC,長期,85,102 90 87 99 109,102 90 87 99 109,True,True,102.0,102.0,False,False,MATCH,
WSO,短期,19,32 29,32 29,False,False,29.0,29.0,False,False,MATCH,
WSO,長期,59,63 55 60 52 49,63 55 60 52 49,True,True,55.0,55.0,True,True,MATCH,
ZTS,短期,30,15 18,15 18,False,False,15.0,15.0,False,False,MATCH,
ZTS,長期,56,97 101 83 75 89,97 101 83 75 89,False,False,75.0,75.0,False,False,MATCH,
__TOTAL__,short_cand,denominator=61,,,20,20,,,,,MATCH,handover baseline=46
__TOTAL__,short_final,denominator=61,,,6,6,,,6,6,MATCH,handover baseline=17
__TOTAL__,long_cand,denominator=33,,,16,16,,,,,MATCH,handover baseline=16
__TOTAL__,long_final,denominator=33,,,9,9,,,9,9,MATCH,handover baseline=n/a
