ticker,period_a,period_b,relation,old_score_a,old_score_b,new_score_a,new_score_b,old_smooth_a,old_smooth_b,new_smooth_a,new_smooth_b,old_user_order_holds,new_user_order_holds,old_smooth_holds,new_smooth_holds,classification,note
GS,39,18,>,60.9378921937751,29.54285893574297,60.9378921937751,29.54285893574297,55.288785349732265,27.79696912650602,55.288785349732265,27.79696912650602,True,True,True,True,MATCH,
JNJ,34,26,>,39.48889307228916,36.709964859437754,39.48889307228916,36.709964859437754,34.366162566934406,36.76633617804551,34.366162566934406,36.76633617804551,True,True,False,False,MATCH,
LMT,18,33,>,68.67752259036145,67.94208082329317,68.67752259036145,67.94208082329317,64.23422858099062,65.49926267570281,64.23422858099062,65.49926267570281,True,True,False,False,NEEDS_HUMAN_REVIEW,已知需人工判定案例
AVGO,38,29,>,65.04486696787149,41.32247740963855,65.04486696787149,41.32247740963855,67.09546519410976,44.747688671352066,67.09546519410976,44.747688671352066,True,True,True,True,MATCH,
LULU,18,26,>,54.0297126004016,27.42046310240964,54.0297126004016,27.42046310240964,50.08256986278447,32.40859270414994,50.08256986278447,32.40859270414994,True,True,True,True,MATCH,
SMCI,24,37,>,64.18188378514056,36.933044678714865,64.18188378514056,36.933044678714865,64.94775978915662,35.00462788654619,64.94775978915662,35.00462788654619,True,True,True,True,MATCH,
TSLA,20,29,>,45.37603539156626,38.621831074297184,45.37603539156626,38.621831074297184,41.689100150602414,47.442582831325296,41.689100150602414,47.442582831325296,True,True,False,False,MATCH,
ACN,32,25,>,28.1082141064257,27.79759663654618,28.1082141064257,27.79759663654618,29.033843708165996,27.84136546184739,29.033843708165996,27.84136546184739,True,True,True,True,NEEDS_HUMAN_REVIEW,已知需人工判定案例
PLTR,30,28,>,62.726844879518076,47.639150351405625,62.726844879518076,47.639150351405625,62.06790704484605,48.48262843038822,62.06790704484605,48.48262843038822,True,True,True,True,MATCH,
BAC,75,62,>,94.38064759036143,85.17193775100401,94.38064759036143,85.17193775100401,92.4615127175368,84.09000585676037,92.4615127175368,84.09000585676037,True,True,True,True,MATCH,
DIS,19,32,>=,41.12951807228916,52.25323167670683,41.12951807228916,52.25323167670683,43.8735671854083,45.967515896921014,43.8735671854083,45.967515896921014,False,False,False,False,NEEDS_HUMAN_REVIEW,已知需人工判定案例
CRWD,31,15,>,72.56588855421687,65.74046184738957,72.56588855421687,65.74046184738957,72.69735190763052,63.3402359437751,72.69735190763052,63.3402359437751,True,True,True,True,MATCH,
