layer,field,n_compared,MATCH,NUMERICAL_TOLERANCE,DATA_DIFFERENCE,IMPLEMENTATION_BUG,RULE_CONFLICT,NEEDS_HUMAN_REVIEW,max_abs_diff,max_rel_diff
candidate_hit_rate,long_cand,1,1,0,0,0,0,0,0.0,0.0
candidate_hit_rate,long_final,1,1,0,0,0,0,0,0.0,0.0
candidate_hit_rate,short_cand,1,1,0,0,0,0,0,0.0,0.0
candidate_hit_rate,short_final,1,1,0,0,0,0,0,0.0,0.0
candidate_set,cand_分數,961,961,0,0,0,0,0,0.0,0.0
candidate_set,cand_回測平均,961,961,0,0,0,0,0,0.0,0.0
candidate_set,cand_簡單回撤,961,961,0,0,0,0,0,0.0,0.0
candidate_set,cand_簡單報酬,961,961,0,0,0,0,0,0.0,0.0
candidate_set,cand_複雜回撤,961,961,0,0,0,0,0,0.0,0.0
candidate_set,cand_複雜報酬,961,961,0,0,0,0,0,0.0,0.0
candidate_set,candidate_periods,249,249,0,0,0,0,0,0.0,0.0
chart_data,GE_40,1,1,0,0,0,0,0,0.0,0.0
chart_data,LULU_18,1,1,0,0,0,0,0,0.0,0.0
chart_data,SMCI_24,1,1,0,0,0,0,0,0.0,0.0
chart_visual,GE_40,1,0,0,0,0,0,1,0.0,0.0
chart_visual,LULU_18,1,0,0,0,0,0,1,0.0,0.0
chart_visual,SMCI_24,1,0,0,0,0,0,1,0.0,0.0
composite_score,分數,7968,7968,0,0,0,0,0,0.0,0.0
composite_score,分數_中,7968,7968,0,0,0,0,0,0.0,0.0
composite_score,分數_短,7968,7968,0,0,0,0,0,0.0,0.0
composite_score,分數_長,7968,7968,0,0,0,0,0,0.0,0.0
final_selection,final_period,249,249,0,0,0,0,0,0.0,0.0
pairwise,ACN,1,0,0,0,0,0,1,0.0,0.0
pairwise,AVGO,1,1,0,0,0,0,0,0.0,0.0
pairwise,BAC,1,1,0,0,0,0,0,0.0,0.0
pairwise,CRWD,1,1,0,0,0,0,0,0.0,0.0
pairwise,DIS,1,0,0,0,0,0,1,0.0,0.0
pairwise,GS,1,1,0,0,0,0,0,0.0,0.0
pairwise,JNJ,1,1,0,0,0,0,0,0.0,0.0
pairwise,LMT,1,0,0,0,0,0,1,0.0,0.0
pairwise,LULU,1,1,0,0,0,0,0,0.0,0.0
pairwise,PLTR,1,1,0,0,0,0,0,0.0,0.0
pairwise,SMCI,1,1,0,0,0,0,0,0.0,0.0
pairwise,TSLA,1,1,0,0,0,0,0,0.0,0.0
percentile,p二日,7968,7968,0,0,0,0,0,0.0,0.0
percentile,p回測,7968,7968,0,0,0,0,0,0.0,0.0
percentile,p快敗_1y,7968,7968,0,0,0,0,0,0.0,0.0
percentile,p快敗_2y,7968,7968,0,0,0,0,0,0.0,0.0
percentile,p快敗_3y,7968,7968,0,0,0,0,0,0.0,0.0
percentile,p突破,7968,7968,0,0,0,0,0,0.0,0.0
percentile,p雜訊,7968,7968,0,0,0,0,0,0.0,0.0
raw_metrics,A_d2@252,7968,7968,0,0,0,0,0,0.0,0.0
raw_metrics,A_d2@504,7968,7968,0,0,0,0,0,0.0,0.0
raw_metrics,A_d2_n@252,7968,7968,0,0,0,0,0,0.0,0.0
raw_metrics,A_d2_n@504,7968,7968,0,0,0,0,0,0.0,0.0
raw_metrics,A_raw@252,7968,7968,0,0,0,0,0,0.0,0.0
raw_metrics,A_raw@504,7968,7968,0,0,0,0,0,0.0,0.0
raw_metrics,A_raw_n@252,7968,7968,0,0,0,0,0,0.0,0.0
raw_metrics,A_raw_n@504,7968,7968,0,0,0,0,0,0.0,0.0
raw_metrics,A_rt@252,7968,7968,0,0,0,0,0,0.0,0.0
raw_metrics,A_rt@504,7968,7968,0,0,0,0,0,0.0,0.0
raw_metrics,A_rt_n@252,7968,7968,0,0,0,0,0,0.0,0.0
raw_metrics,A_rt_n@504,7968,7968,0,0,0,0,0,0.0,0.0
raw_metrics,A_wick@252,7968,7968,0,0,0,0,0,0.0,0.0
raw_metrics,A_wick@504,7968,7968,0,0,0,0,0,0.0,0.0
raw_metrics,qday_1y,7968,7968,0,0,0,0,0,0.0,0.0
raw_metrics,qday_2y,7968,7968,0,0,0,0,0,0.0,0.0
raw_metrics,qday_3y,7968,7968,0,0,0,0,0,0.0,0.0
raw_metrics,quickfail_1y,7968,7968,0,0,0,0,0,0.0,0.0
raw_metrics,quickfail_2y,7968,7968,0,0,0,0,0,0.0,0.0
raw_metrics,quickfail_3y,7968,7968,0,0,0,0,0,0.0,0.0
raw_metrics,tg4_1y,7968,7968,0,0,0,0,0,0.0,0.0
raw_metrics,tg4_2y,7968,7968,0,0,0,0,0,0.0,0.0
raw_metrics,tg4_3y,7968,7968,0,0,0,0,0,0.0,0.0
score_component,p穿插_1y,7968,7968,0,0,0,0,0,0.0,0.0
score_component,p穿插_2y,7968,7968,0,0,0,0,0,0.0,0.0
score_component,p穿插_3y,7968,7968,0,0,0,0,0,0.0,0.0
