ticker,range,final,best,cands
AAPL,短期,27,68.2,30(68.2) 27(65.8)
AAPL,中期,45,55.5,38(55.5) 42(50.4) 45(45.7) 34(40.9)
AAPL,長期,80,89.5,93(89.5) 107(89.3) 110(88.1) 90(85.7) 80(80.9)
ABT,短期,15,50.5,15(50.5) 33(42.2) 30(41.3)
ABT,中期,36,49.3,36(49.3)
ABT,長期,54,87.5,67(87.5) 64(79.7) 54(74.5)
ACN,短期,33,43.9,16(43.9) 29(31.6) 19(30.6) 33(29.2)
ACN,中期,34,34.0,45(34.0) 34(27.7) 37(25.0) 42(22.2)
ACN,長期,104,97.1,97(97.1) 110(96.3) 107(95.1) 104(95.1) 94(95.0)
ADBE,短期,22,73.9,19(73.9) 22(73.2) 16(67.4) 27(64.6)
ADBE,中期,39,50.3,45(50.3) 42(44.4) 39(37.3)
ADBE,長期,90,95.0,96(95.0) 93(94.3) 102(89.6) 110(88.3) 90(86.1)
AEP,短期,24,69.3,24(69.3) 21(62.2) 33(57.2) 29(56.7)
AEP,中期,36,80.3,42(80.3) 45(78.8) 39(77.1) 36(72.8)
AEP,長期,47,84.2,47(84.2) 76(83.0) 50(75.0)
AJG,短期,29,62.0,32(62.0) 16(52.7) 29(52.3)
AJG,中期,34,60.4,34(60.4)
AJG,長期,83,95.2,110(95.2) 105(95.0) 92(89.7) 83(89.0) 102(85.9)
ALSN,短期,15,50.2,28(50.2) 32(45.0) 23(44.8) 15(37.1) 20(36.1)
ALSN,中期,43,51.4,43(51.4) 40(45.7) 34(41.2)
ALSN,長期,95,67.1,92(67.1) 95(66.0) 80(63.5) 83(55.9) 86(54.2)
AMAT,短期,33,57.9,15(57.9) 33(56.9) 29(52.3) 26(51.2) 22(51.0)
AMAT,中期,36,63.1,36(63.1) 45(48.1)
AMAT,長期,75,91.5,87(91.5) 84(89.6) 78(89.1) 81(86.4) 75(85.4)
AMD,短期,27,72.5,33(72.5) 30(70.7) 27(59.1) 21(58.1)
AMD,中期,39,82.6,42(82.6) 39(77.8) 34(70.7)
AMD,長期,110,95.7,104(95.7) 98(91.0) 95(89.4) 107(89.2) 110(87.5)
ASML,短期,15,57.9,23(57.9) 26(54.2) 30(51.9) 20(49.7) 15(49.1)
ASML,中期,39,60.0,45(60.0) 42(47.2) 39(46.5)
ASML,長期,61,65.0,53(65.0) 56(64.7) 64(63.4) 47(61.9) 61(60.2)
AVGO,短期,32,58.8,32(58.8) 29(44.7)
AVGO,中期,38,67.1,38(67.1) 45(66.3) 42(59.4) 35(52.7)
AVGO,長期,86,73.4,66(73.4) 50(70.0) 86(69.1) 53(66.4) 90(66.3)
BA,短期,15,52.8,31(52.8) 28(46.5) 15(40.8) 23(38.3)
BA,中期,44,55.6,35(55.6) 44(51.4) 41(48.0) 38(47.7)
BA,長期,63,82.5,110(82.5) 63(81.5) 76(80.1) 72(80.1) 69(77.1)
BAC,短期,15,68.2,26(68.2) 15(61.5) 23(57.6) 29(56.4)
BAC,中期,45,63.9,45(63.9) 42(56.6)
BAC,長期,54,97.8,81(97.8) 84(96.9) 87(95.4) 54(94.4) 74(93.3)
BB,短期,33,67.0,33(67.0) 30(54.0) 19(53.6)
BB,中期,37,79.3,37(79.3) 41(71.9) 34(70.8) 44(66.8)
BB,長期,48,72.5,67(72.5) 71(69.5) 48(69.2) 110(66.6) 107(65.7)
CAT,短期,15,49.2,33(49.2) 28(48.7) 15(41.6) 25(41.5) 21(36.1)
CAT,中期,38,66.5,38(66.5) 41(59.0) 35(56.4) 45(55.4)
CAT,長期,64,97.1,95(97.1) 87(95.8) 90(95.8) 69(95.3) 64(95.0)
CME,短期,15,39.7,33(39.7) 22(35.3) 18(34.1) 15(33.3) 30(33.1)
CME,中期,36,39.9,36(39.9) 39(27.0)
CME,長期,84,67.5,87(67.5) 90(67.1) 84(60.2) 93(59.8) 106(55.9)
COST,短期,18,32.0,33(32.0) 24(30.7) 28(29.4) 18(24.1) 21(23.7)
COST,中期,36,47.6,36(47.6) 39(41.9) 43(34.2)
COST,長期,78,72.6,84(72.6) 106(72.5) 110(71.7) 81(70.3) 78(63.2)
CRWD,短期,28,72.7,31(72.7) 28(67.8) 15(63.3) 21(59.2)
CRWD,中期,34,63.5,34(63.5)
CRWD,長期,70,96.5,70(96.5) 75(95.1) 78(93.7) 83(89.6) 67(85.1)
CSX,短期,19,56.0,33(56.0) 15(51.7) 26(49.8) 29(44.7) 19(43.7)
CSX,中期,45,62.4,45(62.4) 34(55.9) 38(53.7) 42(49.1)
CSX,長期,47,82.1,109(82.1) 106(79.2) 59(78.5) 103(77.9) 47(76.6)
CVX,短期,27,62.3,24(62.3) 31(58.6) 27(52.1)
CVX,中期,34,43.1,34(43.1) 44(39.6) 39(35.8)
CVX,長期,69,66.2,89(66.2) 86(65.2) 83(54.1) 69(53.4) 92(52.0)
DECK,短期,26,76.4,26(76.4) 17(74.9) 29(73.3) 20(72.8) 23(69.1)
DECK,中期,34,66.1,45(66.1) 34(59.8) 42(54.8)
DECK,長期,56,93.9,56(93.9) 59(87.1) 53(79.3)
DIS,短期,18,46.0,32(46.0) 21(45.1) 18(43.5) 28(41.6) 25(35.2)
DIS,中期,38,62.2,38(62.2) 41(51.2) 45(48.7)
DIS,長期,51,83.9,56(83.9) 51(79.3)
DUK,短期,32,63.3,32(63.3) 27(61.9)
DUK,中期,34,66.2,40(66.2) 34(56.3) 37(56.0)
DUK,長期,48,67.5,85(67.5) 89(65.8) 82(57.2) 48(54.0) 52(53.9)
EOG,短期,23,66.4,23(66.4) 31(63.7) 18(57.5) 26(57.4)
EOG,中期,43,56.4,34(56.4) 43(47.5) 37(43.2) 40(41.5)
EOG,長期,73,53.7,73(53.7) 47(47.4) 58(46.3) 76(43.1) 51(42.7)
ETN,短期,25,49.2,30(49.2) 25(45.3) 15(44.3) 33(38.2)
ETN,中期,34,34.4,34(34.4) 38(30.0) 41(29.8) 44(27.8)
ETN,長期,110,72.1,110(72.1) 107(64.4) 79(57.8)
FTNT,短期,17,58.7,17(58.7) 32(56.0) 29(52.4) 20(50.7) 25(49.7)
FTNT,中期,37,55.2,40(55.2) 44(53.9) 34(49.0) 37(48.7)
FTNT,長期,74,88.8,67(88.8) 79(85.6) 74(77.9) 82(77.2)
GE,短期,15,63.5,20(63.5) 15(62.1) 28(56.6) 25(55.2)
GE,中期,40,59.3,44(59.3) 40(47.0)
GE,長期,104,90.9,101(90.9) 104(90.7) 107(86.5) 98(86.3) 95(81.9)
GOOGL,短期,33,68.4,33(68.4) 18(60.1) 29(58.2) 22(55.0)
GOOGL,中期,36,80.6,40(80.6) 36(80.5)
GOOGL,長期,78,94.7,110(94.7) 81(90.9) 107(90.9) 78(89.3) 69(83.9)
GS,短期,22,39.3,33(39.3) 22(34.1) 25(31.6) 30(29.4) 18(27.8)
GS,中期,38,58.0,41(58.0) 38(51.4) 44(49.3)
GS,長期,109,98.2,80(98.2) 109(97.3) 91(96.1) 88(95.5) 83(94.1)
HD,短期,15,44.9,23(44.9) 33(42.5) 26(39.9) 15(38.4) 20(36.3)
HD,中期,41,71.6,41(71.6) 45(68.7) 38(59.6)
HD,長期,89,96.8,71(96.8) 92(94.7) 74(91.1) 89(90.2) 95(87.7)
IBM,短期,15,48.4,33(48.4) 30(42.7) 15(37.6) 19(33.7) 27(33.7)
IBM,中期,34,58.7,37(58.7) 45(54.9) 34(49.6) 40(45.9)
IBM,長期,82,95.8,85(95.8) 109(89.1) 82(82.5)
INTC,短期,18,68.1,32(68.1) 15(63.2) 26(62.5) 18(62.4) 29(57.9)
INTC,中期,34,69.3,42(69.3) 34(63.3) 39(63.1) 45(63.1)
INTC,長期,92,87.0,95(87.0) 92(78.6) 73(75.6)
INTU,短期,24,58.4,27(58.4) 24(50.4) 30(46.6) 20(43.6)
INTU,中期,40,48.7,37(48.7) 45(41.8) 34(40.3) 40(39.3)
INTU,長期,94,69.3,94(69.3) 97(64.4) 75(55.0) 108(54.7)
JNJ,短期,17,36.8,26(36.8) 33(35.2) 17(32.1) 21(29.9) 30(26.8)
JNJ,中期,42,73.7,45(73.7) 42(61.6)
JNJ,長期,46,77.9,62(77.9) 68(75.4) 54(73.5) 46(72.5) 65(71.7)
KMB,短期,15,29.5,15(29.5) 25(29.2) 18(25.5) 33(24.8) 22(24.0)
KMB,中期,44,54.2,44(54.2)
KMB,長期,51,86.2,109(86.2) 54(83.5) 51(76.9)
KO,短期,18,48.0,31(48.0) 15(39.7) 26(38.8) 23(36.1) 18(34.2)
KO,中期,45,34.0,37(34.0) 34(32.7) 45(31.0) 42(27.5)
KO,長期,90,92.3,93(92.3) 90(90.9) 101(90.9) 87(90.8) 84(89.9)
LCII,短期,33,55.7,33(55.7)
LCII,中期,36,61.1,44(61.1) 41(60.5) 36(56.0)
LCII,長期,53,63.9,53(63.9) 46(52.2) 50(52.0) 56(49.3)
LLY,短期,33,55.2,33(55.2) 16(45.5)
LLY,中期,43,48.5,34(48.5) 40(48.4) 37(42.0) 43(38.3)
LLY,長期,110,75.5,110(75.5)
LMT,短期,26,73.4,15(73.4) 26(67.4) 33(65.5) 18(64.2)
LMT,中期,35,64.9,35(64.9) 38(58.2) 42(54.9)
LMT,長期,72,90.4,72(90.4) 105(87.8) 101(87.4) 96(84.3) 75(84.3)
LULU,短期,17,50.4,17(50.4) 20(43.8) 28(37.0)
LULU,中期,39,58.0,39(58.0) 44(57.5) 36(47.8)
LULU,長期,103,94.3,99(94.3) 103(85.7) 96(84.5) 91(81.9) 106(81.8)
META,短期,20,69.8,31(69.8) 20(61.4) 28(60.5)
META,中期,44,62.2,34(62.2) 44(59.0) 37(54.2) 41(49.3)
META,長期,110,98.1,110(98.1) 107(94.9) 104(94.1) 101(85.6)
MLR,短期,15,26.1,15(26.1) 18(23.3) 21(14.8) 24(13.6) 33(13.4)
MLR,中期,38,14.7,35(14.7) 38(13.3) 45(12.3) 42(8.0)
MLR,長期,110,96.2,110(96.2) 102(92.6) 105(89.6) 99(86.9) 67(85.7)
MMS,短期,28,58.7,28(58.7) 31(54.7) 18(53.8) 25(53.7) 22(50.4)
MMS,中期,34,44.7,40(44.7) 37(39.5) 34(37.6) 43(33.3)
MMS,長期,96,96.3,104(96.3) 101(94.9) 110(93.4) 96(92.7) 107(91.2)
MP,短期,15,61.3,32(61.3) 28(58.5) 15(56.7) 18(54.4) 21(50.6)
MP,中期,40,54.3,34(54.3) 37(52.9) 43(52.5) 40(50.7)
MP,長期,46,49.5,57(49.5) 108(44.6) 54(43.2) 96(41.7) 46(41.6)
MSFT,短期,32,53.7,32(53.7) 29(48.1)
MSFT,中期,39,69.2,42(69.2) 45(63.1) 39(59.8)
MSFT,長期,58,87.8,61(87.8) 52(78.3) 58(77.1) 64(75.9) 55(73.7)
MU,短期,29,75.3,26(75.3) 29(65.9) 33(62.3)
MU,中期,38,60.5,34(60.5) 38(53.5) 45(50.0)
MU,長期,107,64.4,110(64.4) 53(63.9) 107(56.7) 50(51.2) 67(50.5)
NFLX,短期,15,56.7,15(56.7) 32(55.1) 28(50.6) 18(42.9)
NFLX,中期,36,67.3,39(67.3) 45(64.2) 36(63.2) 42(58.2)
NFLX,長期,78,87.0,81(87.0) 109(79.0) 78(74.2)
NKE,短期,20,55.2,20(55.2) 17(47.4) 23(47.1) 28(46.7)
NKE,中期,45,29.6,45(29.6) 41(28.8) 34(21.8) 38(19.5)
NKE,長期,102,86.7,108(86.7) 102(82.8) 105(78.8) 92(73.1)
NOK,短期,27,75.1,30(75.1) 19(69.1) 27(62.0)
NOK,中期,44,63.6,41(63.6) 44(58.6) 34(49.0)
NOK,長期,92,74.8,109(74.8) 92(72.4) 88(70.6) 106(64.1)
NU,短期,20,60.6,28(60.6) 16(60.4) 25(57.9) 20(54.7) 31(49.6)
NU,中期,45,48.6,45(48.6) 35(40.2)
NU,長期,76,91.3,80(91.3) 76(88.0) 83(86.6) 53(82.0) 87(77.9)
NVO,短期,16,61.5,28(61.5) 16(54.7) 19(49.7) 25(49.4) 31(46.7)
NVO,中期,39,60.0,42(60.0) 45(51.7) 39(45.7)
NVO,長期,96,85.1,85(85.1) 90(82.2) 96(81.6) 82(81.5) 99(77.0)
ODFL,短期,18,49.8,15(49.8) 18(44.5) 23(42.7)
ODFL,中期,36,54.0,39(54.0) 44(52.5) 36(45.7)
ODFL,長期,84,81.6,95(81.6) 92(71.9) 72(70.7) 84(69.7) 81(66.7)
PEP,短期,22,49.4,22(49.4) 25(38.2) 17(36.6)
PEP,中期,42,57.5,45(57.5) 42(46.6)
PEP,長期,108,86.2,102(86.2) 99(84.2) 105(83.8) 108(80.8) 96(79.3)
PGR,短期,15,44.0,33(44.0) 30(32.9) 15(32.4) 27(32.2) 18(30.1)
PGR,中期,40,47.1,40(47.1) 34(44.4) 37(38.7) 43(37.0)
PGR,長期,86,74.9,86(74.9) 83(72.9) 92(72.8) 95(72.6) 99(71.4)
PLTR,短期,17,65.4,31(65.4) 17(59.0) 22(58.0) 25(52.8)
PLTR,中期,43,49.9,34(49.9) 43(41.5) 37(40.8) 40(38.4)
PLTR,長期,100,86.4,97(86.4) 86(83.3) 100(82.6) 94(77.9) 89(77.7)
PYPL,短期,21,49.2,21(49.2) 18(36.4) 24(36.0)
PYPL,中期,42,37.0,42(37.0) 45(35.1) 37(34.5) 34(26.9)
PYPL,長期,58,79.0,66(79.0) 74(78.3) 58(72.7) 71(69.6) 77(66.5)
QCOM,短期,29,84.8,32(84.8) 29(79.4) 26(75.1)
QCOM,中期,38,73.9,34(73.9) 38(67.7)
QCOM,長期,103,96.7,106(96.7) 110(93.3) 103(92.0) 63(89.2) 96(89.1)
ROST,短期,22,86.0,28(86.0) 25(82.8) 22(78.8) 31(71.4)
ROST,中期,45,78.5,39(78.5) 45(77.0) 36(74.6) 42(73.9)
ROST,長期,52,97.3,52(97.3) 49(95.9) 55(92.6) 110(82.9)
RRX,短期,18,57.3,21(57.3) 32(54.0) 28(53.8) 18(49.3) 15(49.1)
RRX,中期,34,39.3,34(39.3) 37(26.1) 44(25.5)
RRX,長期,100,42.8,110(42.8) 103(34.5) 100(32.7) 107(29.0)
RTX,短期,27,59.2,32(59.2) 27(55.9) 24(53.1)
RTX,中期,34,74.6,45(74.6) 34(60.6) 42(60.4)
RTX,長期,104,98.0,100(98.0) 97(96.4) 80(93.3) 77(93.1) 104(92.6)
SAIC,短期,31,55.6,31(55.6) 17(52.9) 23(43.8)
SAIC,中期,34,68.6,42(68.6) 45(63.7) 34(54.5)
SAIC,長期,57,91.1,108(91.1) 105(87.5) 67(86.2) 73(85.6) 57(82.4)
SBUX,短期,30,52.8,33(52.8) 30(43.7) 19(38.5)
SBUX,中期,39,55.9,35(55.9) 39(54.8) 42(46.7) 45(43.3)
SBUX,長期,76,82.1,110(82.1) 76(81.8) 106(80.2) 102(78.5) 81(74.9)
SCHW,短期,24,47.2,33(47.2) 30(44.4) 27(37.4) 24(32.8)
SCHW,中期,37,68.8,37(68.8) 41(66.7) 45(65.9)
SCHW,長期,98,81.1,103(81.1) 98(78.9) 110(76.1) 106(70.9) 46(66.9)
SFM,短期,15,67.0,21(67.0) 33(63.2) 18(58.2) 15(54.5)
SFM,中期,40,63.8,34(63.8) 37(52.9) 40(51.8)
SFM,長期,97,92.2,108(92.2) 105(91.7) 100(90.7) 97(86.5)
SMCI,短期,16,64.9,24(64.9) 27(61.9) 21(60.2) 31(58.7) 16(56.6)
SMCI,中期,45,37.6,34(37.6) 38(35.0) 42(34.3) 45(24.3)
SMCI,長期,105,49.3,95(49.3) 105(49.3) 110(48.7) 92(47.8) 99(46.3)
SOFI,短期,31,63.9,28(63.9) 20(62.8) 17(61.2) 25(60.3) 31(58.4)
SOFI,中期,36,56.9,45(56.9) 42(50.6) 36(49.1) 39(47.8)
SOFI,長期,82,85.5,77(85.5) 82(84.0) 74(77.4) 85(75.2) 71(74.9)
SSD,短期,15,66.7,15(66.7) 18(60.0) 22(54.2)
SSD,中期,37,34.7,43(34.7) 40(30.3) 37(23.2)
SSD,長期,95,72.4,92(72.4) 95(67.5) 98(65.2) 101(63.1) 89(60.0)
TGT,短期,15,66.6,15(66.6)
TGT,中期,45,31.9,45(31.9) 35(29.8) 41(29.1) 38(27.6)
TGT,長期,89,87.3,92(87.3) 77(75.4) 95(74.1) 62(72.6) 89(72.6)
TMO,短期,19,69.2,22(69.2) 16(69.1) 19(67.1) 33(67.1) 25(64.3)
TMO,中期,37,69.6,34(69.6) 37(63.5)
TMO,長期,105,99.3,110(99.3) 102(99.2) 105(99.2) 99(99.2) 96(99.2)
TSCO,短期,25,50.2,33(50.2) 29(47.4) 25(43.1) 16(39.3) 22(35.2)
TSCO,中期,34,53.0,34(53.0) 37(46.1)
TSCO,長期,78,90.7,81(90.7) 78(88.2) 86(86.6) 93(85.3) 97(85.1)
TSLA,短期,27,60.5,32(60.5) 27(48.9)
TSLA,中期,34,40.3,34(40.3) 44(37.2) 38(35.0) 41(31.6)
TSLA,長期,107,40.6,88(40.6) 104(38.6) 107(35.5) 110(33.5) 101(31.0)
TSM,短期,22,54.7,15(54.7) 22(51.3) 18(49.4) 28(43.4) 25(40.3)
TSM,中期,35,53.4,38(53.4) 41(47.1) 35(46.2) 44(41.4)
TSM,長期,110,91.4,110(91.4) 107(90.0) 104(89.1) 101(86.4) 85(77.2)
TTC,短期,17,32.9,33(32.9) 26(28.4) 23(26.5) 30(25.6) 17(23.9)
TTC,中期,41,57.4,44(57.4) 41(53.7) 35(47.9)
TTC,長期,74,78.2,86(78.2) 74(76.6) 83(65.7) 89(63.7)
TXRH,短期,18,45.8,15(45.8) 18(43.7) 25(41.3) 21(38.7) 29(35.2)
TXRH,中期,44,60.9,44(60.9) 41(53.9)
TXRH,長期,99,91.0,107(91.0) 110(85.0) 104(83.6) 99(76.1)
UHS,短期,30,77.8,30(77.8) 33(70.5) 27(66.6)
UHS,中期,35,70.5,35(70.5) 38(58.1)
UHS,長期,92,99.0,110(99.0) 107(98.1) 92(93.0) 66(90.4) 80(89.4)
ULTA,短期,17,67.1,27(67.1) 24(56.8) 17(56.1)
ULTA,中期,41,71.7,45(71.7) 41(59.5)
ULTA,長期,110,91.7,110(91.7) 107(85.6) 85(84.9) 104(84.6) 101(81.5)
UNH,短期,33,62.6,33(62.6)
UNH,中期,44,85.4,44(85.4) 41(83.8)
UNH,長期,70,88.9,53(88.9) 74(88.8) 50(85.4) 70(84.9) 57(84.6)
UNP,短期,17,72.8,26(72.8) 17(70.0) 29(66.4) 23(65.0) 20(60.3)
UNP,中期,34,50.3,34(50.3) 38(49.8) 41(47.2)
UNP,長期,100,69.2,100(69.2) 110(63.7) 103(63.4) 97(58.9) 94(55.9)
UPS,短期,23,75.2,32(75.2) 29(65.4) 23(63.0)
UPS,中期,34,70.4,40(70.4) 45(68.8) 34(68.2) 37(55.5)
UPS,長期,49,82.9,93(82.9) 49(82.2) 90(79.4) 96(78.8) 99(76.8)
WDFC,短期,15,47.9,28(47.9) 15(43.5) 25(42.6) 19(40.3) 31(39.5)
WDFC,中期,41,38.9,38(38.9) 41(32.0) 34(31.5) 44(26.9)
WDFC,長期,102,87.9,102(87.9) 90(85.1) 87(83.1) 99(79.1) 109(79.0)
WMT,短期,23,56.8,32(56.8) 29(54.8) 26(49.3) 23(43.2)
WMT,中期,44,65.6,44(65.6) 41(58.6) 34(54.7)
WMT,長期,110,93.8,89(93.8) 92(92.3) 110(91.4) 107(90.6) 85(87.0)
WSO,短期,29,52.6,32(52.6) 29(40.0)
WSO,中期,34,62.4,45(62.4) 42(57.4) 34(49.6)
WSO,長期,55,78.7,63(78.7) 55(77.3) 60(71.3) 52(65.9) 49(64.1)
ZTS,短期,15,50.2,15(50.2) 18(46.8)
ZTS,中期,38,34.6,38(34.6) 43(34.5)
ZTS,長期,75,82.7,97(82.7) 101(79.7) 83(74.2) 75(73.1) 89(72.9)
