ticker,短期_final,中期_final,長期_final,short_candidates,short_independent_ruleB,min_period_rule_final
AAPL,27,45,107,30 27,27,27
ABT,15,36,64,15 33 30,15,15
ACN,33,34,104,16 29 19 33,33,33
ADBE,19,39,90,19 22 16 27,19,16
AEP,24,42,47,24 21 33 29,24,21
AJG,32,34,92,32 16 29,32,29
ALSN,20,43,80,28 32 23 15 20,20,20
AMAT,33,45,75,15 33 29 26 22,33,33
AMD,33,39,98,33 30 27 21,33,30
ASML,26,42,47,23 26 30 20 15,26,26
AVGO,32,45,86,32 29,32,32
BA,31,44,63,31 28 15 23,31,15
BAC,15,42,54,26 15 23 29,15,15
BB,33,37,48,33 30 19,33,33
CAT,33,41,64,33 28 15 25 21,33,33
CME,22,36,106,33 22 18 15 30,22,18
COST,24,36,84,33 24 28 18 21,24,21
CRWD,31,34,70,31 28 15 21,31,15
CSX,15,45,109,33 15 26 29 19,15,15
CVX,24,34,69,24 31 27,24,24
DECK,17,34,56,26 17 29 20 23,17,17
DIS,32,45,56,32 21 18 28 25,32,32
DUK,32,34,48,32 27,32,27
EOG,23,34,76,23 31 18 26,23,23
ETN,30,34,110,30 25 15 33,30,30
FTNT,17,40,79,17 32 29 20 25,17,17
GE,15,44,104,20 15 28 25,15,15
GOOGL,33,36,78,33 18 29 22,33,33
GS,25,38,109,33 22 25 30 18,25,25
HD,33,45,71,23 33 26 15 20,33,15
IBM,33,45,82,33 30 15 19 27,33,15
INTC,18,42,95,32 15 26 18 29,18,18
INTU,30,45,94,27 24 30 20,30,30
JNJ,33,42,68,26 33 17 21 30,33,33
KMB,33,44,109,15 25 18 33 22,33,33
KO,31,37,90,31 15 26 23 18,31,15
LCII,33,36,53,33,33,33
LLY,33,43,110,33 16,33,33
LMT,15,35,72,15 26 33 18,15,15
LULU,17,39,99,17 20 28,17,17
META,20,44,110,31 20 28,20,20
MLR,15,38,110,15 18 21 24 33,15,15
MMS,31,40,101,28 31 18 25 22,31,31
MP,15,37,54,32 28 15 18 21,15,15
MSFT,32,39,61,32 29,32,32
MU,29,34,107,26 29 33,29,29
NFLX,32,39,109,15 32 28 18,32,28
NKE,20,45,108,20 17 23 28,20,20
NOK,19,44,106,30 19 27,19,19
NU,20,45,76,28 16 25 20 31,20,20
NVO,19,42,99,28 16 19 25 31,19,19
ODFL,15,44,72,15 18 23,15,15
PEP,22,45,108,22 25 17,22,22
PGR,33,40,86,33 30 15 27 18,33,33
PLTR,17,34,100,31 17 22 25,17,17
PYPL,21,42,58,21 18 24,21,21
QCOM,26,34,63,32 29 26,26,26
ROST,25,45,49,28 25 22 31,25,22
RRX,21,34,110,21 32 28 18 15,21,21
RTX,27,45,97,32 27 24,27,27
SAIC,31,34,108,31 17 23,31,31
SBUX,33,39,76,33 30 19,33,33
SCHW,33,37,98,33 30 27 24,33,27
SFM,21,40,100,21 33 18 15,21,21
SMCI,24,34,105,24 27 21 31 16,24,24
SOFI,20,36,82,28 20 17 25 31,20,17
SSD,15,40,92,15 18 22,15,15
TGT,15,45,92,15,15,15
TMO,22,34,110,22 16 19 33 25,22,16
TSCO,33,34,78,33 29 25 16 22,33,25
TSLA,27,34,101,32 27,27,27
TSM,22,38,110,15 22 18 28 25,22,22
TTC,33,41,74,33 26 23 30 17,33,26
TXRH,21,44,99,15 18 25 21 29,21,21
UHS,30,35,92,30 33 27,30,30
ULTA,27,45,110,27 24 17,27,27
UNH,33,41,53,33,33,33
UNP,17,34,100,26 17 29 23 20,17,17
UPS,32,40,49,32 29 23,32,29
WDFC,28,41,102,28 15 25 19 31,28,15
WMT,32,44,110,32 29 26 23,32,26
WSO,32,34,55,32 29,32,29
ZTS,15,43,97,15 18,15,15
