股票,你的均線,短期_選擇,短期_候選（分數、簡單/複雜，只做多）,中期_選擇,中期_候選（分數、簡單/複雜，只做多）,長期_選擇,長期_候選（分數、簡單/複雜，只做多）
AAPL,"[24, 58]",27,30（68、+20%/+14%）；27（66、+45%/+17%）,45,38（56、-0%/-4%）；42（50、-10%/-1%）；45（46、+14%/-2%）；34（41、-3%/-12%）,80,93（90、+37%/-6%）；107（89、+39%/+4%）；110（88、+38%/+7%）；90（86、+45%/-8%）；80（81、+52%/+4%）
ABT,"[35, 38]",15,15（50、+5%/+2%）；33（42、+4%/+4%）；30（41、+4%/+4%）,36,36（49、-6%/-0%）,54,67（88、-20%/+3%）；64（82、-7%/+14%）；54（74、-8%/+7%）
ACN,"[25, 27, 46, 32]",16,16（46、-8%/-15%）；19（32、-12%/-6%）,34,45（33、+10%/+8%）；34（28、+18%/+0%）；37（25、+10%/+6%）；42（22、-6%/+2%）,104,97（97、+8%/+2%）；110（96、-13%/-11%）；107（95、+11%/+18%）；104（95、+23%/+19%）；94（95、+10%/+1%）
ADBE,"[20, 63]",22,19（74、-10%/+12%）；22（73、-1%/+25%）；16（67、-1%/+14%）；27（65、-8%/+6%）,39,45（50、-39%/-15%）；42（44、-40%/-19%）；39（37、-35%/-21%）,90,96（95、-29%/-10%）；93（94、-19%/-3%）；102（90、+6%/-1%）；110（88、+13%/+6%）；90（86、+8%/+12%）
AEP,[33],24,24（69、+6%/+6%）；21（62、+6%/+0%）；33（57、+12%/+8%）；29（57、+10%/+2%）,36,42（80、+28%/+16%）；45（79、+33%/+23%）；39（77、+31%/+14%）；36（73、+33%/+24%）,47,47（84、+22%/+23%）；76（83、+11%/+10%）；50（75、+22%/+24%）
AJG,,29,32（62、-3%/-3%）；16（53、-13%/-3%）；29（52、-1%/+11%）,34,34（60、-8%/-9%）,83,110（95、+15%/+5%）；105（95、+17%/+7%）；92（90、+18%/+10%）；83（89、+11%/+20%）；102（86、+18%/+9%）
ALSN,"[19, 32, 45]",15,28（51、+5%/-0%）；23（48、+10%/+3%）；32（48、+4%/+11%）；15（40、+16%/+5%）；20（39、+11%/+7%）,44,44（54、+24%/+21%）；41（49、+6%/+13%）；34（44、+18%/+4%）；38（39、+4%/+13%）,86,92（68、+98%/+29%）；95（66、+104%/+27%）；80（63、+46%/+5%）；83（56、+67%/+5%）；86（55、+97%/+32%）
AMAT,,33,15（58、+18%/-4%）；33（57、+124%/+35%）；29（52、+102%/+30%）；26（51、+70%/-4%）；22（51、+49%/-3%）,36,36（63、+83%/+19%）,75,87（91、+216%/+37%）；84（90、+217%/+34%）；78（89、+213%/+29%）；81（86、+234%/+33%）；75（85、+232%/+50%）
AMD,"[32, 104]",27,33（72、+149%/+65%）；30（71、+136%/+56%）；27（59、+254%/+61%）；21（58、+145%/+6%）,39,42（83、+75%/+1%）；39（78、+357%/+25%）；34（71、+274%/+56%）,110,104（96、+372%/-16%）；98（91、+429%/+2%）；95（89、+287%/-2%）；107（89、+351%/-23%）；110（88、+429%/+30%）
ASML,"[24, 58]",15,23（58、+27%/+13%）；26（54、+11%/-1%）；30（52、+27%/-0%）；20（50、+18%/+12%）；15（49、+23%/+7%）,39,45（60、+15%/-14%）；42（47、+19%/-12%）；39（46、+28%/+10%）,61,61（65、+110%/+16%）；53（65、+84%/+21%）；64（64、+69%/+5%）；56（64、+80%/+20%）；46（62、+56%/-3%）
AVGO,[29],32,32（59、+2%/-4%）；29（45、-12%/-16%）,38,38（67、+108%/+71%）；45（66、+114%/+19%）；42（59、+107%/+38%）；35（53、+72%/+58%）,86,66（73、+126%/+30%）；50（70、+149%/+23%）；86（69、+304%/+60%）；53（66、+31%/+10%）；90（66、+266%/+85%）
BA,,15,31（53、-1%/-6%）；28（47、-12%/-11%）；15（41、-2%/-7%）；23（38、-3%/-9%）,44,35（56、-1%/-3%）；44（51、+27%/+9%）；41（48、+18%/+1%）；38（48、-3%/-4%）,63,110（82、-17%/-1%）；63（82、+13%/+4%）；76（80、-7%/+13%）；72（80、-0%/+18%）；69（77、-3%/+11%）
BAC,"[17, 22, 75]",15,26（68、+22%/+3%）；15（62、+36%/+34%）；23（58、+23%/+2%）；29（56、+13%/-5%）,45,45（64、+17%/+6%）；42（57、+6%/+5%）,54,81（98、+60%/+4%）；84（97、+61%/+16%）；87（95、+36%/+9%）；54（94、+56%/+31%）；74（93、+60%/+20%）
BB,"[17, 38]",33,33（67、+187%/+43%）；30（54、+180%/+25%）；19（54、-26%/-11%）,37,37（79、+425%/+56%）；41（72、+336%/+48%）；34（71、+360%/+30%）；44（67、+323%/+39%）,48,67（72、+75%/-31%）；71（70、+47%/-35%）；48（69、+158%/-27%）；110（66、+61%/-12%）；107（66、-22%/-24%）
CAT,,15,33（49、+39%/+12%）；28（48、+19%/+2%）；15（42、+57%/+4%）；25（40、+56%/+14%）；21（36、+29%/-2%）,38,38（67、+93%/+25%）；41（59、+99%/+15%）；35（56、+66%/+27%）；45（55、+74%/+28%）,64,95（97、+216%/+54%）；87（96、+188%/+55%）；90（96、+188%/+55%）；69（95、+229%/+30%）；64（95、+271%/+31%）
CME,"[21, 35]",15,33（40、+1%/+6%）；22（35、+7%/-9%）；18（34、+5%/-5%）；15（33、+7%/-3%）；30（33、+1%/-7%）,36,36（40、+3%/+7%）；39（27、+7%/+2%）,84,87（68、+16%/-4%）；90（67、+15%/-5%）；84（60、+23%/+1%）；93（60、+16%/-3%）；106（56、+24%/-12%）
COST,[80],18,33（32、-9%/-7%）；24（31、-11%/-8%）；28（30、-10%/-3%）；18（24、-7%/+4%）；21（24、-17%/-9%）,36,36（48、-0%/-2%）；39（42、-13%/-7%）；43（34、-13%/-9%）,78,84（73、+31%/+18%）；106（72、+73%/+24%）；110（72、+74%/+18%）；81（70、+35%/+20%）；78（63、+69%/+25%）
CRWD,"[29, 31, 42]",28,31（73、+103%/+47%）；28（68、+101%/+62%）；15（63、+90%/+44%）；21（59、+93%/+58%）,34,34（64、+154%/+43%）,70,70（96、+434%/+37%）；75（95、+383%/+44%）；78（94、+379%/+44%）；83（90、+358%/+88%）；67（85、+353%/+21%）
CSX,[18],19,33（58、+11%/+8%）；26（52、+23%/+15%）；15（52、+22%/+7%）；29（47、+24%/+9%）；19（44、+31%/+20%）,45,45（62、+34%/+19%）；34（57、+13%/+3%）；38（54、+18%/-3%）；42（49、+19%/+9%）,47,109（82、+31%/-0%）；106（79、+24%/-6%）；59（78、+28%/+9%）；103（78、+37%/-1%）；47（77、+33%/+18%）
CVX,[25],27,24（62、+1%/+2%）；31（58、-2%/-2%）；27（52、+30%/+11%）,34,34（43、+37%/-4%）；44（40、-10%/-4%）；39（36、-9%/-11%）,69,89（66、-7%/-6%）；86（65、-8%/-17%）；83（54、-12%/-12%）；69（53、-1%/-3%）；92（52、-21%/-15%）
DECK,,24,27（79、+0%/+7%）；17（76、+6%/-8%）；20（73、-4%/-7%）；24（71、-1%/+10%）；30（68、-13%/-4%）,34,45（66、-43%/-16%）；34（58、-34%/-9%）；42（55、-29%/-7%）,56,56（94、+34%/+8%）；59（87、-5%/+1%）；53（79、+6%/+6%）
DIS,"[18, 25, 37]",18,32（46、+0%/-9%）；21（45、-12%/-6%）；18（44、-6%/-3%）；28（42、-7%/-13%）；25（35、-13%/-0%）,38,38（62、+2%/+6%）；41（51、+9%/+3%）；45（49、+15%/+1%）,51,56（84、+24%/-5%）；51（79、+21%/-5%）
DUK,"[25, 27, 38]",32,32（63、+8%/+7%）；27（61、+5%/-3%）；22（50、-2%/+2%）,34,40（66、+20%/+10%）；34（56、+20%/+15%）；37（56、+17%/+14%）,48,85（68、-17%/-4%）；89（66、-16%/-9%）；82（57、-11%/-0%）；48（54、+11%/+9%）；52（54、+0%/-1%）
EOG,[23],23,23（66、+18%/+1%）；31（62、+5%/-1%）；18（58、+9%/-3%）；26（57、+6%/+9%）,34,34（55、-22%/-3%）；45（47、-15%/-6%）；41（43、-20%/+0%）；37（42、-24%/-15%）,73,73（55、-15%/+7%）；47（48、-13%/-7%）；58（46、-20%/-4%）；76（44、-17%/+11%）；51（43、-19%/-4%）
ETN,[28],25,30（49、-28%/-29%）；25（45、-26%/-14%）；15（44、-37%/-32%）；33（38、-35%/-30%）,34,34（34、-24%/-15%）；38（30、-33%/-10%）；41（30、-32%/-14%）；44（28、-20%/-12%）,110,110（72、+60%/+38%）；107（64、+52%/+23%）；79（58、-21%/-21%）
FTNT,,17,17（59、+36%/+20%）；32（56、+36%/-18%）；29（52、+32%/-15%）；20（51、+38%/+6%）；25（50、+27%/-8%）,37,40（55、+79%/+30%）；44（54、+68%/+31%）；34（49、+50%/+25%）；37（49、+62%/+38%）,74,67（89、+113%/+22%）；79（86、+151%/+4%）；74（78、+146%/-1%）；82（77、+153%/-4%）
GE,"[18, 40]",15,20（64、+19%/+8%）；15（62、+17%/+10%）；28（57、+5%/+1%）；25（55、+8%/+15%）,40,44（59、+53%/+19%）；40（47、+52%/+33%）,104,101（91、+181%/+28%）；104（91、+389%/+141%）；107（86、+375%/+44%）；98（86、+183%/+30%）；95（82、+192%/+28%）
GOOGL,"[23, 55, 89]",33,33（68、+102%/+48%）；18（60、+72%/+32%）；29（58、+83%/+38%）；22（55、+44%/+32%）,36,40（81、+76%/+32%）；36（80、+117%/+40%）,78,110（95、+95%/+3%）；107（91、+89%/+19%）；81（91、+167%/+27%）；78（89、+177%/+34%）；69（84、+123%/+2%）
GS,[18],22,33（39、-8%/+1%）；22（34、+14%/+5%）；25（32、+12%/+2%）；30（29、+8%/+12%）；18（28、-1%/-10%）,38,41（58、+35%/-4%）；38（51、+47%/-7%）；44（49、+14%/+3%）,109,80（98、+81%/+23%）；109（97、+159%/+16%）；91（96、+121%/+18%）；88（96、+129%/+24%）；83（94、+123%/+28%）
HD,,15,23（45、-6%/-12%）；33（42、-3%/-2%）；15（42、+10%/+10%）；20（40、-4%/-5%）；26（40、-4%/-6%）,41,41（72、+1%/+3%）；45（69、+5%/+5%）；38（60、-2%/+1%）,71,71（97、-2%/+10%）；92（95、-8%/-5%）；74（91、+2%/+9%）；89（90、+9%/+7%）；95（88、-7%/-3%）
IBM,"[24, 36]",15,33（48、-29%/-3%）；30（44、-36%/-5%）；15（38、-28%/+7%）；27（35、-38%/-13%）；19（34、-16%/-0%）,34,37（59、-33%/-7%）；45（53、-10%/-12%）；34（49、-16%/+10%）；40（48、-35%/+0%）,82,85（96、-18%/-9%）；109（89、-1%/+15%）；82（82、+5%/-0%）
INTC,[23],18,32（68、+361%/+50%）；15（63、+288%/+83%）；26（62、+355%/+16%）；18（62、+355%/+76%）；29（58、+293%/+49%）,42,42（69、+252%/+4%）；36（63、+193%/+19%）；39（63、+243%/-14%）；45（63、+91%/+4%）,92,95（87、+201%/-2%）；92（79、+215%/+34%）；73（76、+189%/+11%）
INTU,[24],24,27（58、-25%/-16%）；24（50、-16%/-12%）；30（47、-35%/-18%）；20（44、-24%/-19%）,40,37（49、-28%/-22%）；45（43、-14%/-25%）；34（40、-24%/-30%）；40（40、-25%/-16%）,94,94（69、-0%/+32%）；97（64、+5%/+32%）；75（56、-13%/-7%）；108（55、-13%/-1%）
JNJ,"[26, 27]",17,26（37、+22%/+18%）；33（35、+17%/+12%）；17（32、+21%/+20%）；21（30、+18%/+16%）；30（27、+11%/+9%）,42,45（74、+80%/+13%）；42（62、+83%/+18%）,46,62（78、+70%/-3%）；68（75、+54%/-11%）；54（74、+57%/-1%）；46（72、+60%/+3%）；65（72、+54%/-14%）
KMB,"[21, 39, 87, 94]",15,15（30、-22%/-9%）；25（29、-19%/-7%）；18（26、-27%/-8%）；33（25、-9%/-13%）；22（24、-20%/-7%）,44,44（54、-15%/-16%）,51,109（86、-12%/-11%）；54（84、-20%/-20%）；51（77、-13%/-11%）
KO,,18,31（48、+3%/-4%）；15（40、+13%/-6%）；26（39、+11%/-0%）；23（36、+14%/-1%）；18（34、+16%/+3%）,45,37（34、+23%/+13%）；34（33、+10%/-4%）；45（31、+29%/+22%）；42（28、+23%/+3%）,90,93（92、+17%/+10%）；90（91、+24%/+17%）；101（91、+18%/+9%）；87（91、+19%/+8%）；84（90、+16%/+5%）
LCII,"[22, 30, 54]",33,33（56、+39%/+7%）,36,44（61、+18%/-27%）；41（61、-3%/-16%）；36（56、+28%/-11%）,53,53（64、-28%/-18%）；46（52、-30%/-26%）；50（52、-40%/-31%）；56（49、-30%/-23%）
LLY,[33],33,33（55、+33%/+26%）；16（46、+9%/+1%）,43,34（48、+5%/+10%）；40（48、-23%/-9%）；37（42、-2%/-21%）；43（38、+28%/+16%）,110,110（76、-26%/-20%）
LMT,"[16, 18, 80, 93]",26,15（74、+36%/+15%）；26（67、+45%/+22%）；33（66、+38%/+23%）；18（63、+24%/+13%）,35,35（65、+17%/+7%）；38（58、+1%/+7%）；42（55、-12%/-21%）,72,72（90、+9%/-7%）；105（88、+2%/+0%）；101（87、+0%/-2%）；75（84、+3%/-10%）；96（84、-3%/+10%）
LULU,"[18, 47]",17,17（50、-36%/-25%）；20（44、-37%/-20%）；28（37、-39%/-28%）,39,39（58、-4%/-10%）；44（58、+3%/-13%）；36（48、-17%/-15%）,103,99（94、-25%/+12%）；103（86、-8%/+22%）；96（84、-34%/-0%）；91（82、-6%/-2%）；106（82、-11%/+4%）
META,"[25, 75]",20,31（70、-25%/-11%）；20（61、+2%/-5%）；28（60、-13%/-6%）,44,34（62、-14%/-9%）；44（59、+10%/-21%）；37（54、-25%/-28%）；41（49、-11%/-27%）,110,110（98、+275%/+3%）；107（95、+67%/-13%）；104（94、+249%/-18%）；101（86、+268%/-20%）
MLR,[57],15,15（26、-26%/-23%）；18（23、-33%/-29%）；21（15、-36%/-30%）；24（14、-41%/-31%）；33（13、-29%/-28%）,38,35（16、-30%/-30%）；38（14、-16%/-21%）；45（12、-17%/-24%）；42（8、-26%/-30%）,110,110（96、+167%/+39%）；102（93、+155%/+28%）；105（90、+52%/-2%）；99（87、+134%/+16%）；67（86、+42%/-9%）
MMS,"[26, 30]",28,28（60、-9%/-5%）；31（56、-11%/-17%）；25（54、-13%/-21%）；18（53、-21%/-23%）；22（49、-19%/-20%）,34,40（46、-28%/-20%）；37（41、-27%/-23%）；34（38、-29%/-17%）；43（34、-26%/-11%）,96,104（96、-2%/+4%）；101（95、-7%/+3%）；110（93、-3%/+1%）；96（93、-3%/-3%）；107（91、-2%/+4%）
MP,[35],15,32（61、-16%/+15%）；28（58、-21%/+1%）；15（57、+14%/-9%）；18（54、+6%/+1%）；21（51、-21%/-13%）,40,34（54、+91%/+26%）；37（53、+94%/+37%）；43（52、+115%/+34%）；40（51、+141%/+34%）,46,57（50、+57%/+7%）；108（44、-2%/+13%）；54（43、+86%/+1%）；96（42、-29%/-18%）；46（42、+130%/-2%）
MSFT,"[25, 59]",32,32（54、+19%/+7%）；29（48、+10%/+2%）,39,42（69、+5%/-1%）；45（63、-5%/-15%）；39（60、+23%/-6%）,58,61（88、+17%/-4%）；52（78、+28%/-6%）；58（77、+48%/+8%）；64（76、+13%/+9%）；55（74、+38%/-5%）
MU,"[27, 60]",29,26（75、+515%/+77%）；29（66、+579%/+88%）；33（62、+529%/+45%）,38,34（60、+265%/+33%）；38（54、+340%/+122%）；45（50、+250%/+69%）,107,110（64、+944%/+81%）；53（64、+433%/+87%）；107（57、+1055%/+81%）；50（51、+417%/+82%）；67（50、+313%/+88%）
NFLX,,15,15（57、+0%/-11%）；32（55、+1%/-2%）；28（51、+2%/-9%）；18（43、-11%/-5%）,36,39（67、+29%/+1%）；45（64、+3%/-12%）；36（63、+29%/+4%）；42（58、+7%/-10%）,78,81（87、+60%/+13%）；109（79、+10%/-5%）；78（74、+62%/+9%）
NKE,[36],20,20（55、-37%/-10%）；17（47、-42%/-16%）；23（47、-33%/-11%）；28（47、-36%/-12%）,45,45（30、-33%/+6%）；41（29、-34%/-4%）；34（22、-39%/-15%）；38（20、-35%/-16%）,102,108（87、-22%/-8%）；102（83、-33%/-2%）；105（79、-27%/-6%）；92（73、-31%/-9%）
NOK,"[17, 41]",27,30（75、+57%/+38%）；19（69、+57%/+10%）；27（62、+134%/+15%）,44,41（64、+101%/+24%）；44（59、+123%/+27%）；34（49、+93%/+42%）,92,109（75、+5%/+14%）；92（72、+136%/+20%）；88（70、+107%/+6%）；106（64、+7%/+10%）
NU,"[17, 50, 78]",20,28（61、-8%/-9%）；16（60、-13%/-20%）；25（58、-13%/-11%）；20（55、+3%/-12%）；31（50、-7%/-9%）,45,45（49、+0%/-9%）；35（40、-7%/-18%）,76,80（91、+64%/+17%）；76（88、+60%/+20%）；83（86、+33%/+17%）；53（82、+26%/+7%）；87（78、+52%/+20%）
NVO,"[22, 27, 64]",16,28（62、+2%/+0%）；16（55、+11%/+12%）；19（50、+18%/+3%）；25（49、-12%/-3%）；31（47、+20%/+8%）,39,42（60、-29%/-16%）；45（52、-34%/-17%）；39（46、-35%/-17%）,96,85（85、-23%/-5%）；90（82、-21%/-19%）；96（82、+15%/-10%）；82（81、-16%/-6%）；99（77、-24%/-8%）
ODFL,"[17, 21, 44, 51]",18,15（50、+5%/+8%）；18（44、+25%/+7%）；23（43、+14%/-8%）,36,39（54、-16%/-16%）；44（52、-12%/-17%）；36（46、-9%/-7%）,84,95（82、-10%/+32%）；92（72、-8%/+31%）；72（71、-8%/+4%）；84（70、+20%/+18%）；81（67、+13%/+12%）
PEP,"[97, 110]",22,22（49、+1%/+8%）；25（38、-7%/-4%）；17（37、-13%/-0%）,42,45（58、-19%/-9%）；42（47、-21%/-10%）,108,102（86、-17%/-16%）；99（84、-18%/-18%）；105（84、-17%/-18%）；108（81、-10%/-13%）；96（79、-24%/-20%）
PGR,"[23, 34, 96]",15,33（44、-21%/-9%）；30（33、-19%/-13%）；15（32、-16%/-10%）；27（32、-17%/-14%）；18（30、-23%/-14%）,40,40（47、-16%/-10%）；34（44、-25%/-23%）；37（39、-30%/-15%）；43（37、-26%/-26%）,95,86（75、+80%/+10%）；83（73、+76%/+10%）；92（73、+68%/+5%）；95（73、+66%/+31%）；98（72、+71%/+31%）
PLTR,"[30, 37]",17,31（65、-19%/-16%）；17（59、+5%/-1%）；22（58、-19%/+7%）；25（53、-31%/-15%）,43,34（50、+135%/+59%）；43（42、+293%/+17%）；37（41、+115%/-16%）；40（38、+187%/-18%）,100,97（86、+570%/+2%）；86（83、+240%/-9%）；100（83、+608%/+10%）；94（78、+521%/-12%）；89（78、+214%/-12%）
PYPL,"[29, 56]",21,21（49、-8%/-5%）；18（36、-22%/-23%）；24（36、-11%/-18%）,42,42（37、+43%/+16%）；45（35、+51%/+13%）；37（34、+22%/-1%）；34（27、+5%/-16%）,58,66（79、-3%/+11%）；74（78、-12%/+6%）；58（73、+12%/+9%）；71（70、-14%/+11%）；77（66、-4%/+16%）
QCOM,,29,32（85、+14%/+11%）；29（79、+10%/+9%）；26（75、+11%/-11%）,38,34（74、-2%/+7%）；38（68、+12%/+16%）,103,106（97、+44%/+35%）；110（93、+36%/+37%）；103（92、+45%/+37%）；63（89、+47%/+13%）；96（89、+13%/-0%）
ROST,[23],21,27（86、+49%/+28%）；24（83、+56%/+26%）；30（79、+41%/+30%）；21（74、+54%/+27%）,45,39（79、+28%/+25%）；45（77、+40%/+25%）；36（75、+26%/+13%）；42（74、+26%/+23%）,52,52（97、+59%/+34%）；49（96、+31%/+19%）；55（93、+34%/+22%）；110（83、+38%/+13%）
RRX,[21],18,21（56、+2%/-3%）；28（54、-7%/-14%）；32（53、-16%/-2%）；18（49、-0%/-5%）；15（48、-15%/-17%）,34,34（39、-24%/-14%）；37（26、-22%/-10%）；44（26、-45%/-16%）,100,110（43、-25%/-4%）；103（34、-32%/+3%）；100（33、-38%/+5%）；107（29、-38%/+8%）
RTX,"[22, 33, 45, 47]",27,32（59、+16%/+6%）；27（56、+23%/+14%）；24（53、+20%/+5%）,42,45（75、+66%/+8%）；42（60、+71%/+12%）,104,100（98、+20%/+12%）；97（96、+22%/+8%）；80（93、+37%/+19%）；77（93、+26%/+7%）；104（93、+66%/+13%）
SAIC,[37],31,31（56、+23%/+18%）；17（53、+19%/+7%）；23（44、-3%/-2%）,34,42（69、+26%/+31%）；45（64、+11%/+26%）；34（54、+38%/+26%）,57,108（91、-2%/+9%）；105（88、-11%/+1%）；67（86、-23%/-16%）；73（86、-14%/-11%）；57（82、+1%/+3%）
SBUX,[40],30,33（53、-12%/-4%）；30（44、-12%/-0%）；19（38、-27%/-6%）,39,35（56、+11%/+8%）；39（55、+23%/+15%）；42（47、-1%/+12%）；45（43、-1%/+4%）,76,110（82、-24%/+2%）；76（82、-18%/-7%）；106（80、-30%/-11%）；102（78、-18%/-1%）；81（75、-18%/-1%）
SCHW,"[21, 37]",24,33（47、-14%/-7%）；30（44、-16%/-12%）；27（37、-12%/-9%）；24（33、+2%/+0%）,37,37（69、+16%/+8%）；41（67、+9%/-14%）；45（66、+11%/-13%）,98,103（81、+18%/+8%）；98（79、+30%/+18%）；110（76、+20%/+22%）；106（71、+17%/+11%）；46（67、+20%/-12%）
SFM,[24],15,21（67、-19%/+3%）；33（63、-14%/-1%）；18（58、-8%/-6%）；15（54、-8%/-3%）,40,34（64、+38%/+30%）；37（53、+53%/+39%）；40（52、+128%/+39%）,97,108（92、+207%/-0%）；105（92、+176%/-11%）；100（91、+199%/+3%）；97（86、+188%/+9%）
SMCI,[24],16,24（65、+33%/+8%）；27（62、-11%/+5%）；21（60、+20%/+9%）；31（59、+10%/+8%）；16（57、+25%/+17%）,45,34（38、-54%/+18%）；38（35、-59%/+6%）；42（34、-70%/+4%）；45（24、-44%/+34%）,105,95（49、+63%/+52%）；105（49、+705%/+134%）；110（49、+519%/+205%）；92（48、+14%/+47%）；99（46、+498%/+76%）
SOFI,[35],31,28（64、-37%/+26%）；20（63、-28%/-1%）；17（61、-25%/-2%）；25（60、-40%/+12%）；31（58、-30%/+31%）,36,45（57、+129%/-5%）；42（51、+85%/-21%）；36（49、+153%/+38%）；39（48、+98%/+5%）,82,77（86、+31%/-10%）；82（84、+98%/+5%）；74（77、+22%/-22%）；85（75、-5%/+3%）；71（75、+29%/-27%）
SSD,"[18, 68]",15,15（67、+13%/+19%）；18（60、+5%/+11%）；22（54、-7%/+5%）,37,43（35、-24%/-10%）；40（30、-22%/-12%）；37（23、-20%/-9%）,95,92（72、+20%/-4%）；95（68、+22%/+10%）；98（65、+9%/-11%）；101（63、+12%/+6%）；89（60、+11%/-6%）
TGT,"[20, 34, 40]",15,15（67、+18%/+14%）,45,45（32、-12%/-10%）；35（30、-31%/-18%）；41（29、-18%/-24%）；38（28、-26%/-27%）,89,92（87、-3%/-7%）；77（75、+14%/+5%）；95（74、+28%/-4%）；62（73、-2%/+1%）；89（73、+29%/+20%）
TMO,"[25, 85]",19,22（69、+15%/+21%）；16（69、+25%/+20%）；19（67、+31%/+26%）；33（67、+18%/+7%）；25（64、+15%/+21%）,37,34（70、+32%/+13%）；37（64、+48%/+35%）,91,110（99、+56%/+6%）；102（99、+47%/+6%）；105（99、+53%/+8%）；99（99、+8%/+2%）；91（99、+64%/+26%）
TSCO,"[25, 107]",25,33（50、-23%/-10%）；29（48、-22%/-9%）；25（43、-18%/-3%）；16（39、-37%/-21%）；22（35、-25%/-13%）,34,34（53、-21%/-16%）；37（46、-32%/-23%）,75,81（91、-8%/+8%）；78（88、-4%/+5%）；86（87、-13%/-7%）；93（85、-17%/-15%）；75（85、-6%/+6%）
TSLA,[20],27,32（60、+5%/+4%）；27（49、+12%/-7%）,34,34（40、+64%/+13%）；44（37、+58%/+5%）；38（35、+57%/+4%）；41（32、+33%/-2%）,107,88（41、+6%/-6%）；104（39、+20%/-10%）；107（36、+22%/+0%）；110（34、+5%/-10%）；101（31、+8%/-20%）
TSM,"[27, 37, 64]",22,15（55、+2%/+6%）；22（51、+16%/+32%）；18（49、-12%/-1%）；28（43、+5%/+19%）；33（40、+24%/+19%）,35,38（53、+92%/+34%）；41（47、+27%/+3%）；35（46、+91%/+35%）；44（41、+84%/+12%）,110,110（91、+325%/+42%）；107（90、+256%/+36%）；104（89、+189%/+15%）；101（86、+175%/+10%）；85（77、+208%/+31%）
TTC,"[29, 85]",17,33（33、+3%/-3%）；26（28、-1%/-14%）；23（26、-7%/-15%）；30（25、+4%/-10%）；17（24、-1%/+3%）,41,44（58、-3%/+13%）；41（54、-1%/+6%）；35（49、-5%/-1%）；38（44、-1%/-4%）,74,86（78、-30%/-14%）；74（77、-30%/-3%）；83（66、-22%/-9%）；89（64、-34%/-24%）
TXRH,"[25, 19, 34]",18,15（46、-10%/-9%）；18（44、-1%/+11%）；25（41、-5%/+2%）；21（39、+2%/+15%）；29（35、-3%/+4%）,44,44（62、+15%/+11%）；41（55、+12%/+2%）,99,107（91、+23%/+1%）；110（85、+17%/+5%）；104（84、+37%/+6%）；99（76、+35%/+6%）
UHS,"[27, 76]",30,30（78、+30%/+20%）；33（70、+32%/+24%）；27（66、-2%/-1%）,35,35（70、+24%/+23%）；38（58、+20%/+15%）,92,110（99、+45%/+9%）；107（98、+44%/+6%）；92（93、+45%/+5%）；66（90、+9%/-5%）；80（89、+43%/-17%）
ULTA,,17,27（67、+11%/+2%）；24（57、+14%/+3%）；17（56、+10%/+8%）,41,45（72、+65%/-8%）；41（60、+84%/+31%）,110,110（92、+32%/+15%）；107（86、+25%/+5%）；85（85、+35%/-10%）；104（85、+32%/+1%）；101（82、+22%/+4%）
UNH,,33,33（63、+21%/-4%）,44,44（85、-4%/+3%）；41（84、-5%/-9%）,70,53（89、-9%/-4%）；74（89、-14%/+3%）；50（86、-7%/-3%）；70（85、+6%/+6%）；57（85、-22%/-2%）
UNP,[27],17,26（73、+15%/+7%）；17（70、+18%/+15%）；29（66、+7%/+1%）；23（65、+7%/+9%）；20（60、+7%/+7%）,34,34（50、-8%/-15%）；38（50、-18%/-26%）；41（47、-16%/-22%）,100,100（69、-14%/-1%）；110（64、-14%/+8%）；103（63、-11%/+2%）；97（59、-16%/-4%）；94（56、-14%/-6%）
UPS,"[17, 23, 26, 47]",23,32（75、+24%/+14%）；29（65、+25%/+15%）；23（63、+20%/+12%）,34,40（70、-16%/+6%）；45（69、-23%/+8%）；34（68、+7%/+12%）；37（56、-18%/+3%）,49,93（83、-53%/-26%）；49（82、-17%/+4%）；90（79、-49%/-33%）；96（79、-55%/-27%）；99（77、-56%/-27%）
WDFC,"[27, 85]",15,28（48、-4%/+5%）；15（43、+1%/+2%）；25（43、-1%/-6%）；19（40、-6%/-3%）；31（40、-3%/+8%）,41,38（39、-34%/-9%）；41（32、-18%/-6%）；34（32、-26%/-13%）；44（27、-13%/-6%）,102,102（88、-3%/+10%）；90（85、-22%/-17%）；87（83、-18%/-11%）；99（79、-26%/-7%）；109（79、+7%/-6%）
WMT,,23,32（57、-5%/-0%）；29（55、+1%/+3%）；26（49、-0%/+4%）；23（43、-8%/+3%）,44,44（66、+31%/+19%）；41（59、+26%/+10%）；34（55、+15%/-1%）,110,89（94、+88%/+9%）；92（92、+84%/+6%）；110（91、+115%/+19%）；107（90、+104%/+14%）；85（87、+97%/+15%）
WSO,"[19, 59]",29,32（53、-2%/-8%）；29（40、-4%/-7%）,34,45（62、-24%/-11%）；42（58、-25%/-16%）；34（50、-19%/-11%）；39（47、-23%/-9%）,55,63（79、-26%/-0%）；55（77、-18%/-12%）；60（71、-20%/-5%）；52（66、-23%/-22%）；49（64、-33%/-29%）
ZTS,"[30, 56]",15,15（50、-27%/-20%）；18（47、-29%/-19%）,38,38（35、-43%/-24%）；43（34、-41%/-25%）,75,97（83、-20%/-23%）；101（80、-24%/-25%）；83（74、-26%/-19%）；75（73、-22%/-13%）；89（73、-26%/-26%）
