ticker,range,sealed_final,prev_select_final,replay_final,changed,candidates_identical_vs_prev_select,candidates_match_sealed_tol,candidates_bit_identical_sealed
HUBB,短期,26,26,26,False,True,True,True
HUBB,中期,44,44,44,False,True,True,False
HUBB,長期,88,88,88,False,True,True,True
USB,短期,26,26,26,False,True,True,False
USB,中期,35,35,35,False,True,True,False
USB,長期,50,50,50,False,True,True,True
CBOE,短期,15,15,15,False,True,True,True
CBOE,中期,45,45,45,False,True,True,True
CBOE,長期,46,46,46,False,True,True,True
MMM,短期,15,15,15,False,True,True,True
MMM,中期,43,43,43,False,True,True,False
MMM,長期,56,56,56,False,True,True,True
XYZ,短期,18,18,18,False,True,True,True
XYZ,中期,34,34,34,False,True,True,True
XYZ,長期,76,76,76,False,True,True,True
FOXA,短期,31,31,31,False,True,True,True
FOXA,中期,42,42,42,False,True,True,True
FOXA,長期,72,72,72,False,True,True,True
AIG,短期,21,21,21,False,True,True,True
AIG,中期,34,34,34,False,True,True,True
AIG,長期,95,95,95,False,True,True,True
TDY,短期,20,20,20,False,True,True,True
TDY,中期,34,34,34,False,True,True,True
TDY,長期,63,63,63,False,True,True,True
EXPD,短期,32,32,32,False,True,True,True
EXPD,中期,41,41,41,False,True,True,True
EXPD,長期,46,46,46,False,True,True,True
PNR,短期,28,28,28,False,True,True,True
PNR,中期,45,45,45,False,True,True,True
PNR,長期,107,107,107,False,True,True,True
NVDA,短期,31,31,31,False,True,True,True
NVDA,中期,40,40,40,False,True,True,True
NVDA,長期,107,107,107,False,True,True,True
WDAY,短期,33,33,33,False,True,True,True
WDAY,中期,43,43,43,False,True,True,True
WDAY,長期,68,68,68,False,True,True,True
CRL,短期,17,17,17,False,True,True,True
CRL,中期,40,40,40,False,True,True,True
CRL,長期,70,70,70,False,True,True,True
SYF,短期,28,28,28,False,True,True,True
SYF,中期,41,41,41,False,True,True,False
SYF,長期,110,110,110,False,True,True,True
MA,短期,29,29,29,False,True,True,True
MA,中期,38,38,38,False,True,True,True
MA,長期,110,110,110,False,True,True,True
STZ,短期,24,24,24,False,True,True,True
STZ,中期,44,44,44,False,True,True,False
STZ,長期,95,95,95,False,True,True,True
FAST,短期,23,23,23,False,True,True,True
FAST,中期,45,45,45,False,True,True,False
FAST,長期,62,62,62,False,True,True,True
SW,短期,15,15,15,False,True,True,True
SW,中期,41,41,41,False,True,True,True
SW,長期,102,102,102,False,True,True,True
CNP,短期,18,18,18,False,True,True,True
CNP,中期,45,45,45,False,True,True,False
CNP,長期,68,68,68,False,True,True,True
DHI,短期,15,15,15,False,True,True,True
DHI,中期,44,44,44,False,True,True,True
DHI,長期,56,56,56,False,True,True,True
ERIE,短期,33,33,33,False,True,True,False
ERIE,中期,35,35,35,False,True,True,True
ERIE,長期,72,72,72,False,True,True,True
PFG,短期,30,30,30,False,True,True,True
PFG,中期,35,35,35,False,True,True,True
PFG,長期,92,92,92,False,True,True,True
ICE,短期,17,17,17,False,True,True,True
ICE,中期,37,37,37,False,True,True,False
ICE,長期,54,54,54,False,True,True,True
LYB,短期,29,29,29,False,True,True,True
LYB,中期,34,34,34,False,True,True,False
LYB,長期,86,86,86,False,True,True,True
IDXX,短期,15,15,15,False,True,True,True
IDXX,中期,37,37,37,False,True,True,True
IDXX,長期,110,110,110,False,True,True,True
WSM,短期,16,16,16,False,True,True,True
WSM,中期,45,45,45,False,True,True,True
WSM,長期,96,96,96,False,True,True,True
OKE,短期,23,23,23,False,True,True,True
OKE,中期,43,43,43,False,True,True,False
OKE,長期,110,110,110,False,True,True,True
SNPS,短期,25,25,25,False,True,True,True
SNPS,中期,34,34,34,False,True,True,False
SNPS,長期,51,51,51,False,True,True,True
TXN,短期,29,29,29,False,True,True,True
TXN,中期,45,45,45,False,True,True,True
TXN,長期,58,58,58,False,True,True,True
CDNS,短期,19,19,19,False,True,True,True
CDNS,中期,44,44,44,False,True,True,False
CDNS,長期,79,79,79,False,True,True,True
FCX,短期,18,18,18,False,True,True,True
FCX,中期,45,45,45,False,True,True,True
FCX,長期,75,75,75,False,True,True,True
DE,短期,18,18,18,False,True,True,True
DE,中期,42,42,42,False,True,True,True
DE,長期,86,86,86,False,True,True,True
P,短期,30,30,30,False,True,True,True
P,中期,34,34,34,False,True,True,True
P,長期,80,80,80,False,True,True,True
LUV,短期,17,17,17,False,True,True,True
LUV,中期,43,43,43,False,True,True,False
LUV,長期,77,77,77,False,True,True,True
WFC,短期,15,15,15,False,True,True,True
WFC,中期,35,35,35,False,True,True,True
WFC,長期,72,72,72,False,True,True,True
TYL,短期,21,21,21,False,True,True,True
TYL,中期,45,45,45,False,True,True,True
TYL,長期,110,110,110,False,True,True,True
TPL,短期,25,25,25,False,True,True,True
TPL,中期,34,34,34,False,True,True,True
TPL,長期,96,96,96,False,True,True,True
GIS,短期,32,32,32,False,True,True,True
GIS,中期,42,42,42,False,True,True,False
GIS,長期,66,66,66,False,True,True,True
GRMN,短期,19,19,19,False,True,True,False
GRMN,中期,42,42,42,False,True,True,True
GRMN,長期,110,110,110,False,True,True,True
NSC,短期,23,23,23,False,True,True,True
NSC,中期,38,38,38,False,True,True,False
NSC,長期,77,77,77,False,True,True,True
VRTX,短期,23,23,23,False,True,True,True
VRTX,中期,45,45,45,False,True,True,False
VRTX,長期,72,72,72,False,True,True,True
VRSK,短期,19,19,19,False,True,True,True
VRSK,中期,45,45,45,False,True,True,False
VRSK,長期,49,49,49,False,True,True,True
L,短期,32,32,32,False,True,True,True
L,中期,34,34,34,False,True,True,True
L,長期,110,110,110,False,True,True,True
CTVA,短期,30,30,30,False,True,True,True
CTVA,中期,34,34,34,False,True,True,True
CTVA,長期,94,94,94,False,True,True,True
NTAP,短期,17,17,17,False,True,True,True
NTAP,中期,44,44,44,False,True,True,True
NTAP,長期,110,110,110,False,True,True,True
LDOS,短期,31,31,31,False,True,True,True
LDOS,中期,36,36,36,False,True,True,False
LDOS,長期,86,86,86,False,True,True,True
HPE,短期,20,20,20,False,True,True,True
HPE,中期,45,45,45,False,True,True,True
HPE,長期,47,47,47,False,True,True,True
SWKS,短期,15,15,15,False,True,True,True
SWKS,中期,38,38,38,False,True,True,False
SWKS,長期,110,110,110,False,True,True,True
PG,短期,22,22,25,True,True,True,True
PG,中期,45,45,45,False,True,True,True
PG,長期,53,53,53,False,True,True,True
BE,短期,26,26,26,False,True,True,True
BE,中期,40,40,40,False,True,True,True
BE,長期,66,66,66,False,True,True,True
SPGI,短期,17,17,17,False,True,True,True
SPGI,中期,45,45,45,False,True,True,True
SPGI,長期,55,55,55,False,True,True,True
ADSK,短期,19,19,19,False,True,True,True
ADSK,中期,34,34,34,False,True,True,True
ADSK,長期,102,102,102,False,True,True,True
XOM,短期,29,29,29,False,True,True,True
XOM,中期,44,44,44,False,True,True,False
XOM,長期,55,55,55,False,True,True,True
VICI,短期,22,22,22,False,True,True,True
VICI,中期,35,35,35,False,True,True,False
VICI,長期,103,103,103,False,True,True,True
MRSH,短期,25,25,25,False,True,True,True
MRSH,中期,34,34,34,False,True,True,False
MRSH,長期,100,100,100,False,True,True,True
IP,短期,29,29,29,False,True,True,True
IP,中期,38,38,38,False,True,True,True
IP,長期,71,71,71,False,True,True,True
AES,短期,22,22,22,False,True,True,True
AES,中期,35,35,35,False,True,True,False
AES,長期,91,91,91,False,True,True,True
FICO,短期,33,33,33,False,True,True,True
FICO,中期,34,34,34,False,True,True,True
FICO,長期,49,49,49,False,True,True,True
MPWR,短期,20,20,20,False,True,True,True
MPWR,中期,40,40,40,False,True,True,False
MPWR,長期,86,86,86,False,True,True,True
NVR,短期,30,30,30,False,True,True,True
NVR,中期,42,42,42,False,True,True,True
NVR,長期,87,87,87,False,True,True,True
ROP,短期,17,17,17,False,True,True,True
ROP,中期,45,45,45,False,True,True,False
ROP,長期,53,53,53,False,True,True,True
CMCSA,短期,31,31,31,False,True,True,True
CMCSA,中期,42,42,42,False,True,True,True
CMCSA,長期,58,58,58,False,True,True,True
ZBH,短期,16,16,16,False,True,True,True
ZBH,中期,45,45,45,False,True,True,False
ZBH,長期,85,85,85,False,True,True,True
PSA,短期,33,33,33,False,True,True,True
PSA,中期,42,42,42,False,True,True,True
PSA,長期,49,49,49,False,True,True,True
ETR,短期,31,31,31,False,True,True,True
ETR,中期,39,39,39,False,True,True,False
ETR,長期,83,83,83,False,True,True,True
EMR,短期,15,15,15,False,True,True,True
EMR,中期,38,38,38,False,True,True,True
EMR,長期,60,60,60,False,True,True,True
PNC,短期,27,27,27,False,True,True,True
PNC,中期,45,45,45,False,True,True,True
PNC,長期,58,58,58,False,True,True,True
GLW,短期,28,28,28,False,True,True,True
GLW,中期,45,45,45,False,True,True,False
GLW,長期,92,92,92,False,True,True,True
MO,短期,32,32,32,False,True,True,True
MO,中期,37,37,37,False,True,True,False
MO,長期,69,69,69,False,True,True,True
COHR,短期,29,29,29,False,True,True,True
COHR,中期,45,45,45,False,True,True,False
COHR,長期,110,110,110,False,True,True,True
VST,短期,27,27,27,False,True,True,True
VST,中期,38,38,38,False,True,True,False
VST,長期,81,81,81,False,True,True,True
FE,短期,19,19,19,False,True,True,True
FE,中期,40,40,40,False,True,True,True
FE,長期,62,62,62,False,True,True,True
KR,短期,33,33,33,False,True,True,True
KR,中期,36,36,36,False,True,True,True
KR,長期,110,110,110,False,True,True,True
FIX,短期,33,33,33,False,True,True,True
FIX,中期,43,43,43,False,True,True,True
FIX,長期,90,90,90,False,True,True,True
FIS,短期,16,16,16,False,True,True,True
FIS,中期,45,45,45,False,True,True,False
FIS,長期,108,108,108,False,True,True,True
ILMN,短期,26,26,26,False,True,True,True
ILMN,中期,43,43,43,False,True,True,True
ILMN,長期,81,81,81,False,True,True,True
SYK,短期,15,15,15,False,True,True,True
SYK,中期,44,44,44,False,True,True,False
SYK,長期,101,101,101,False,True,True,True
KDP,短期,19,19,19,False,True,True,True
KDP,中期,34,34,34,False,True,True,True
KDP,長期,53,53,53,False,True,True,True
BAX,短期,31,31,31,False,True,True,True
BAX,中期,41,41,41,False,True,True,True
BAX,長期,89,89,89,False,True,True,True
EFX,短期,29,29,29,False,True,True,True
EFX,中期,42,42,42,False,True,True,False
EFX,長期,99,99,99,False,True,True,True
WRB,短期,15,15,15,False,True,True,True
WRB,中期,44,44,44,False,True,True,False
WRB,長期,82,82,82,False,True,True,True
IEX,短期,18,18,18,False,True,True,True
IEX,中期,37,37,37,False,True,True,True
IEX,長期,62,62,62,False,True,True,True
ADM,短期,21,21,21,False,True,True,True
ADM,中期,40,40,40,False,True,True,True
ADM,長期,70,70,70,False,True,True,True
DHR,短期,29,29,29,False,True,True,True
DHR,中期,44,44,44,False,True,True,False
DHR,長期,79,79,79,False,True,True,True
TEL,短期,22,22,22,False,True,True,True
TEL,中期,34,34,34,False,True,True,False
TEL,長期,105,105,105,False,True,True,True
BKNG,短期,26,26,26,False,True,True,True
BKNG,中期,39,39,39,False,True,True,True
BKNG,長期,107,107,107,False,True,True,True
AWK,短期,29,29,29,False,True,True,True
AWK,中期,45,45,45,False,True,True,True
AWK,長期,61,61,61,False,True,True,True
WAB,短期,27,27,27,False,True,True,True
WAB,中期,37,37,37,False,True,True,True
WAB,長期,56,56,56,False,True,True,True
JKHY,短期,15,15,15,False,True,True,True
JKHY,中期,43,43,43,False,True,True,True
JKHY,長期,72,72,72,False,True,True,True
GILD,短期,32,32,32,False,True,True,True
GILD,中期,45,45,45,False,True,True,False
GILD,長期,47,47,47,False,True,True,True
VRT,短期,20,20,20,False,True,True,True
VRT,中期,42,42,42,False,True,True,False
VRT,長期,99,99,99,False,True,True,True
VEEV,短期,27,27,27,False,True,True,True
VEEV,中期,45,45,45,False,True,True,False
VEEV,長期,110,110,110,False,True,True,True
CFG,短期,27,27,27,False,True,True,True
CFG,中期,34,34,34,False,True,True,True
CFG,長期,105,105,105,False,True,True,True
APD,短期,24,24,24,False,True,True,True
APD,中期,43,43,43,False,True,True,False
APD,長期,82,82,82,False,True,True,True
FDX,短期,18,18,21,True,True,True,True
FDX,中期,45,45,45,False,True,True,False
FDX,長期,107,107,107,False,True,True,True
FLEX,短期,29,29,29,False,True,True,True
FLEX,中期,43,43,43,False,True,True,True
FLEX,長期,110,110,110,False,True,True,True
HWM,短期,28,28,28,False,True,True,True
HWM,中期,42,42,42,False,True,True,True
HWM,長期,105,105,105,False,True,True,True
CAH,短期,21,21,21,False,True,True,True
CAH,中期,44,44,44,False,True,True,True
CAH,長期,83,83,83,False,True,True,True
MKC,短期,33,33,33,False,True,True,True
MKC,中期,34,34,34,False,True,True,False
MKC,長期,47,47,47,False,True,True,True
NCLH,短期,21,21,21,False,True,True,True
NCLH,中期,41,41,41,False,True,True,False
NCLH,長期,58,58,58,False,True,True,True
