scope,stat,n_candidates,pooled_spearman,cluster_bootstrap_95ci,within_ticker_mean_spearman,n_tickers_within,shorter,same,longer,mean_shift,median_shift,sign_test_p
all 83 tickers short candidates,period vs SAR_total_return,321,0.113,"[0.016, 0.205]",0.081,72.0,,,,,,
all 83 tickers short candidates,period vs trade_count,321,-0.429,"[-0.513, -0.346]",-0.692,72.0,,,,,,
all 83 tickers short candidates,trade_count vs SAR_total_return,321,-0.576,"[-0.703, -0.426]",-0.436,72.0,,,,,,
61 labelled tickers,period vs SAR_total_return,233,0.117,"[0.011, 0.236]",0.033,51.0,,,,,,
61 labelled tickers,period vs trade_count,233,-0.434,"[-0.534, -0.338]",-0.652,51.0,,,,,,
61 labelled tickers,trade_count vs SAR_total_return,233,-0.545,"[-0.708, -0.336]",-0.415,51.0,,,,,,
all 83 tickers,sar_best − structural_best,83,,,,,30.0,35.0,18.0,-0.87,0.0,0.1114
all 83 tickers,sar_final − structural_best,83,,,,,40.0,32.0,11.0,-3.13,0.0,0.0001
all 83 tickers,legacy_final − structural_best,83,,,,,47.0,26.0,10.0,-4.43,-3.0,0.0
61 labelled tickers,sar_best − structural_best,61,,,,,22.0,26.0,13.0,-1.05,0.0,0.1755
61 labelled tickers,sar_final − structural_best,61,,,,,30.0,22.0,9.0,-3.07,0.0,0.0011
61 labelled tickers,legacy_final − structural_best,61,,,,,36.0,17.0,8.0,-4.49,-3.0,0.0
