ticker,structural_best,sar_best,legacy_final,sar_final,user_MAs,structural_best_score,sar_best_return,candidates
AAPL,30,27,27,27,24,68.2,0.2967032093657167,"30(s68,r+21%,n15) 27(s66,r+30%,n14)"
ABT,15,15,15,15,,50.5,0.2575417321887399,"15(s50,r+26%,n22) 33(s42,r+4%,n20) 30(s41,r+2%,n22)"
ACN,16,33,33,33,25 27 32,43.9,0.7579228667762596,"16(s44,r+8%,n39) 29(s32,r+8%,n34) 19(s31,r-2%,n38) 33(s29,r+76%,n22)"
ADBE,19,19,22,16,20,73.9,0.3259426386096209,"19(s74,r+33%,n25) 22(s73,r+19%,n24) 16(s67,r+28%,n31) 27(s65,r+0%,n24)"
AEP,24,21,24,21,33,69.3,0.2341565637299965,"24(s69,r+23%,n14) 21(s62,r+23%,n15) 33(s57,r+10%,n14) 29(s57,r+20%,n11)"
AJG,32,32,29,29,,62.0,0.24273183276544064,"32(s62,r+24%,n19) 16(s53,r+5%,n30) 29(s52,r+23%,n23)"
ALSN,28,20,15,20,19 32,50.2,0.011072826127807023,"28(s50,r-24%,n32) 32(s45,r-23%,n30) 23(s45,r-8%,n37) 15(s37,r-8%,n38) 20(s36,r+1%,n34)"
AMAT,15,33,33,33,,57.9,0.6647102858405134,"15(s58,r-3%,n42) 33(s57,r+66%,n23) 29(s52,r+33%,n29) 26(s51,r+38%,n34) 22(s51,r-13%,n39)"
AMD,33,33,27,30,32,72.5,1.8390962441242515,"33(s72,r+184%,n25) 30(s71,r+182%,n29) 27(s59,r+102%,n39) 21(s58,r+73%,n48)"
ASML,23,30,15,26,24,57.9,-0.06537114565374269,"23(s58,r-13%,n31) 26(s54,r-8%,n30) 30(s52,r-7%,n29) 20(s50,r-40%,n42) 15(s49,r-36%,n47)"
AVGO,32,32,32,32,29,58.8,-0.14297933546009634,"32(s59,r-14%,n30) 29(s45,r-31%,n40)"
BA,31,15,15,15,,52.8,0.12105723299278792,"31(s53,r+9%,n21) 28(s46,r-4%,n27) 15(s41,r+12%,n32) 23(s38,r+1%,n29)"
BAC,26,15,15,15,17 22,68.2,0.3181645199011285,"26(s68,r+21%,n18) 15(s62,r+32%,n22) 23(s58,r+24%,n18) 29(s56,r+3%,n20)"
BB,33,33,33,33,17,67.0,2.1279215146088,"33(s67,r+213%,n15) 30(s54,r+202%,n20) 19(s54,r+109%,n35)"
CAT,33,33,15,33,,49.2,0.49090661083418863,"33(s49,r+49%,n16) 28(s49,r+27%,n25) 15(s42,r+22%,n29) 25(s42,r+19%,n27) 21(s36,r+5%,n33)"
CME,33,22,15,18,21,39.7,0.11448598968282497,"33(s40,r+2%,n19) 22(s35,r+11%,n21) 18(s34,r+9%,n25) 15(s33,r-7%,n32) 30(s33,r-1%,n21)"
COST,33,21,18,21,,32.0,-0.19752914450639103,"33(s32,r-25%,n23) 24(s31,r-22%,n25) 28(s29,r-24%,n25) 18(s24,r-30%,n30) 21(s24,r-20%,n25)"
CRWD,31,31,28,15,29 31,72.7,0.6181151343471003,"31(s73,r+62%,n20) 28(s68,r+54%,n25) 15(s63,r+60%,n40) 21(s59,r+37%,n38)"
CSX,33,15,19,15,18,56.0,0.2592233404625892,"33(s56,r+5%,n15) 15(s52,r+26%,n21) 26(s50,r+8%,n18) 29(s45,r+13%,n16) 19(s44,r+22%,n20)"
CVX,24,24,27,24,25,62.3,0.2012948355149906,"24(s62,r+20%,n14) 31(s59,r+15%,n14) 27(s52,r+20%,n13)"
DECK,26,17,26,17,,76.4,0.5688791564034383,"26(s76,r+38%,n13) 17(s75,r+57%,n20) 29(s73,r+14%,n17) 20(s73,r+28%,n20) 23(s69,r+4%,n21)"
DIS,32,32,18,32,18 25,46.0,0.004768777457969886,"32(s46,r+0%,n15) 21(s45,r-18%,n26) 18(s44,r-15%,n26) 28(s42,r-20%,n25) 25(s35,r-12%,n23)"
DUK,32,32,32,27,25 27,63.3,0.14148965623931486,"32(s63,r+14%,n10) 27(s62,r+12%,n12)"
EOG,23,23,23,23,23,66.4,0.047129853335525995,"23(s66,r+5%,n20) 31(s64,r-18%,n25) 18(s58,r-8%,n28) 26(s57,r-12%,n26)"
ETN,30,30,25,30,28,49.2,-0.47300700948579544,"30(s49,r-47%,n41) 25(s45,r-57%,n48) 15(s44,r-62%,n59) 33(s38,r-64%,n46)"
FTNT,17,32,17,17,,58.7,-0.22683047990395222,"17(s59,r-26%,n35) 32(s56,r-23%,n29) 29(s52,r-26%,n33) 20(s51,r-27%,n36) 25(s50,r-34%,n37)"
GE,20,15,15,15,18,63.5,0.28666811680209436,"20(s64,r+21%,n20) 15(s62,r+29%,n24) 28(s57,r-11%,n24) 25(s55,r-2%,n22)"
GOOGL,33,33,33,33,23,68.4,0.6907205431896417,"33(s68,r+69%,n16) 18(s60,r+43%,n27) 29(s58,r+46%,n22) 22(s55,r+59%,n23)"
GS,33,25,22,25,18,39.3,-0.081561621515017,"33(s39,r-13%,n31) 22(s34,r-20%,n38) 25(s32,r-8%,n29) 30(s29,r-15%,n30) 18(s28,r-32%,n43)"
HD,23,15,15,15,,44.9,0.12397293571770529,"23(s45,r+5%,n26) 33(s42,r+8%,n22) 26(s40,r-0%,n26) 15(s38,r+12%,n26) 20(s36,r-6%,n28)"
IBM,33,33,15,15,24,48.4,-0.44174253357945803,"33(s48,r-44%,n29) 30(s43,r-55%,n34) 15(s38,r-45%,n40) 19(s34,r-58%,n44) 27(s34,r-56%,n38)"
INTC,32,18,18,18,23,68.1,2.647740705907202,"32(s68,r+239%,n30) 15(s63,r+168%,n48) 26(s62,r+230%,n32) 18(s62,r+265%,n38) 29(s58,r+212%,n38)"
INTU,27,30,24,30,24,58.4,0.28082491522009145,"27(s58,r+13%,n32) 24(s50,r+18%,n32) 30(s47,r+28%,n26) 20(s44,r-2%,n36)"
JNJ,26,33,17,33,26 27,36.8,0.22489864829233452,"26(s37,r-17%,n27) 33(s35,r+22%,n13) 17(s32,r-13%,n29) 21(s30,r-17%,n28) 30(s27,r+6%,n19)"
KMB,15,33,15,33,21,29.5,-0.002409926537349283,"15(s30,r-25%,n32) 25(s29,r-20%,n31) 18(s26,r-36%,n35) 33(s25,r-0%,n24) 22(s24,r-23%,n33)"
KO,31,31,18,15,,48.0,0.024235862091644966,"31(s48,r+2%,n14) 15(s40,r+1%,n20) 26(s39,r+0%,n17) 23(s36,r+2%,n18) 18(s34,r+2%,n18)"
LCII,33,33,33,33,22 30,55.7,1.1499981515281443,"33(s56,r+115%,n12)"
LLY,33,33,33,33,33,55.2,-0.005870460382963016,"33(s55,r-1%,n28) 16(s46,r-21%,n44)"
LMT,15,15,26,15,16 18,73.4,0.7405294419736552,"15(s73,r+74%,n18) 26(s67,r+52%,n14) 33(s66,r+46%,n15) 18(s64,r+52%,n21)"
LULU,17,28,17,17,18,50.4,-0.44015667727943675,"17(s50,r-46%,n40) 20(s44,r-52%,n39) 28(s37,r-44%,n39)"
META,31,20,20,20,25,69.8,-0.05030210588510642,"31(s70,r-36%,n28) 20(s61,r-5%,n27) 28(s60,r-42%,n31)"
MLR,15,33,15,15,,26.1,-0.5304640207215309,"15(s26,r-56%,n48) 18(s23,r-56%,n46) 21(s15,r-64%,n54) 24(s14,r-67%,n58) 33(s13,r-53%,n41)"
MMS,28,31,28,31,26 30,58.7,0.22744707280713494,"28(s59,r-2%,n24) 31(s55,r+23%,n27) 18(s54,r-38%,n36) 25(s54,r-7%,n27) 22(s50,r-46%,n39)"
MP,32,15,15,15,,61.3,0.3878881753755139,"32(s61,r-37%,n41) 28(s58,r-33%,n43) 15(s57,r+39%,n49) 18(s54,r+10%,n42) 21(s51,r-22%,n46)"
MSFT,32,32,32,32,25,53.7,0.33091904331728794,"32(s54,r+33%,n11) 29(s48,r+16%,n18)"
MU,26,29,29,29,27,75.3,3.732715070842813,"26(s75,r+238%,n26) 29(s66,r+373%,n24) 33(s62,r+255%,n28)"
NFLX,15,32,15,28,,56.7,0.45092504135798483,"15(s57,r+5%,n33) 32(s55,r+45%,n15) 28(s51,r+41%,n18) 18(s43,r+1%,n31)"
NKE,20,23,20,20,,55.2,-0.2754225454946334,"20(s55,r-28%,n34) 17(s47,r-43%,n43) 23(s47,r-28%,n32) 28(s47,r-35%,n35)"
NOK,30,19,27,19,17,75.1,1.3123799618484848,"30(s75,r+98%,n23) 19(s69,r+131%,n23) 27(s62,r+83%,n27)"
NU,28,20,20,20,17,60.6,-0.0991865308794867,"28(s61,r-22%,n28) 16(s60,r-18%,n33) 25(s58,r-25%,n30) 20(s55,r-10%,n33) 31(s50,r-29%,n29)"
NVO,28,19,16,19,22 27,61.5,0.7705734541926401,"28(s62,r+66%,n21) 16(s55,r+36%,n32) 19(s50,r+77%,n24) 25(s49,r+35%,n25) 31(s47,r+69%,n21)"
ODFL,15,15,18,15,17 21,49.8,0.5407750495724797,"15(s50,r+54%,n30) 18(s44,r+32%,n31) 23(s43,r+26%,n25)"
PEP,22,22,22,22,,49.4,0.03245744803866213,"22(s49,r+3%,n17) 25(s38,r-8%,n19) 17(s37,r-10%,n27)"
PGR,33,33,15,33,23,44.0,-0.2671249699759589,"33(s44,r-27%,n21) 30(s33,r-33%,n28) 15(s32,r-37%,n37) 27(s32,r-33%,n30) 18(s30,r-42%,n38)"
PLTR,31,17,17,17,30,65.4,-0.2681434426324002,"31(s65,r-46%,n40) 17(s59,r-27%,n47) 22(s58,r-52%,n43) 25(s53,r-68%,n49)"
PYPL,21,21,21,21,29,49.2,0.14805791681760327,"21(s49,r+15%,n24) 18(s36,r-34%,n40) 24(s36,r-8%,n29)"
QCOM,32,26,29,26,,84.8,1.259316867078664,"32(s85,r+118%,n13) 29(s79,r+120%,n15) 26(s75,r+126%,n17)"
ROST,28,22,22,22,23,86.0,0.46930126572872166,"28(s86,r+35%,n10) 25(s83,r+43%,n10) 22(s79,r+47%,n11) 31(s71,r+19%,n13)"
RRX,21,21,18,21,21,57.3,0.08129133561271162,"21(s57,r+8%,n33) 32(s54,r-38%,n38) 28(s54,r-35%,n38) 18(s49,r-1%,n40) 15(s49,r-30%,n55)"
RTX,32,27,27,27,22 33,59.2,0.23735380911740234,"32(s59,r+11%,n17) 27(s56,r+24%,n14) 24(s53,r+17%,n19)"
SAIC,31,31,31,31,,55.6,0.3226604412084231,"31(s56,r+32%,n21) 17(s53,r+13%,n35) 23(s44,r-7%,n38)"
SBUX,33,33,30,33,,52.8,-0.1837087462834761,"33(s53,r-18%,n26) 30(s44,r-24%,n29) 19(s38,r-42%,n43)"
SCHW,33,33,24,27,21,47.2,-0.023151857459358882,"33(s47,r-2%,n22) 30(s44,r-2%,n22) 27(s37,r-5%,n24) 24(s33,r-8%,n26)"
SFM,21,33,15,21,24,67.0,0.36272897823833183,"21(s67,r+33%,n31) 33(s63,r+36%,n19) 18(s58,r+21%,n39) 15(s54,r+21%,n43)"
SMCI,24,24,16,24,24,64.9,0.5219972559043173,"24(s65,r+52%,n38) 27(s62,r-6%,n43) 21(s60,r+43%,n43) 31(s59,r+5%,n38) 16(s57,r+10%,n60)"
SOFI,28,20,31,17,,63.9,-0.22254972673928042,"28(s64,r-46%,n41) 20(s63,r-22%,n43) 17(s61,r-24%,n44) 25(s60,r-42%,n43) 31(s58,r-46%,n38)"
SSD,15,15,15,15,18,66.7,0.30551259879967496,"15(s67,r+31%,n24) 18(s60,r+15%,n24) 22(s54,r-6%,n28)"
TGT,15,15,15,15,20,66.6,-0.05132773272186819,"15(s67,r-5%,n30)"
TMO,22,33,19,16,25,69.2,0.44194728065234146,"22(s69,r+41%,n16) 16(s69,r+43%,n23) 19(s67,r+44%,n19) 33(s67,r+44%,n13) 25(s64,r+29%,n18)"
TSCO,33,29,25,25,25,50.2,0.06602798756338535,"33(s50,r+6%,n26) 29(s47,r+7%,n27) 25(s43,r+4%,n30) 16(s39,r-26%,n45) 22(s35,r-5%,n35)"
TSLA,32,27,27,27,20,60.5,0.12086695237468326,"32(s60,r-0%,n28) 27(s49,r+12%,n29)"
TSM,15,22,22,22,27,54.7,-0.23986462417257481,"15(s55,r-40%,n43) 22(s51,r-24%,n36) 18(s49,r-35%,n39) 28(s43,r-39%,n35) 25(s40,r-26%,n36)"
TTC,33,30,17,26,29,32.9,-0.11175798138351922,"33(s33,r-16%,n23) 26(s28,r-12%,n29) 23(s26,r-23%,n37) 30(s26,r-11%,n24) 17(s24,r-28%,n41)"
TXRH,15,21,18,21,19 25,45.8,0.0572087241899224,"15(s46,r-3%,n36) 18(s44,r-2%,n30) 25(s41,r-8%,n29) 21(s39,r+6%,n25) 29(s35,r+5%,n23)"
UHS,30,33,30,30,27,77.8,0.6713169612892924,"30(s78,r+65%,n11) 33(s70,r+67%,n9) 27(s67,r+28%,n16)"
ULTA,27,27,17,27,,67.1,0.2296162403556945,"27(s67,r+23%,n23) 24(s57,r+13%,n28) 17(s56,r+4%,n33)"
UNH,33,33,33,33,,62.6,0.06813285592168983,"33(s63,r+7%,n16)"
UNP,26,17,17,17,27,72.8,0.4412898675722938,"26(s73,r+23%,n12) 17(s70,r+44%,n14) 29(s66,r+11%,n15) 23(s65,r+28%,n13) 20(s60,r+25%,n17)"
UPS,32,29,23,29,17 23 26,75.2,0.6342292213061296,"32(s75,r+61%,n11) 29(s65,r+63%,n11) 23(s63,r+48%,n15)"
WDFC,28,28,15,15,27,47.9,-0.05976779603446569,"28(s48,r-6%,n27) 15(s44,r-9%,n36) 25(s43,r-13%,n30) 19(s40,r-11%,n36) 31(s40,r-15%,n30)"
WMT,32,29,23,26,,56.8,-0.20207554043120957,"32(s57,r-21%,n22) 29(s55,r-20%,n22) 26(s49,r-22%,n24) 23(s43,r-32%,n27)"
WSO,32,29,29,29,19,52.6,0.21587008263180052,"32(s53,r+17%,n21) 29(s40,r+22%,n25)"
ZTS,15,15,15,15,30,50.2,-0.10162573842690203,"15(s50,r-10%,n38) 18(s47,r-17%,n34)"
