ticker,period,structural_rank,structural_score,SAR_total_return,SAR_trade_count,SAR_long_count,SAR_short_count,SAR_wick_exit_count,SAR_exposure,count_consistent,longonly_simple,longonly_complex,selected_by_SAR_final,selected_by_legacy_final,in_61
AAPL,30,1,68.2,0.21015890626805045,15,8,7,1,0.992,True,0.19624020832567535,0.13871261165081505,False,False,True
AAPL,27,2,65.8,0.2967032093657167,14,7,7,1,0.992,True,0.4470414568762282,0.16741986037846757,True,True,True
ABT,15,1,50.5,0.2575417321887399,22,11,11,3,0.972,True,0.05391798881022192,0.02080601687482475,True,True,False
ABT,33,2,42.2,0.03831742281936834,20,10,10,3,0.98,True,0.039627560224778424,0.04430940602015676,False,False,False
ABT,30,3,41.3,0.015573671041246406,22,11,11,3,0.984,True,0.04318923861898272,0.042684577504598975,False,False,False
ACN,16,1,43.9,0.08298677651701425,39,20,19,12,0.948,True,-0.13164580515170077,-0.20009706707583663,False,False,True
ACN,29,2,31.6,0.08442135790424321,34,16,18,7,0.968,True,-0.03989094811384808,-0.03506497457995461,False,False,True
ACN,19,3,30.6,-0.022396192387921676,38,20,18,13,0.944,True,-0.17166712450415145,-0.10781624225439623,False,False,True
ACN,33,4,29.2,0.7579228667762596,22,11,11,5,0.976,True,0.16864794374357195,0.07921289834407186,True,True,True
ADBE,19,1,73.9,0.3259426386096209,25,13,12,2,0.988,True,-0.09751120845575711,0.12039024192478154,False,False,True
ADBE,22,2,73.2,0.18872537740404183,24,12,12,1,0.992,True,-0.011670306232317462,0.246669001844116,False,True,True
ADBE,16,3,67.4,0.2787471324314945,31,17,14,5,0.976,True,-0.01247688310697026,0.14361435795034483,True,False,True
ADBE,27,4,64.6,0.0025185094950603837,24,12,12,2,0.988,True,-0.0807064478692544,0.06383214217273836,False,False,True
AEP,24,1,69.3,0.23259272502501527,14,7,7,1,0.988,True,0.059090643469796644,0.06217356064594126,False,True,True
AEP,21,2,62.2,0.2341565637299965,15,7,8,0,0.996,True,0.05892910341169966,0.0013219724550503908,True,False,True
AEP,33,3,57.2,0.097517011607136,14,7,7,2,0.988,True,0.11629628022612093,0.07837954521297297,False,False,True
AEP,29,4,56.7,0.19695156365577482,11,5,6,0,0.996,True,0.10103513272799014,0.01866040003469438,False,False,True
AJG,32,1,62.0,0.24273183276544064,19,11,8,5,0.976,True,-0.0250291693741983,-0.03242104958626879,False,False,False
AJG,16,2,52.7,0.05263593301263603,30,15,15,4,0.98,True,-0.12703368135676318,-0.028098835903833885,False,False,False
AJG,29,3,52.3,0.22840909101497875,23,12,11,8,0.96,True,-0.006166340933615788,0.11457676280695694,True,True,False
ALSN,28,1,50.2,-0.23729160118091785,32,16,16,8,0.96,True,0.10008167927957756,0.02009740440045582,False,False,True
ALSN,32,2,45.0,-0.23263178759862269,30,15,15,9,0.956,True,0.06720405226136084,0.11400200070533706,False,False,True
ALSN,23,3,44.8,-0.08420468196059616,37,19,18,10,0.956,True,0.12715402593857483,0.02996762703802247,False,False,True
ALSN,15,4,37.1,-0.08484413732415808,38,20,18,11,0.952,True,0.22075375852338341,0.08183314093108063,False,True,True
ALSN,20,5,36.1,0.011072826127807023,34,18,16,11,0.948,True,0.16422021870210735,0.09979856477906313,True,False,True
AMAT,15,1,57.9,-0.02505356382659063,42,21,21,10,0.952,True,0.18231942788386868,-0.04313647328032055,False,False,False
AMAT,33,2,56.9,0.6647102858405134,23,12,11,6,0.972,True,1.2417883984963414,0.3513816056406993,True,True,False
AMAT,29,3,52.3,0.3272532878517511,29,14,15,8,0.964,True,1.018732765398398,0.2996382728721152,False,False,False
AMAT,26,4,51.2,0.3846365831082521,34,19,15,9,0.96,True,0.7023445970108306,-0.035991838688115174,False,False,False
AMAT,22,5,51.0,-0.13171272449146254,39,21,18,10,0.956,True,0.4881959817802213,-0.028590747581690223,False,False,False
AMD,33,1,72.5,1.8390962441242515,25,12,13,9,0.96,True,1.485936316439306,0.6504289005731745,False,False,True
AMD,30,2,70.7,1.8163105648084827,29,15,14,10,0.952,True,1.3641475298121937,0.5557843280451886,True,False,True
AMD,27,3,59.1,1.0201070717775265,39,18,21,17,0.929,True,2.5430095176793146,0.6112715761898866,False,True,True
AMD,21,4,58.1,0.7327722942446331,48,24,24,19,0.921,True,1.4472209558450397,0.05670626589210692,False,False,True
ASML,23,1,57.9,-0.12959133905513898,31,16,15,5,0.976,True,0.27079965636570713,0.1259930732062411,False,False,True
ASML,26,2,54.2,-0.0822936818340052,30,15,15,3,0.984,True,0.11114143502997154,0.008490950653562201,True,False,True
ASML,30,3,51.9,-0.06537114565374269,29,16,13,3,0.98,True,0.2653450608402206,0.010228719782285012,False,False,True
ASML,20,4,49.7,-0.39813600100720403,42,22,20,9,0.96,True,0.17832265865576558,0.12312166386182022,False,False,True
ASML,15,5,49.1,-0.36315253548676185,47,25,22,11,0.952,True,0.2260736964970409,0.07383163265152004,False,True,True
AVGO,32,1,58.8,-0.14297933546009634,30,15,15,5,0.976,True,0.015628266783560996,-0.04341734259680885,True,True,True
AVGO,29,2,44.7,-0.3081081396551939,40,21,19,11,0.952,True,-0.1206695025029546,-0.16397218706936578,False,False,True
BA,31,1,52.8,0.09348157462827289,21,10,11,0,0.996,True,-0.012847092841923535,-0.06279857264915167,False,False,False
BA,28,2,46.5,-0.04222556487092044,27,13,14,2,0.988,True,-0.12305488131673237,-0.10630768194823026,False,False,False
BA,15,3,40.8,0.12105723299278792,32,16,16,2,0.988,True,-0.020999148586368532,-0.0693580894560657,True,True,False
BA,23,4,38.3,0.014368938878109194,29,15,14,3,0.984,True,-0.03078231735589565,-0.08882059047160873,False,False,False
BAC,26,1,68.2,0.21358141080592286,18,9,9,2,0.976,True,0.21891818879076963,0.02914329949432104,False,False,True
BAC,15,2,61.5,0.3181645199011285,22,11,11,2,0.976,True,0.35978404114029705,0.3419658001499577,True,True,True
BAC,23,3,57.6,0.24197687713919547,18,9,9,1,0.992,True,0.22731362796349197,0.022105976080473155,False,False,True
BAC,29,4,56.4,0.034666495583556056,20,10,10,3,0.972,True,0.12546169221210834,-0.04783784036040628,False,False,True
BB,33,1,67.0,2.1279215146088,15,7,8,8,0.968,True,1.865021705348266,0.43248780000952647,True,True,True
BB,30,2,54.0,2.0244911072038057,20,10,10,7,0.972,True,1.7997871501422469,0.25011495425946784,False,False,True
BB,19,3,53.6,1.087428792265106,35,18,17,11,0.952,True,-0.26133891208513527,-0.11400808516901983,False,False,True
CAT,33,1,49.2,0.49090661083418863,16,8,8,3,0.984,True,0.3876751196915751,0.12106507749622941,True,False,False
CAT,28,2,48.7,0.26707418582823417,25,12,13,7,0.968,True,0.1907691174389834,0.02258260623519326,False,False,False
CAT,15,3,41.6,0.2234715208287168,29,16,13,7,0.968,True,0.5725612983824986,0.04189099119232442,False,True,False
CAT,25,4,41.5,0.19471727228117408,27,13,14,5,0.98,True,0.5576741038296669,0.13149820609351126,False,False,False
CAT,21,5,36.1,0.051251212399842316,33,19,14,11,0.948,True,0.2944672003177631,-0.017699008070930944,False,False,False
CME,33,1,39.7,0.015918995328604524,19,9,10,1,0.992,True,0.014383807336197929,0.06318747840890326,False,False,True
CME,22,2,35.3,0.11448598968282497,21,10,11,2,0.984,True,0.06989957822561887,-0.08794678403367695,False,False,True
CME,18,3,34.1,0.08615470794771074,25,12,13,1,0.992,True,0.053896561063857096,-0.05454691952407753,True,False,True
CME,15,4,33.3,-0.06697704575204788,32,14,18,6,0.964,True,0.07325091423855246,-0.03234089906732218,False,True,True
CME,30,5,33.1,-0.013276334918633337,21,10,11,1,0.988,True,0.017919786488555633,-0.07483006297218953,False,False,True
COST,33,1,32.0,-0.24898255147012682,23,11,12,2,0.988,True,-0.09375345364237464,-0.07441759621481259,False,False,False
COST,24,2,30.7,-0.2242239144000966,25,12,13,2,0.988,True,-0.11386797887019373,-0.08300109294485192,False,False,False
COST,28,3,29.4,-0.24136167968599176,25,12,13,2,0.988,True,-0.1025654718714264,-0.0347595161708637,False,False,False
COST,18,4,24.1,-0.298126061889611,30,15,15,3,0.964,True,-0.06535928334571584,0.035195548114333786,False,True,False
COST,21,5,23.7,-0.19752914450639103,25,12,13,2,0.984,True,-0.17218100020269955,-0.09135845281843258,True,False,False
CRWD,31,1,72.7,0.6181151343471003,20,10,10,3,0.984,True,1.029068073115245,0.4749843545886516,False,False,True
CRWD,28,2,67.8,0.5414849813284865,25,13,12,5,0.976,True,1.0139166277349845,0.622901688885874,False,True,True
CRWD,15,3,63.3,0.6045046671653522,40,21,19,9,0.96,True,0.9041941425572995,0.4430511464467344,True,False,True
CRWD,21,4,59.2,0.37220922943963575,38,20,18,14,0.94,True,0.9300031594829214,0.5765433534283098,False,False,True
CSX,33,1,56.0,0.05427771827056471,15,8,7,2,0.984,True,0.10618610971834785,0.07561198441215922,False,False,True
CSX,15,2,51.7,0.2592233404625892,21,11,10,3,0.984,True,0.21741392322483,0.06743511481011111,True,False,True
CSX,26,3,49.8,0.0815050223916336,18,9,9,2,0.988,True,0.23145544544830954,0.14523531247549104,False,False,True
CSX,29,4,44.7,0.13028214590474851,16,9,7,3,0.976,True,0.24074343613787152,0.09497095788019205,False,False,True
CSX,19,5,43.7,0.21723346169745938,20,11,9,4,0.98,True,0.3064375003674369,0.19629550891057468,False,True,True
CVX,24,1,62.3,0.2012948355149906,14,7,7,0,0.996,True,0.00791987346711398,0.018008884880952314,True,False,True
CVX,31,2,58.6,0.14518824031637378,14,7,7,0,0.996,True,-0.024044886578986735,-0.015075343136096597,False,False,True
CVX,27,3,52.1,0.19992704028112285,13,6,7,1,0.992,True,0.30141725367351535,0.11463441352727122,False,True,True
DECK,26,1,76.4,0.37894133667445273,13,6,7,1,0.992,True,0.00726124735207323,0.1202258942547183,False,True,False
DECK,17,2,74.9,0.5688791564034383,20,10,10,4,0.98,True,0.05843010250648284,-0.07973634484303183,True,False,False
DECK,29,3,73.3,0.1377687623901107,17,8,9,2,0.988,True,-0.03628719028056604,0.010989566239625104,False,False,False
DECK,20,4,72.8,0.2802468681669372,20,10,10,4,0.98,True,-0.036464285697199283,-0.07475477958148036,False,False,False
DECK,23,5,69.1,0.03649506259138402,21,10,11,3,0.984,True,-0.13396944730822824,-0.24265777510838582,False,False,False
DIS,32,1,46.0,0.004768777457969886,15,7,8,0,0.996,True,0.0020540626156504427,-0.09271244962696978,True,False,True
DIS,21,2,45.1,-0.1831392632001293,26,13,13,2,0.984,True,-0.12320107904949484,-0.05784758463483575,False,False,True
DIS,18,3,43.5,-0.14729132087883245,26,13,13,2,0.988,True,-0.061885956863534486,-0.027210388499409155,False,True,True
DIS,28,4,41.6,-0.2049492064182311,25,12,13,3,0.956,True,-0.07095666907378384,-0.13431259506599857,False,False,True
DIS,25,5,35.2,-0.11722441023781716,23,11,12,2,0.972,True,-0.13159490952246733,-0.0011450450118127842,False,False,True
DUK,32,1,63.3,0.14148965623931486,10,5,5,2,0.984,True,0.07929553265595657,0.07323681484671773,False,True,True
DUK,27,2,61.9,0.12009419333533988,12,6,6,2,0.988,True,0.045120213480993154,-0.02808482762659581,True,False,True
EOG,23,1,66.4,0.047129853335525995,20,9,11,3,0.984,True,0.17623056594571862,0.008121643284252356,True,True,True
EOG,31,2,63.7,-0.18074664238578886,25,12,13,4,0.972,True,0.05451479256139047,-0.006961793600031019,False,False,True
EOG,18,3,57.5,-0.08412548093196037,28,14,14,5,0.968,True,0.09101219570980978,-0.03427190703293892,False,False,True
EOG,26,4,57.4,-0.1216859765834728,26,12,14,4,0.98,True,0.06275159806943464,0.09324975395763513,False,False,True
ETN,30,1,49.2,-0.47300700948579544,41,22,19,10,0.952,True,-0.27927792151884157,-0.2944360286940392,True,False,True
ETN,25,2,45.3,-0.5737868436503839,48,25,23,13,0.944,True,-0.26111884347165093,-0.1443772294596395,False,True,True
ETN,15,3,44.3,-0.6226864323002682,59,31,28,15,0.933,True,-0.3668947860362499,-0.3157997253604756,False,False,True
ETN,33,4,38.2,-0.6386663814138196,46,24,22,11,0.952,True,-0.353957491711291,-0.29670198331675546,False,False,True
FTNT,17,1,58.7,-0.2628272657188109,35,18,17,10,0.956,True,0.3623872224514615,0.2024095586926018,True,True,False
FTNT,32,2,56.0,-0.22683047990395222,29,16,13,7,0.968,True,0.36358961330475115,-0.17881413558747472,False,False,False
FTNT,29,3,52.4,-0.26228852816610426,33,19,14,10,0.956,True,0.317298269069322,-0.14925597096640297,False,False,False
FTNT,20,4,50.7,-0.2664713611981119,36,20,16,11,0.952,True,0.3819074745997526,0.056066860128294094,False,False,False
FTNT,25,5,49.7,-0.3406270723630761,37,20,17,11,0.952,True,0.26791155484401075,-0.07833608773075895,False,False,False
GE,20,1,63.5,0.20642213384928776,20,10,10,1,0.992,True,0.1907405954304413,0.08272586851355945,False,False,True
GE,15,2,62.1,0.28666811680209436,24,12,12,3,0.98,True,0.16914618421199057,0.10162902552147957,True,True,True
GE,28,3,56.6,-0.11262485910320374,24,12,12,3,0.984,True,0.05390648841253087,0.010128670280549201,False,False,True
GE,25,4,55.2,-0.017632939094942568,22,11,11,3,0.984,True,0.07826307616183881,0.14572785319719395,False,False,True
GOOGL,33,1,68.4,0.6907205431896417,16,8,8,3,0.984,True,1.0225889235247472,0.4751286087774935,True,True,True
GOOGL,18,2,60.1,0.4333482774848687,27,13,14,4,0.976,True,0.7165764993647452,0.3166881657150509,False,False,True
GOOGL,29,3,58.2,0.4644935708549556,22,10,12,3,0.98,True,0.832274968420756,0.3801646243277521,False,False,True
GOOGL,22,4,55.0,0.5929099401258817,23,10,13,3,0.984,True,0.4447619828513858,0.31689445201580235,False,False,True
GS,33,1,39.3,-0.1349511319677874,31,16,15,7,0.968,True,-0.080173750549136,0.0061704433110474355,False,False,True
GS,22,2,34.1,-0.1965634513680824,38,20,18,11,0.952,True,0.14177692553015242,0.046887310197787135,False,True,True
GS,25,3,31.6,-0.081561621515017,29,15,14,6,0.972,True,0.12437413129261499,0.023852262040034322,True,False,True
GS,30,4,29.4,-0.15270193241299512,30,15,15,4,0.98,True,0.08009485161490115,0.11581749833616461,False,False,True
GS,18,5,27.8,-0.3181592021839622,43,22,21,9,0.956,True,-0.008534738468325642,-0.10144776848478343,False,False,True
HD,23,1,44.9,0.04971713834719327,26,14,12,6,0.964,True,-0.060662119346639454,-0.12440383619158035,False,False,False
HD,33,2,42.5,0.07843662878333713,22,12,10,5,0.976,True,-0.03420439231929928,-0.01896841826630835,False,False,False
HD,26,3,39.9,-0.003921626170136694,26,13,13,5,0.972,True,-0.04302566466194413,-0.05743709341928571,False,False,False
HD,15,4,38.4,0.12397293571770529,26,13,13,4,0.98,True,-0.006783275637173958,0.10486442183310274,True,True,False
HD,20,5,36.3,-0.0598596748747644,28,15,13,7,0.968,True,-0.12661312659500001,-0.05107794545964073,False,False,False
IBM,33,1,48.4,-0.44174253357945803,29,15,14,7,0.968,True,-0.29378161111089085,-0.029749568221371647,False,False,True
IBM,30,2,42.7,-0.5470856663521975,34,17,17,9,0.96,True,-0.3773380178063739,-0.06855990113347288,False,False,True
IBM,15,3,37.6,-0.44609936438938924,40,21,19,7,0.964,True,-0.2812745459335655,0.07253646339619846,True,True,True
IBM,19,4,33.7,-0.5805223551926886,44,22,22,10,0.94,True,-0.1594379604652293,-0.0010458652219775821,False,False,True
IBM,27,5,33.7,-0.5623795493795556,38,20,18,8,0.964,True,-0.39307256016986003,-0.15145588105926278,False,False,True
INTC,32,1,68.1,2.3941518881181976,30,16,14,7,0.968,True,3.6064220288007656,0.49915612303966483,False,False,True
INTC,15,2,63.2,1.6782735521081027,48,23,25,13,0.944,True,2.883179505532697,0.8274313799649196,False,False,True
INTC,26,3,62.5,2.298413443409414,32,16,16,5,0.976,True,3.5549405860787378,0.1571837583256428,False,False,True
INTC,18,4,62.4,2.647740705907202,38,20,18,9,0.96,True,3.554339706909464,0.758416934915527,True,True,True
INTC,29,5,57.9,2.1175513593698185,38,20,18,12,0.948,True,2.9316742766892356,0.4881924076974775,False,False,True
INTU,27,1,58.4,0.1287329019236494,32,16,16,8,0.964,True,-0.25024626116866955,-0.15564267490632533,False,False,True
INTU,24,2,50.4,0.17825816145133655,32,17,15,8,0.964,True,-0.1568092221527574,-0.12335729122232642,False,True,True
INTU,30,3,46.6,0.28082491522009145,26,13,13,4,0.98,True,-0.3533552773873564,-0.17956723927142526,True,False,True
INTU,20,4,43.6,-0.01555214398175353,36,18,18,10,0.956,True,-0.24363722829878032,-0.19364803822337795,False,False,True
JNJ,26,1,36.8,-0.16863324535090862,27,15,12,5,0.956,True,0.22199281319474373,0.17563435123759508,False,False,True
JNJ,33,2,35.2,0.22489864829233452,13,7,6,2,0.98,True,0.16600754947941976,0.12175100346398526,True,False,True
JNJ,17,3,32.1,-0.1263491080799798,29,14,15,4,0.972,True,0.20804192634537233,0.20295486564392906,False,True,True
JNJ,21,4,29.9,-0.16760023949056335,28,14,14,4,0.976,True,0.1837932882351676,0.1644619796075033,False,False,True
JNJ,30,5,26.8,0.05734071688629405,19,10,9,3,0.972,True,0.11035766424879245,0.09109033002829459,False,False,True
KMB,15,1,29.5,-0.2515207763433861,32,16,16,3,0.984,True,-0.21557828791702027,-0.09064208729757639,False,True,True
KMB,25,2,29.2,-0.2014828402771588,31,15,16,3,0.984,True,-0.19042699346032166,-0.06768600323861884,False,False,True
KMB,18,3,25.5,-0.361568806126624,35,17,18,5,0.976,True,-0.26565445964697965,-0.08409520508434165,False,False,True
KMB,33,4,24.8,-0.002409926537349283,24,11,13,5,0.976,True,-0.08543875966676828,-0.1313152860649197,True,False,True
KMB,22,5,24.0,-0.23008693280211512,33,16,17,3,0.984,True,-0.1965826084290233,-0.07093461501060394,False,False,True
KO,31,1,48.0,0.024235862091644966,14,7,7,1,0.992,True,0.03126216984836505,-0.04237557742357656,False,False,False
KO,15,2,39.7,0.006825773894135745,20,11,9,2,0.984,True,0.12534775011765387,-0.057210959256356664,True,False,False
KO,26,3,38.8,0.004463539059858412,17,9,8,2,0.984,True,0.11489644965199242,-0.001672383588900428,False,False,False
KO,23,4,36.1,0.019864344967885472,18,10,8,3,0.98,True,0.14343141199955878,-0.009832659880823935,False,False,False
KO,18,5,34.2,0.02407719081169013,18,9,9,2,0.992,True,0.1596376723784536,0.03280527594744176,False,True,False
LCII,33,1,55.7,1.1499981515281443,12,6,6,2,0.988,True,0.3889723708243269,0.0739518619597932,True,True,True
LLY,33,1,55.2,-0.005870460382963016,28,15,13,7,0.972,True,0.3279056166335841,0.256232739974394,True,True,True
LLY,16,2,45.5,-0.213433342081929,44,24,20,9,0.956,True,0.09317316298862521,0.01437795919027507,False,False,True
LMT,15,1,73.4,0.7405294419736552,18,9,9,1,0.992,True,0.3596914978325243,0.1505886333368054,True,False,True
LMT,26,2,67.4,0.5216686572017106,14,7,7,1,0.992,True,0.449554532221649,0.21923658989162442,False,True,True
LMT,33,3,65.5,0.460751231746225,15,7,8,4,0.972,True,0.3803704035166129,0.22626595188527565,False,False,True
LMT,18,4,64.2,0.5218337558527104,21,10,11,4,0.972,True,0.23927425897026255,0.128447235605039,False,False,True
LULU,17,1,50.4,-0.46063898425215133,40,19,21,12,0.948,True,-0.3556774280477417,-0.24846447139322847,True,True,True
LULU,20,2,43.8,-0.5219126662945368,39,20,19,10,0.952,True,-0.372732638963171,-0.19948179083637418,False,False,True
LULU,28,3,37.0,-0.44015667727943675,39,20,19,13,0.944,True,-0.3910797040627191,-0.2782937875157344,False,False,True
META,31,1,69.8,-0.36422294357368035,28,15,13,6,0.972,True,-0.2483956949303625,-0.11274372863894133,False,False,True
META,20,2,61.4,-0.05030210588510642,27,14,13,2,0.988,True,0.018722790753698648,-0.04890897396973981,True,True,True
META,28,3,60.5,-0.42217700594776886,31,17,14,6,0.972,True,-0.12702381892555104,-0.05887561622146564,False,False,True
MLR,15,1,26.1,-0.5592707340958056,48,25,23,14,0.94,True,-0.2586450610230838,-0.2344546841364269,True,True,False
MLR,18,2,23.3,-0.5582072158406464,46,23,23,11,0.952,True,-0.3250222930743726,-0.29371612785746926,False,False,False
MLR,21,3,14.8,-0.6406639618705061,54,27,27,15,0.937,True,-0.35695799453595445,-0.3016403262189543,False,False,False
MLR,24,4,13.6,-0.6674560301083624,58,30,28,22,0.905,True,-0.4090703375719187,-0.31237834205396664,False,False,False
MLR,33,5,13.4,-0.5304640207215309,41,20,21,12,0.948,True,-0.2857553213909072,-0.27904742983173836,False,False,False
MMS,28,1,58.7,-0.022398587866305553,24,12,12,2,0.988,True,-0.09391304632541309,-0.053272885158306416,False,True,True
MMS,31,2,54.7,0.22744707280713494,27,14,13,5,0.976,True,-0.11296926330109036,-0.1660396203841772,True,False,True
MMS,18,3,53.8,-0.380287347005308,36,18,18,10,0.956,True,-0.3428210695896856,-0.23029158667941818,False,False,True
MMS,25,4,53.7,-0.06876789406043149,27,14,13,4,0.98,True,-0.12618336325954005,-0.21192530292933132,False,False,True
MMS,22,5,50.4,-0.4613600415206376,39,19,20,12,0.944,True,-0.319637335142096,-0.19745697498564685,False,False,True
MP,32,1,61.3,-0.36669141873881883,41,20,21,18,0.925,True,-0.1639635881777446,0.15460830152196703,False,False,False
MP,28,2,58.5,-0.3336142575370149,43,22,21,15,0.937,True,-0.2136891119872908,0.012721121649419187,False,False,False
MP,15,3,56.7,0.3878881753755139,49,23,26,15,0.937,True,0.14470191359655749,-0.08552490184977612,True,True,False
MP,18,4,54.4,0.10322371272444109,42,21,21,13,0.944,True,0.06366416915472395,0.014072162603323113,False,False,False
MP,21,5,50.6,-0.22433216887666718,46,24,22,18,0.925,True,-0.21344429904196405,-0.1291484810655853,False,False,False
MSFT,32,1,53.7,0.33091904331728794,11,6,5,0,0.996,True,0.19392665672706477,0.06980180969225636,True,True,True
MSFT,29,2,48.1,0.15733256221362657,18,10,8,2,0.984,True,0.09761557243642205,0.019127828918321876,False,False,True
MU,26,1,75.3,2.3775873316405214,26,13,13,7,0.968,True,5.150155809299881,0.7669216086343453,False,False,True
MU,29,2,65.9,3.732715070842813,24,13,11,7,0.968,True,5.794796012919881,0.8849403654860477,True,True,True
MU,33,3,62.3,2.5505411299725504,28,15,13,10,0.956,True,5.285665679951905,0.45019802975741285,False,False,True
NFLX,15,1,56.7,0.04641494508949484,33,16,17,8,0.964,True,0.0040243425992623205,-0.11246290695637118,False,True,False
NFLX,32,2,55.1,0.45092504135798483,15,7,8,2,0.988,True,0.01230348385510549,-0.02177524911428419,False,False,False
NFLX,28,3,50.6,0.41211768733199294,18,8,10,2,0.988,True,0.019544234908751568,-0.08674135874191391,True,False,False
NFLX,18,4,42.9,0.011956018218758357,31,14,17,10,0.948,True,-0.1123349733741209,-0.04780002530175809,False,False,False
NKE,20,1,55.2,-0.27950967538958915,34,17,17,6,0.972,True,-0.37347490658516147,-0.10417537121797904,True,True,False
NKE,17,2,47.4,-0.42793433654906887,43,21,22,6,0.972,True,-0.4155683274621048,-0.1596328560259913,False,False,False
NKE,23,3,47.1,-0.2754225454946334,32,16,16,7,0.968,True,-0.33111190691960113,-0.11438129618740933,False,False,False
NKE,28,4,46.7,-0.35378596509857174,35,17,18,5,0.976,True,-0.3586131344973329,-0.11906975826242094,False,False,False
NOK,30,1,75.1,0.9820844524800263,23,12,11,6,0.976,True,0.5661089932534413,0.381804139558261,False,False,True
NOK,19,2,69.1,1.3123799618484848,23,12,11,5,0.976,True,0.5698522261082211,0.10048836040174147,True,False,True
NOK,27,3,62.0,0.8266018573893537,27,14,13,9,0.964,True,1.3401283384593823,0.14711221095969362,False,True,True
NU,28,1,60.6,-0.22014919314256187,28,14,14,9,0.96,True,-0.0834439638946346,-0.09342618378752965,False,False,True
NU,16,2,60.4,-0.17922164074383384,33,17,16,7,0.968,True,-0.13047905322542142,-0.1986543175282438,False,False,True
NU,25,3,57.9,-0.24832417016671493,30,15,15,10,0.956,True,-0.13466122837224015,-0.10790375732609858,False,False,True
NU,20,4,54.7,-0.0991865308794867,33,18,15,10,0.956,True,0.029150516871689014,-0.12498257364803522,True,True,True
NU,31,5,49.6,-0.2933540392924676,29,15,14,8,0.964,True,-0.06770983462576918,-0.09247855647924386,False,False,True
NVO,28,1,61.5,0.6569315672944545,21,11,10,4,0.98,True,0.023372553813103325,0.004726690074881468,False,False,True
NVO,16,2,54.7,0.363979350360671,32,16,16,4,0.98,True,0.10960857680945968,0.11790896703902476,False,True,True
NVO,19,3,49.7,0.7705734541926401,24,13,11,4,0.976,True,0.17922647999221542,0.03198356512195022,True,False,True
NVO,25,4,49.4,0.34527591027454774,25,13,12,4,0.976,True,-0.12022534289754827,-0.02861429527477022,False,False,True
NVO,31,5,46.7,0.692151776526206,21,11,10,5,0.976,True,0.19882564397042013,0.07985930508401107,False,False,True
ODFL,15,1,49.8,0.5407750495724797,30,14,16,10,0.956,True,0.049955860972120014,0.08096939654893864,True,False,True
ODFL,18,2,44.5,0.32158327979134693,31,15,16,11,0.952,True,0.2527863478010186,0.0689136637261758,False,True,True
ODFL,23,3,42.7,0.2610067443566608,25,13,12,5,0.976,True,0.13814616844564487,-0.0845297241189108,False,False,True
PEP,22,1,49.4,0.03245744803866213,17,8,9,0,0.996,True,0.006479157684650794,0.08012805999799122,True,True,False
PEP,25,2,38.2,-0.07899130596733273,19,9,10,2,0.988,True,-0.06966297387096554,-0.043364033390488554,False,False,False
PEP,17,3,36.6,-0.09905000799186281,27,13,14,2,0.988,True,-0.1326438675418643,-0.003665074902487131,False,False,False
PGR,33,1,44.0,-0.2671249699759589,21,10,11,3,0.984,True,-0.2118074174347282,-0.0929595377892074,True,False,True
PGR,30,2,32.9,-0.3308900863890404,28,14,14,6,0.96,True,-0.18575855657212792,-0.126137552494337,False,False,True
PGR,15,3,32.4,-0.37361064581447034,37,17,20,3,0.976,True,-0.16123097687896382,-0.10338412771683159,False,True,True
PGR,27,4,32.2,-0.3323121995863628,30,15,15,6,0.968,True,-0.16703717590884104,-0.13528180651999733,False,False,True
PGR,18,5,30.1,-0.41896477578563196,38,19,19,5,0.972,True,-0.23048570071659624,-0.14076934964777565,False,False,True
PLTR,31,1,65.4,-0.4575584193744847,40,21,19,12,0.948,True,-0.19423915412963377,-0.15702381983583102,False,False,True
PLTR,17,2,59.0,-0.2681434426324002,47,26,21,12,0.948,True,0.05370561854839506,-0.012818049428524492,True,True,True
PLTR,22,3,58.0,-0.5229013254214288,43,22,21,9,0.96,True,-0.19139654962816977,0.07443842768558806,False,False,True
PLTR,25,4,52.8,-0.6812555264177216,49,26,23,18,0.925,True,-0.30566158763492,-0.14805834143438346,False,False,True
PYPL,21,1,49.2,0.14805791681760327,24,13,11,6,0.968,True,-0.08320228370122107,-0.04676932919711119,True,True,True
PYPL,18,2,36.4,-0.3353177931080561,40,22,18,12,0.944,True,-0.21871028107929846,-0.2285800929499553,False,False,True
PYPL,24,3,36.0,-0.0779188991914801,29,14,15,5,0.976,True,-0.10992064688935943,-0.17716522830305648,False,False,True
QCOM,32,1,84.8,1.1839608099716483,13,7,6,2,0.988,True,0.1383075479079654,0.11379668729457926,False,False,False
QCOM,29,2,79.4,1.2005059062177281,15,8,7,2,0.988,True,0.1009899555700251,0.08974744246559574,False,True,False
QCOM,26,3,75.1,1.259316867078664,17,9,8,4,0.98,True,0.11183209403665195,-0.1141387820893065,True,False,False
ROST,28,1,86.0,0.3454426658656462,10,5,5,0,0.996,True,0.4746331680822595,0.2791251650375943,False,False,True
ROST,25,2,82.8,0.42727905347369344,10,5,5,0,0.996,True,0.5172506975840694,0.25997963264950896,False,False,True
ROST,22,3,78.8,0.46930126572872166,11,6,5,1,0.992,True,0.5201435058896022,0.17286159920119837,True,True,True
ROST,31,4,71.4,0.19311495659736444,13,6,7,2,0.988,True,0.4074888836278756,0.2982115649250314,False,False,True
RRX,21,1,57.3,0.08129133561271162,33,15,18,5,0.976,True,0.04670743159686608,-0.008149372800783983,True,False,True
RRX,32,2,54.0,-0.3787491096469646,38,17,21,9,0.96,True,-0.14042200622601997,-0.00592707471170939,False,False,True
RRX,28,3,53.8,-0.3546561098319031,38,19,19,9,0.96,True,-0.06630938162556077,-0.13915582695426842,False,False,True
RRX,18,4,49.3,-0.005542269289780188,40,21,19,10,0.956,True,0.011987622623746752,-0.034131006812329834,False,True,True
RRX,15,5,49.1,-0.3004887523924895,55,26,29,15,0.937,True,-0.14889955050703574,-0.17394553926802192,False,False,True
RTX,32,1,59.2,0.10915380112148942,17,9,8,1,0.992,True,0.16221348951678793,0.060138707498995636,False,False,True
RTX,27,2,55.9,0.23735380911740234,14,7,7,0,0.996,True,0.23283707424943878,0.14159986548980452,True,True,True
RTX,24,3,53.1,0.1695116935324643,19,10,9,3,0.984,True,0.1966867156969605,0.048687556210083915,False,False,True
SAIC,31,1,55.6,0.3226604412084231,21,11,10,5,0.976,True,0.23401219505826898,0.17988096897817063,True,True,False
SAIC,17,2,52.9,0.13296001716979866,35,17,18,12,0.944,True,0.19140621528160762,0.07173561047191623,False,False,False
SAIC,23,3,43.8,-0.07014799396351346,38,21,17,15,0.933,True,-0.02629041374493324,-0.021670487436761476,False,False,False
SBUX,33,1,52.8,-0.1837087462834761,26,13,13,2,0.988,True,-0.12344687262439813,-0.03698076122466454,True,False,False
SBUX,30,2,43.7,-0.24052140165808478,29,14,15,5,0.976,True,-0.12377866773219459,-0.00348506062821774,False,True,False
SBUX,19,3,38.5,-0.4241260748310267,43,23,20,9,0.956,True,-0.2704991317686324,-0.06481156560595447,False,False,False
SCHW,33,1,47.2,-0.023151857459358882,22,11,11,5,0.968,True,-0.14173734056666754,-0.07114058011669366,False,False,True
SCHW,30,2,44.4,-0.023867477605102883,22,11,11,4,0.976,True,-0.1603876713632817,-0.11867273609210849,False,False,True
SCHW,27,3,37.4,-0.045100891204099325,24,12,12,5,0.976,True,-0.11833630230378456,-0.08557646249831152,True,False,True
SCHW,24,4,32.8,-0.07789115677884384,26,14,12,7,0.956,True,0.017818833187001726,0.0033131532492325366,False,True,True
SFM,21,1,67.0,0.3268425761200422,31,15,16,6,0.972,True,-0.1865952242786647,0.03128176494634305,True,False,True
SFM,33,2,63.2,0.36272897823833183,19,10,9,2,0.988,True,-0.14032496295575925,-0.009994758224711964,False,False,True
SFM,18,3,58.2,0.20596945952919898,39,19,20,11,0.952,True,-0.08475197438652671,-0.05925434731567214,False,False,True
SFM,15,4,54.5,0.20925817180833417,43,23,20,12,0.948,True,-0.07819277160456706,-0.025462131473677596,False,True,True
SMCI,24,1,64.9,0.5219972559043173,38,20,18,12,0.948,True,0.32547230295175367,0.07511592108328813,True,False,True
SMCI,27,2,61.9,-0.05954321680734287,43,23,20,14,0.94,True,-0.10500333864798272,0.05374043577904075,False,False,True
SMCI,21,3,60.2,0.42767687384545994,43,22,21,15,0.937,True,0.20151937078087845,0.09287332446315721,False,False,True
SMCI,31,4,58.7,0.05013878437699204,38,19,19,11,0.952,True,0.10268664229470681,0.08409455248801057,False,False,True
SMCI,16,5,56.6,0.10135970053780996,60,31,29,25,0.897,True,0.25321216191818774,0.17378064747095112,False,True,True
SOFI,28,1,63.9,-0.4586953064186392,41,21,20,8,0.964,True,-0.3713483998602112,0.263865692653926,False,False,False
SOFI,20,2,62.8,-0.22254972673928042,43,21,22,11,0.952,True,-0.275168082721879,-0.005212992971154962,False,False,False
SOFI,17,3,61.2,-0.2395641925616394,44,20,24,13,0.94,True,-0.25352933200004324,-0.018660317816600824,True,False,False
SOFI,25,4,60.3,-0.4229931196745512,43,22,21,8,0.964,True,-0.4010685278577426,0.12271132596728362,False,False,False
SOFI,31,5,58.4,-0.4635592659271257,38,20,18,7,0.968,True,-0.2966179218029682,0.31152393489841135,False,True,False
SSD,15,1,66.7,0.30551259879967496,24,12,12,0,0.996,True,0.10649839355425961,0.1761389151183108,True,True,True
SSD,18,2,60.0,0.14787067832129774,24,11,13,2,0.984,True,0.05130342610114336,0.11156871977911798,False,False,True
SSD,22,3,54.2,-0.056261280245073375,28,14,14,5,0.968,True,-0.06936091726328553,0.0491391821728242,False,False,True
TGT,15,1,66.6,-0.05132773272186819,30,15,15,4,0.98,True,0.17835675193295875,0.1382790505070126,True,True,True
TMO,22,1,69.2,0.40694916646804136,16,8,8,2,0.988,True,0.15003805564167338,0.20513889880045388,False,False,True
TMO,16,2,69.1,0.434625428351755,23,12,11,3,0.98,True,0.252261850028038,0.1995810254779744,True,False,True
TMO,19,3,67.1,0.4381014557620846,19,10,9,4,0.976,True,0.3104863287826596,0.2627418784743287,False,True,True
TMO,33,4,67.1,0.44194728065234146,13,6,7,2,0.98,True,0.1769314290000945,0.0707748858476438,False,False,True
TMO,25,5,64.3,0.2877393937949637,18,9,9,4,0.976,True,0.15393987521269392,0.20837787256658924,False,False,True
TSCO,33,1,50.2,0.05678487396705223,26,13,13,7,0.968,True,-0.23253070075389604,-0.0972387611496468,False,False,True
TSCO,29,2,47.4,0.06602798756338535,27,14,13,6,0.964,True,-0.2217921642967513,-0.09448534715289647,False,False,True
TSCO,25,3,43.1,0.04442542020962037,30,15,15,5,0.968,True,-0.1799089513879194,-0.029566223109521617,True,True,True
TSCO,16,4,39.3,-0.26022728655700345,45,22,23,9,0.948,True,-0.3746254155302261,-0.2143166025024832,False,False,True
TSCO,22,5,35.2,-0.051275124191185295,35,18,17,7,0.96,True,-0.2480905238161304,-0.1267293969265202,False,False,True
TSLA,32,1,60.5,-0.0001068086083196862,28,14,14,8,0.96,True,0.05021995980068117,0.04441266871010696,False,False,True
TSLA,27,2,48.9,0.12086695237468326,29,16,13,9,0.96,True,0.12121997341327395,-0.06526505177929498,True,True,True
TSM,15,1,54.7,-0.4028418427739311,43,22,21,8,0.964,True,0.016535230972483994,0.060872724351955565,False,False,True
TSM,22,2,51.3,-0.23986462417257481,36,19,17,8,0.964,True,0.15509282918719514,0.3194637750520444,True,True,True
TSM,18,3,49.4,-0.3496610425312019,39,20,19,7,0.968,True,-0.11510909156414129,-0.008252775526863099,False,False,True
TSM,28,4,43.4,-0.39169396069923534,35,19,16,12,0.948,True,0.05274182028177643,0.1929136816493413,False,False,True
TSM,25,5,40.3,-0.25999814710822056,36,19,17,10,0.956,True,0.16207317171520774,0.29883641481911893,False,False,True
TTC,33,1,32.9,-0.1578820020385968,23,12,11,4,0.98,True,0.018751371449146514,-0.0803997772121624,False,False,True
TTC,26,2,28.4,-0.11551736106684607,29,16,13,5,0.972,True,-0.01142114012363371,-0.13532974681224863,True,False,True
TTC,23,3,26.5,-0.23479912705294514,37,20,17,12,0.944,True,-0.07236839265912687,-0.14490002768575627,False,False,True
TTC,30,4,25.6,-0.11175798138351922,24,13,11,4,0.98,True,0.03868507281095557,-0.1426171748878856,False,False,True
TTC,17,5,23.9,-0.2815665313245901,41,22,19,7,0.968,True,-0.007426020674749623,0.028824798788433803,False,True,True
TXRH,15,1,45.8,-0.03230063567455965,36,18,18,5,0.976,True,-0.09847664883219831,-0.08580432053898879,False,False,True
TXRH,18,2,43.7,-0.02278061021769673,30,15,15,3,0.984,True,-0.008687304710942478,0.11237097577657917,False,True,True
TXRH,25,3,41.3,-0.08050080356180012,29,16,13,7,0.964,True,-0.053022085776298966,0.022528760207908727,False,False,True
TXRH,21,4,38.7,0.0572087241899224,25,13,12,4,0.976,True,0.015688186780450364,0.14720156775130588,True,False,True
TXRH,29,5,35.2,0.047982693771807305,23,12,11,3,0.984,True,-0.027753037227075117,0.040272090877660816,False,False,True
UHS,30,1,77.8,0.6539526862137157,11,6,5,1,0.992,True,0.3003677629233228,0.204392655801378,True,True,True
UHS,33,2,70.5,0.6713169612892924,9,5,4,1,0.992,True,0.3171543599855895,0.24195348721525334,False,False,True
UHS,27,3,66.6,0.28284632648731267,16,9,7,4,0.98,True,-0.022817431771973817,-0.007432829020570075,False,False,True
ULTA,27,1,67.1,0.2296162403556945,23,12,11,5,0.976,True,0.10742425114334209,0.024964090693548213,True,False,False
ULTA,24,2,56.8,0.12945650292352995,28,15,13,8,0.964,True,0.14346425066838298,0.029470479452581744,False,False,False
ULTA,17,3,56.1,0.03734504057494914,33,18,15,6,0.972,True,0.09786791728831057,0.08254390970126035,False,True,False
UNH,33,1,62.6,0.06813285592168983,16,7,9,3,0.976,True,0.20652612534392167,-0.04376519789084887,True,True,False
UNP,26,1,72.8,0.22753611448799105,12,6,6,0,0.996,True,0.14547780051002124,0.05068313496258314,False,False,True
UNP,17,2,70.0,0.4412898675722938,14,7,7,0,0.996,True,0.18300272573646437,0.14658689278870818,True,True,True
UNP,29,3,66.4,0.1120064829783336,15,8,7,1,0.968,True,0.06981166073145562,-0.01633235218166973,False,False,True
UNP,23,4,65.0,0.27965850335551856,13,7,6,1,0.988,True,0.06999771671633259,0.0672987730625354,False,False,True
UNP,20,5,60.3,0.25084198234569444,17,9,8,1,0.988,True,0.0715299891327199,0.06906214309347325,False,False,True
UPS,32,1,75.2,0.6126280020906536,11,5,6,2,0.988,True,0.2420496222920776,0.14438093904776816,False,False,True
UPS,29,2,65.4,0.6342292213061296,11,5,6,2,0.988,True,0.25417903623349014,0.14607948818849548,True,False,True
UPS,23,3,63.0,0.4780109718040575,15,7,8,1,0.992,True,0.1963924074657286,0.12015722833019771,False,True,True
WDFC,28,1,47.9,-0.05976779603446569,27,14,13,4,0.98,True,-0.04044928155178895,0.046786936679749314,False,False,True
WDFC,15,2,43.5,-0.09037873070859692,36,19,17,4,0.98,True,0.025734769643350308,0.022860081592000814,True,True,True
WDFC,25,3,42.6,-0.1304306491408349,30,16,14,7,0.968,True,-0.01283743308641594,-0.05766010349171713,False,False,True
WDFC,19,4,40.3,-0.10976147744179354,36,18,18,8,0.96,True,-0.06044810824057778,-0.03290358039157337,False,False,True
WDFC,31,5,39.5,-0.14570823967754276,30,14,16,8,0.96,True,-0.026262191319744055,0.0762931312410493,False,False,True
WMT,32,1,56.8,-0.21182312043745088,22,11,11,6,0.968,True,-0.04887424381640959,-1.5503222375978787e-05,False,False,False
WMT,29,2,54.8,-0.20207554043120957,22,12,10,5,0.964,True,0.01107356600760645,0.02655456498972497,False,False,False
WMT,26,3,49.3,-0.22361238154719276,24,14,10,4,0.968,True,-0.0029291596002408715,0.04348391954194031,True,False,False
WMT,23,4,43.2,-0.3206535388390527,27,14,13,2,0.988,True,-0.08359168469262612,0.027945835271473873,False,True,False
WSO,32,1,52.6,0.1688110673370291,21,11,10,2,0.988,True,-0.01816782547778406,-0.084808428368923,False,False,True
WSO,29,2,40.0,0.21587008263180052,25,14,11,6,0.972,True,-0.03893001608029201,-0.07398801798802912,True,True,True
ZTS,15,1,50.2,-0.10162573842690203,38,20,18,9,0.96,True,-0.2699420895977799,-0.20222635653664534,True,True,True
ZTS,18,2,46.8,-0.17191943911452945,34,17,17,9,0.96,True,-0.29159905745167336,-0.1930281398793785,False,False,True
