ticker,user_MAs,legacy_candidates,sar_candidates,legacy_final,sar_final,legacy_distance,sar_distance,distance_change,classification
AAPL,24,30 27,30 27,27,27,3,3,0,SAME
ACN,25 27 32,16 29 19 33,16 29 19 33,33,33,1,1,0,SAME
ADBE,20,19 22 16 27,19 22 16 27,22,16,2,4,2,WORSENED
AEP,33,24 21 33 29,24 21 33 29,24,21,9,12,3,WORSENED
ALSN,19 32,28 32 23 15 20,28 32 23 15 20,15,20,4,1,-3,IMPROVED
AMD,32,33 30 27 21,33 30 27 21,27,30,5,2,-3,IMPROVED
ASML,24,23 26 30 20 15,23 26 30 20 15,15,26,9,2,-7,IMPROVED
AVGO,29,32 29,32 29,32,32,3,3,0,SAME
BAC,17 22,26 15 23 29,26 15 23 29,15,15,2,2,0,SAME
BB,17,33 30 19,33 30 19,33,33,16,16,0,SAME
CME,21,33 22 18 15 30,33 22 18 15 30,15,18,6,3,-3,IMPROVED
CRWD,29 31,31 28 15 21,31 28 15 21,28,15,1,14,13,WORSENED
CSX,18,33 15 26 29 19,33 15 26 29 19,19,15,1,3,2,WORSENED
CVX,25,24 31 27,24 31 27,27,24,2,1,-1,IMPROVED
DIS,18 25,32 21 18 28 25,32 21 18 28 25,18,32,0,7,7,WORSENED
DUK,25 27,32 27,32 27,32,27,5,0,-5,IMPROVED
EOG,23,23 31 18 26,23 31 18 26,23,23,0,0,0,SAME
ETN,28,30 25 15 33,30 25 15 33,25,30,3,2,-1,IMPROVED
GE,18,20 15 28 25,20 15 28 25,15,15,3,3,0,SAME
GOOGL,23,33 18 29 22,33 18 29 22,33,33,10,10,0,SAME
GS,18,33 22 25 30 18,33 22 25 30 18,22,25,4,7,3,WORSENED
IBM,24,33 30 15 19 27,33 30 15 19 27,15,15,9,9,0,SAME
INTC,23,32 15 26 18 29,32 15 26 18 29,18,18,5,5,0,SAME
INTU,24,27 24 30 20,27 24 30 20,24,30,0,6,6,WORSENED
JNJ,26 27,26 33 17 21 30,26 33 17 21 30,17,33,9,6,-3,IMPROVED
KMB,21,15 25 18 33 22,15 25 18 33 22,15,33,6,12,6,WORSENED
LCII,22 30,33,33,33,33,3,3,0,SAME
LLY,33,33 16,33 16,33,33,0,0,0,SAME
LMT,16 18,15 26 33 18,15 26 33 18,26,15,8,1,-7,IMPROVED
LULU,18,17 20 28,17 20 28,17,17,1,1,0,SAME
META,25,31 20 28,31 20 28,20,20,5,5,0,SAME
MMS,26 30,28 31 18 25 22,28 31 18 25 22,28,31,2,1,-1,IMPROVED
MSFT,25,32 29,32 29,32,32,7,7,0,SAME
MU,27,26 29 33,26 29 33,29,29,2,2,0,SAME
NOK,17,30 19 27,30 19 27,27,19,10,2,-8,IMPROVED
NU,17,28 16 25 20 31,28 16 25 20 31,20,20,3,3,0,SAME
NVO,22 27,28 16 19 25 31,28 16 19 25 31,16,19,6,3,-3,IMPROVED
ODFL,17 21,15 18 23,15 18 23,18,15,1,2,1,WORSENED
PGR,23,33 30 15 27 18,33 30 15 27 18,15,33,8,10,2,WORSENED
PLTR,30,31 17 22 25,31 17 22 25,17,17,13,13,0,SAME
PYPL,29,21 18 24,21 18 24,21,21,8,8,0,SAME
ROST,23,28 25 22 31,28 25 22 31,22,22,1,1,0,SAME
RRX,21,21 32 28 18 15,21 32 28 18 15,18,21,3,0,-3,IMPROVED
RTX,22 33,32 27 24,32 27 24,27,27,5,5,0,SAME
SCHW,21,33 30 27 24,33 30 27 24,24,27,3,6,3,WORSENED
SFM,24,21 33 18 15,21 33 18 15,15,21,9,3,-6,IMPROVED
SMCI,24,24 27 21 31 16,24 27 21 31 16,16,24,8,0,-8,IMPROVED
SSD,18,15 18 22,15 18 22,15,15,3,3,0,SAME
TGT,20,15,15,15,15,5,5,0,SAME
TMO,25,22 16 19 33 25,22 16 19 33 25,19,16,6,9,3,WORSENED
TSCO,25,33 29 25 16 22,33 29 25 16 22,25,25,0,0,0,SAME
TSLA,20,32 27,32 27,27,27,7,7,0,SAME
TSM,27,15 22 18 28 25,15 22 18 28 25,22,22,5,5,0,SAME
TTC,29,33 26 23 30 17,33 26 23 30 17,17,26,12,3,-9,IMPROVED
TXRH,19 25,15 18 25 21 29,15 18 25 21 29,18,21,1,2,1,WORSENED
UHS,27,30 33 27,30 33 27,30,30,3,3,0,SAME
UNP,27,26 17 29 23 20,26 17 29 23 20,17,17,10,10,0,SAME
UPS,17 23 26,32 29 23,32 29 23,23,29,0,3,3,WORSENED
WDFC,27,28 15 25 19 31,28 15 25 19 31,15,15,12,12,0,SAME
WSO,19,32 29,32 29,29,29,10,10,0,SAME
ZTS,30,15 18,15 18,15,15,15,15,0,SAME
