ticker,rows,first_date,last_date,last_close,close_sha,ohlcv_sha
AAPL,1251,2021-09-30,2026-09-24,335.9200134277344,1042d0f853630562,2e1f1beb55533f53
ABT,1251,2021-09-30,2026-09-24,101.06999969482422,deac62e666ce686d,6ee884dd15677c38
ACN,1251,2021-09-30,2026-09-24,177.41000366210938,b0f79d4f9eb6c692,9e2742eb2bdec1fb
ADBE,1251,2021-09-30,2026-09-24,238.92999267578125,bb1b355740799c73,8ecbca8d0312ab26
AEP,1251,2021-09-30,2026-09-24,117.56999969482422,8dca390ef45e1079,342d8285a5489739
AJG,1251,2021-09-30,2026-09-24,227.1300048828125,361988a8018c4e2f,cc05af0bd12bba6a
ALSN,1251,2021-09-30,2026-09-24,112.73999786376952,152d1b87162c994d,07a424e0712a0215
AMAT,1251,2021-09-30,2026-09-24,474.25,782fba10ba5c0e45,4350005d9e74fa5d
AMD,1251,2021-09-30,2026-09-24,629.260009765625,0723d0b44f4167a3,c9d63699c701d359
ASML,1251,2021-09-30,2026-09-24,1722.5,506ae4e7e440c37d,578caae06e1e27ec
AVGO,1251,2021-09-30,2026-09-24,350.3599853515625,ef054110ea69ebd9,103595f78d309590
BA,1251,2021-09-30,2026-09-24,196.8000030517578,6fe2579074eed100,6f22f1322399dfbc
BAC,1251,2021-09-30,2026-09-24,56.02999877929688,af75febb64409097,72fad468b97939a0
BB,1251,2021-09-30,2026-09-24,8.729999542236328,0971544a90e996d3,404874fa5e887e6d
CAT,1251,2021-09-30,2026-09-24,805.25,f530af9f4e296009,d66af7733a54816f
CME,1251,2021-09-30,2026-09-24,268.9100036621094,8e8df93dae740d68,bdd08eef7c5899f2
COST,1251,2021-09-30,2026-09-24,896.47998046875,b8de7297d650d6c5,fb6e77a4b1e23d3e
CRWD,1251,2021-09-30,2026-09-24,259.6700134277344,c99854b13ebe2927,ff9ff4783263be21
CSX,1251,2021-09-30,2026-09-24,46.95000076293945,06ebc002b5043e85,436a3530670b4abe
CVX,1251,2021-09-30,2026-09-24,205.6499938964844,2366d5c3b3fc121a,97eabb0d154fa13f
DECK,1251,2021-09-30,2026-09-24,78.68000030517578,b8f0e1b793be93e0,7186188669545e52
DIS,1251,2021-09-30,2026-09-24,105.55999755859376,48b162def4ed2948,b747b3a4b5dd6cb0
DUK,1251,2021-09-30,2026-09-24,113.2300033569336,76e90b7c99309b6a,ee506301c462a408
EOG,1251,2021-09-30,2026-09-24,142.86000061035156,68587967bbac1c8a,95997ba9a40aa572
ETN,1251,2021-09-30,2026-09-24,440.0,44dacf70875a3cc4,25d85ab4743bc4d4
FTNT,1251,2021-09-30,2026-09-24,178.6699981689453,03da22aa9b0445a6,2808dc4666fb4395
GE,1251,2021-09-30,2026-09-24,319.7799987792969,5f9ebd0be4ce4db0,c55c73c7daca0681
GOOGL,1251,2021-09-30,2026-09-24,342.3599853515625,d7033b747d88e8a0,fc4afaa1ba7767b5
GS,1251,2021-09-30,2026-09-24,923.2899780273438,e2f4181cc0b5a56b,a6d2a08158c43f67
HD,1251,2021-09-30,2026-09-24,292.17999267578125,9f18f113a29e56a9,844201f6f015a4da
IBM,1251,2021-09-30,2026-09-24,227.05999755859372,c55b69a056da0763,49baf0a12736f5d8
INTC,1251,2021-09-30,2026-09-24,127.38999938964844,c6d0bf654ac1e66e,8d59a09dd6fc4218
INTU,1251,2021-09-30,2026-09-24,277.1300048828125,55fa54f943b2782e,5773d3676ad4b486
JNJ,1251,2021-09-30,2026-09-24,270.67999267578125,81860bdee4a17877,a2b996f53543743e
KMB,1251,2021-09-30,2026-09-24,97.22000122070312,ea4603fd538218d7,d9b1fe264928e025
KO,1251,2021-09-30,2026-09-24,88.0999984741211,0f44f372c737e0fa,280f29e4e2b8f2ec
LCII,1251,2021-09-30,2026-09-24,83.55000305175781,d675550ffd347827,cc1bee766cbd5470
LLY,1251,2021-09-30,2026-09-24,1181.8900146484375,311b7670442ce54f,f80d2fe3bbb888ee
LMT,1251,2021-09-30,2026-09-24,523.7000122070312,0b4c0170fc43c251,15a141d09a9b8c44
LULU,1251,2021-09-30,2026-09-24,101.63999938964844,39396c06f72dfb2a,887f521c7e8906d5
META,1251,2021-09-30,2026-09-24,777.5900268554688,ac0d6cc7f2a22f82,fd8936e73702b0f8
MLR,1251,2021-09-30,2026-09-24,53.84000015258789,70643917a03ebc34,c9217cee03469a6c
MMS,1251,2021-09-30,2026-09-24,52.619998931884766,0e5a9d5fc2ce07c8,32156ee9d37efb5e
MP,1251,2021-09-30,2026-09-24,49.29999923706055,554788c5e242ce3e,5b20d2c32eee1c11
MSFT,1251,2021-09-30,2026-09-24,497.9299926757813,bb92226dd5643ec5,5cd70971eb29c07d
MU,1251,2021-09-30,2026-09-24,1080.530029296875,bae2ce28d53b1b0a,d5fade71200abb15
NFLX,1251,2021-09-30,2026-09-24,71.72000122070312,afb17013146950f4,9026ab545b1a9db0
NKE,1251,2021-09-30,2026-09-24,35.9900016784668,fb507d80da94a643,d42210eed5f48eda
NOK,1251,2021-09-30,2026-09-24,10.43000030517578,e6baf210e1b8d7ae,4f00c52120fa8022
NU,1202,2021-12-09,2026-09-24,13.5600004196167,432555e9c73ab72c,259a05df82674492
NVO,1251,2021-09-30,2026-09-24,38.619998931884766,f063dbd3907227ee,3eb2f0876557bcde
ODFL,1251,2021-09-30,2026-09-24,174.92999267578125,6b6f12266774bb95,30891ceced02f8cd
PEP,1251,2021-09-30,2026-09-24,128.14999389648438,55ca8c813cb6a60d,f01b9613f8d99377
PGR,1251,2021-09-30,2026-09-24,202.1699981689453,4aca5ac5c4a1b53c,9181d9fe3c017080
PLTR,1251,2021-09-30,2026-09-24,192.58999633789065,c714a94f3827dc48,c3b3844969f1d129
PYPL,1251,2021-09-30,2026-09-24,52.59999847412109,b39409ce5efb5a53,e82fb36173671199
QCOM,1251,2021-09-30,2026-09-24,194.25999450683597,966b17022a3e4e38,6853a30ebd9c4240
ROST,1251,2021-09-30,2026-09-24,235.3999938964844,60499ac34b5e834b,d004b3a3b3237af8
RRX,1251,2021-09-30,2026-09-24,151.11000061035156,8f21f72cd0502412,a28a3e4a2cab0d77
RTX,1251,2021-09-30,2026-09-24,188.6100006103516,942c22d47a13997c,f82a89d0f4b4d673
SAIC,1251,2021-09-30,2026-09-24,132.42999267578125,9b9ae53a62815295,7e861b035f4c8ba9
SBUX,1251,2021-09-30,2026-09-24,93.6500015258789,056bf8028e19d754,f156569f8c79015c
SCHW,1251,2021-09-30,2026-09-24,99.48999786376952,9c43d42739259c40,0959f9cc465928f2
SFM,1251,2021-09-30,2026-09-24,65.41999816894531,f2c95517e051ac47,eef20d66219c3dea
SMCI,1251,2021-09-30,2026-09-24,41.5099983215332,a60900c9a5cb9527,2dd77420d28dee94
SOFI,1251,2021-09-30,2026-09-24,16.799999237060547,6348b861a89f51c8,ccbe06bde00d13e7
SSD,1251,2021-09-30,2026-09-24,173.61000061035156,98eee9342445471e,ad2f400946427c8b
TGT,1251,2021-09-30,2026-09-24,156.14999389648438,92b3f16fd15b64f5,4bce4900c248ff68
TMO,1251,2021-09-30,2026-09-24,678.3900146484375,8e9e724ef43a599d,2365afcb3a2d7e2a
TSCO,1251,2021-09-30,2026-09-24,31.440000534057617,c0cd787419469839,d013fd52c9e4ee98
TSLA,1251,2021-09-30,2026-09-24,377.9400024414063,84250c169400b8e4,c1a7eb65694611f1
TSM,1251,2021-09-30,2026-09-24,451.1499938964844,1ce3d3e1b15e8c76,b142de70489cf34d
TTC,1251,2021-09-30,2026-09-24,96.83999633789062,30f7d4663eb5ba5d,7c107149acd17e77
TXRH,1251,2021-09-30,2026-09-24,161.5500030517578,32976822d53f1169,0787c63da4187953
UHS,1251,2021-09-30,2026-09-24,176.99000549316406,c462ddc7a44396f3,c684180e55d35209
ULTA,1251,2021-09-30,2026-09-24,548.780029296875,3fc9ae96fe09789b,69680bd6f2125b23
UNH,1251,2021-09-30,2026-09-24,375.010009765625,f77d2af244cf1816,2768610a394be9b3
UNP,1251,2021-09-30,2026-09-24,274.07000732421875,02633e62512ed3ee,3a9b1028f4f3a7fc
UPS,1251,2021-09-30,2026-09-24,92.0500030517578,e9a7cd1b7d836496,f6eebf5ba6b25e4d
WDFC,1251,2021-09-30,2026-09-24,197.19000244140625,217dca7d1346c4be,9eca87474e827158
WMT,1251,2021-09-30,2026-09-24,107.58999633789062,ff46a38a058ddc3c,93a8e8da01702c44
WSO,1251,2021-09-30,2026-09-24,320.2099914550781,9bf554e6702010b3,8c9baf4c3648e822
ZTS,1251,2021-09-30,2026-09-24,70.2699966430664,d900cd439b29cf62,6ca1bd3f9b29b39f
