ticker,period_a,period_b,relation,region_a,region_b,score_a,score_b,margin_raw,smooth_a,smooth_b,margin_smooth,user_order_holds_raw,user_order_holds_smooth,a_p突破,a_p二日,a_p回測,a_p雜訊,a_p穿插_1y,a_p穿插_2y,a_p穿插_3y,a_p快敗_1y,a_p快敗_2y,a_p快敗_3y,b_p突破,b_p二日,b_p回測,b_p雜訊,b_p穿插_1y,b_p穿插_2y,b_p穿插_3y,b_p快敗_1y,b_p快敗_2y,b_p快敗_3y,a_A_raw_n@252,a_A_raw@252,a_A_d2_n@252,a_A_d2@252,a_A_rt_n@252,a_A_rt@252,a_A_wick@252,a_tg4_1y,a_qday_1y,a_quickfail_1y,a_tg4_2y,a_qday_2y,a_quickfail_2y,a_tg4_3y,a_qday_3y,a_quickfail_3y,b_A_raw_n@252,b_A_raw@252,b_A_d2_n@252,b_A_d2@252,b_A_rt_n@252,b_A_rt@252,b_A_wick@252,b_tg4_1y,b_qday_1y,b_quickfail_1y,b_tg4_2y,b_qday_2y,b_quickfail_2y,b_tg4_3y,b_qday_3y,b_quickfail_3y
GS,39,18,>,中,短,60.9378921937751,29.54285893574297,31.39503325803213,55.288785349732265,27.79696912650602,27.491816223226245,True,True,76.5750502008032,64.22565261044177,81.28765060240963,38.25301204819277,44.377510040160644,63.98406124497992,61.13830321285141,36.872489959839356,47.935491967871485,40.93247991967871,18.11621485943775,40.286144578313255,54.54317269076305,45.50075301204819,7.799949799196787,20.852158634538156,16.34977409638554,18.913152610441767,17.82128514056225,14.78413654618474,13,0.6923076923076923,7,0.8571428571428571,11,0.8181818181818182,5,1.0,20.0,0.5333333333333333,0.5,15.0,0.48,0.6666666666666666,14.666666666666666,0.4883720930232558,27,0.4074074074074074,8,0.75,16,0.625,9,3.0,38.0,0.5945945945945946,1.5,29.0,0.5573770491803278,1.6666666666666667,28.333333333333332,0.550561797752809
JNJ,34,26,>,中,短,39.48889307228916,36.709964859437754,2.7789282128514046,34.366162566934406,36.76633617804551,-2.400173611111107,True,False,6.0680220883534135,1.7570281124497993,83.96084337349397,78.66465863453816,49.53250502008032,58.603162650602414,69.80107931726907,36.872489959839356,17.526355421686745,54.348644578313255,10.491967871485944,44.34613453815261,82.69327309236948,56.25627510040161,17.501255020080322,23.315135542168676,28.843498995983936,20.770582329317268,22.458584337349397,39.144076305220885,8,0.375,1,0.0,12,0.8333333333333334,1,1.0,17.0,0.5333333333333333,0.5,17.0,0.5588235294117647,0.3333333333333333,14.333333333333334,0.46511627906976744,19,0.3684210526315789,5,0.8,7,0.8571428571428571,5,2.0,33.0,0.5862068965517241,1.5,25.5,0.5416666666666666,1.3333333333333333,22.0,0.4918032786885246
LMT,18,33,>,短,短,68.67752259036145,67.94208082329317,0.7354417670682807,64.23422858099062,65.49926267570281,-1.2650340947121919,True,False,82.81877510040161,95.13679718875501,63.146335341365464,55.8609437751004,44.377510040160644,25.793800200803215,26.126380522088354,93.20406626506023,75.13805220883533,72.76606425702812,95.15562248995984,30.107931726907633,92.33810240963855,31.475903614457827,78.23795180722891,63.98406124497992,67.59224397590361,96.07178714859438,83.11370481927712,90.04769076305222,15,0.7333333333333333,7,1.0,10,0.7,4,1.0,20.0,0.2,1.5,23.5,0.40476190476190477,1.3333333333333333,24.0,0.421875,9,0.8888888888888888,4,0.75,4,1.0,4,0.0,11.0,0.1111111111111111,0.5,15.0,0.37037037037037035,0.3333333333333333,15.0,0.35714285714285715
AVGO,38,29,>,中,短,65.04486696787149,41.32247740963855,23.722389558232933,67.09546519410976,44.747688671352066,22.347776522757698,True,True,98.6257530120482,92.62048192771084,64.02484939759037,16.57254016064257,42.755396586345384,58.603162650602414,30.67582831325301,69.41516064257029,61.73443775100401,45.55722891566265,54.00978915662651,53.896837349397586,83.60943775100401,22.6531124497992,4.40512048192771,2.34375,4.251380522088354,66.29643574297188,43.34211847389558,69.5343875502008,13,0.9230769230769231,6,1.0,13,0.6923076923076923,8,1.0,21.0,0.4117647058823529,0.5,17.0,0.4444444444444444,1.3333333333333333,20.666666666666668,0.4807692307692308,21,0.5714285714285714,10,0.8,16,0.8125,11,4.0,35.0,0.42857142857142855,4.5,29.5,0.48717948717948717,3.6666666666666665,26.0,0.43103448275862066
LULU,18,26,>,短,短,54.0297126004016,27.42046310240964,26.60924949799196,50.08256986278447,32.40859270414994,17.67397715863453,True,True,84.61972891566265,86.44578313253012,58.70356425702812,36.3265562248996,5.324422690763052,7.3701054216867465,8.998493975903614,73.5316265060241,59.06752008032129,64.11897590361446,44.647339357429715,38.723644578313255,41.04543172690763,8.032128514056225,4.6090612449799195,8.825928714859439,17.535768072289155,69.8230421686747,34.556977911646584,45.55722891566265,25,0.72,12,0.9166666666666666,14,0.6428571428571429,10,4.0,33.0,0.39285714285714285,3.0,26.5,0.45098039215686275,2.6666666666666665,24.333333333333332,0.4444444444444444,21,0.5238095238095238,10,0.7,11,0.5454545454545454,17,5.0,31.0,0.4090909090909091,3.5,23.5,0.5121951219512195,2.3333333333333335,20.0,0.4807692307692308
SMCI,24,37,>,短,中,64.18188378514056,36.93304467871486,27.2488391064257,64.94775978915662,35.00462788654619,29.943131902610432,True,True,96.22866465863453,89.02484939759037,93.68724899598394,17.41340361445783,22.618599397590362,35.19703815261044,15.910517068273094,31.46335341365462,65.19829317269075,78.86546184738957,94.79794176706827,64.22565261044177,99.71762048192771,41.139558232931726,23.81086847389558,4.5055220883534135,2.575928714859438,46.07178714859438,25.627510040160644,32.52384538152611,20,0.85,5,1.0,12,0.9166666666666666,12,2.0,26.0,0.55,1.0,24.0,0.4358974358974359,2.0,23.666666666666668,0.40350877192982454,22,0.8181818181818182,7,0.8571428571428571,10,1.0,8,2.0,25.0,0.5,3.5,28.0,0.5333333333333333,4.0,28.0,0.5076923076923077
TSLA,20,29,>,短,短,45.37603539156626,38.621831074297184,6.754204317269078,41.689100150602414,47.442582831325296,-5.7534826807228825,True,False,64.89081325301204,44.34613453815261,97.54016064257029,6.745732931726908,18.56488453815261,1.3491465863453815,0.3357178714859438,46.07178714859438,49.077560240963855,23.45632530120482,47.03815261044177,30.107931726907633,83.96084337349397,11.213604417670684,26.25815763052209,3.627008032128514,2.666917670682731,46.07178714859438,4.756526104417671,14.997489959839358,16,0.625,5,0.8,19,0.9473684210526315,14,2.0,31.0,0.5,4.0,33.5,0.4772727272727273,4.333333333333333,35.0,0.5263157894736842,14,0.5714285714285714,4,0.75,12,0.8333333333333334,10,2.0,23.0,0.5,3.5,29.5,0.6190476190476191,3.6666666666666665,28.333333333333332,0.55
ACN,32,25,>,短,短,28.1082141064257,27.79759663654618,0.3106174698795172,29.033843708165996,27.84136546184739,1.1924782463186077,True,True,22.621736947791167,22.935491967871485,59.2808734939759,45.50075301204819,8.59375,15.192018072289157,22.681350401606426,9.858182730923696,9.688755020080322,6.739457831325302,24.479166666666664,20.92745983935743,44.87324297188755,62.0105421686747,5.838980923694779,17.94992469879518,16.80471887550201,4.806726907630522,21.410642570281123,28.24422690763052,15,0.4666666666666667,6,0.6666666666666666,12,0.6666666666666666,5,4.0,28.0,0.6363636363636364,2.5,22.5,0.5897435897435898,2.0,19.0,0.5818181818181818,22,0.45454545454545453,8,0.625,8,0.625,5,4.0,32.0,0.6785714285714286,2.0,24.0,0.5454545454545454,2.0,23.0,0.5166666666666667
PLTR,30,28,>,短,短,62.726844879518076,47.639150351405625,15.08769452811245,62.06790704484605,48.48262843038822,13.585278614457835,True,True,94.44026104417671,96.85617469879519,90.22339357429718,25.589859437751006,9.494226907630521,7.3701054216867465,3.9501757028112454,26.888805220883533,30.032630522088354,39.09387550200803,83.07605421686746,67.40712851405623,66.87374497991968,8.647088353413656,8.24234437751004,14.30722891566265,12.21448293172691,68.50527108433735,49.59839357429719,52.723393574297184,26,0.8076923076923077,8,1.0,10,0.9,13,3.0,33.0,0.5666666666666667,3.0,26.5,0.5217391304347826,3.3333333333333335,27.0,0.49230769230769234,24,0.7083333333333334,8,0.875,11,0.7272727272727273,19,3.0,36.0,0.4166666666666667,2.0,28.0,0.47619047619047616,2.0,27.666666666666668,0.46875
BAC,75,62,>,長,長,94.38064759036143,85.17193775100401,9.208709839357425,92.4615127175368,84.09000585676037,8.371506860776435,True,True,70.9964859437751,73.70105421686746,34.65110441767068,94.22063253012048,61.019076305220885,82.72464859437751,90.9199297188755,89.3511546184739,97.54016064257029,97.84136546184739,70.9964859437751,73.70105421686746,79.34236947791165,75.7781124497992,80.58170180722891,73.66967871485943,83.55296184738955,93.80020080321285,93.49899598393574,86.79091365461848,7,0.7142857142857143,3,1.0,3,0.6666666666666666,0,1.0,12.0,0.2727272727272727,0.5,9.0,0.23529411764705882,0.3333333333333333,7.333333333333333,0.2727272727272727,7,0.7142857142857143,3,1.0,2,1.0,1,0.0,10.0,0.18181818181818182,0.5,12.0,0.30434782608695654,0.3333333333333333,10.333333333333334,0.375
DIS,19,32,>=,短,短,41.12951807228916,52.25323167670683,-11.123713604417674,43.8735671854083,45.967515896921014,-2.0939487115127164,False,False,24.479166666666664,64.22565261044177,29.298443775100402,83.84789156626506,20.77058232931727,36.56187248995984,37.942394578313255,5.848393574297188,8.207831325301203,35.849648594377506,59.09262048192772,51.40562248995983,47.42093373493976,94.22063253012048,23.81086847389558,16.77648092369478,22.681350401606426,7.065763052208836,6.6390562248995995,14.388805220883535,22,0.45454545454545453,7,0.8571428571428571,14,0.5,2,2.0,28.0,0.6666666666666666,1.0,23.0,0.5957446808510638,1.0,21.0,0.5,13,0.6153846153846154,6,0.8333333333333334,6,0.6666666666666666,0,2.0,25.0,0.6538461538461539,2.5,21.5,0.6046511627906976,2.0,19.0,0.5517241379310345
CRWD,31,15,>,短,短,72.56588855421687,65.74046184738957,6.825426706827301,72.69735190763052,63.3402359437751,9.35711596385542,True,True,89.02484939759037,95.13679718875501,54.54317269076305,64.09387550200803,53.947038152610446,40.18574297188755,25.599272088353416,66.29643574297188,38.84914658634538,60.47314257028113,88.72991967871486,86.44578313253012,85.89357429718876,39.62725903614458,29.76280120481928,11.718749999999998,15.411646586345382,74.93097389558233,23.600652610441767,23.776355421686745,14,0.7857142857142857,7,1.0,9,0.6666666666666666,3,1.0,15.0,0.42857142857142855,1.5,16.0,0.5,2.0,17.666666666666668,0.4523809523809524,24,0.75,12,0.9166666666666666,13,0.8461538461538461,9,1.0,35.0,0.38461538461538464,2.0,35.0,0.5384615384615384,1.6666666666666667,30.666666666666668,0.5256410256410257
