ticker,component,contribution_a,contribution_b,contribution_diff_a_minus_b,pct_points_needed_on_A_to_flip,pct_points_needed_on_B_to_flip
GS,快敗,11.983872991967871,0.0,11.983872991967871,125.58013303212851,
GS,雜訊,2.8689759036144578,6.825112951807228,-3.9561370481927707,418.6004434404284,209.3002217202142
GS,回測,6.0965737951807215,8.181475903614457,-2.0849021084337354,418.6004434404284,209.3002217202142
GS,穿插,23.99402296686747,1.9499874497991967,22.044035517068274,83.72008868808568,125.58013303212851
GS,突破,9.5718812751004,4.529053714859438,5.042827560240963,251.16026606425703,125.58013303212851
GS,二日,6.422565261044177,8.057228915662652,-1.6346636546184747,313.9503325803213,156.97516629016064
JNJ,快敗,4.381588855421686,0.0,4.381588855421686,11.115712851405618,
JNJ,雜訊,5.899849397590361,8.438441265060241,-2.53859186746988,37.052376171352066,18.526188085676033
JNJ,回測,6.297063253012047,12.403990963855422,-6.106927710843375,37.052376171352066,18.526188085676033
JNJ,穿插,21.976185993975903,4.3753137550200805,17.600872238955823,7.410475234270412,11.115712851405618
JNJ,突破,0.7585027610441767,2.622991967871486,-1.8644892068273093,22.231425702811237,11.115712851405618
JNJ,二日,0.17570281124497994,8.869226907630523,-8.693524096385543,27.789282128514046,13.894641064257023
LMT,雜訊,8.37914156626506,4.721385542168674,3.6577560240963862,4.9029451137885385,4.9029451137885385
LMT,回測,9.471950301204819,13.850715361445783,-4.378765060240964,4.9029451137885385,4.9029451137885385
LMT,穿插,11.094377510040161,19.559487951807228,-8.465110441767067,2.9417670682731227,2.9417670682731227
LMT,突破,20.704693775100402,23.78890562248996,-3.0842118473895574,2.9417670682731227,2.9417670682731227
LMT,二日,19.027359437751002,6.021586345381527,13.005773092369475,3.6772088353414034,3.6772088353414034
AVGO,快敗,15.433609437751002,0.0,15.433609437751002,94.88955823293173,
AVGO,雜訊,1.242940512048193,3.3979668674698797,-2.155026355421687,316.2985274431058,158.1492637215529
AVGO,回測,4.801863704819278,12.541415662650602,-7.739551957831324,316.2985274431058,158.1492637215529
AVGO,穿插,21.976185993975903,1.1012801204819276,20.874905873493976,63.25970548862116,94.88955823293173
AVGO,突破,12.328219126506024,13.502447289156628,-1.1742281626506035,189.77911646586347,94.88955823293173
AVGO,二日,9.262048192771084,10.779367469879517,-1.5173192771084327,237.22389558232933,118.61194779116467
LULU,雜訊,5.44898343373494,1.2048192771084338,4.244164156626506,177.39499665327975,177.39499665327975
LULU,回測,8.805534638554217,6.156814759036144,2.6487198795180733,177.39499665327975,177.39499665327975
LULU,穿插,1.331105672690763,1.1522653112449799,0.1788403614457832,106.43699799196784,106.43699799196784
LULU,突破,21.154932228915662,11.161834839357429,9.993097389558233,106.43699799196784,106.43699799196784
LULU,二日,17.289156626506024,7.744728915662652,9.544427710843372,133.0462474899598,133.0462474899598
SMCI,快敗,0.0,6.406877510040161,-6.406877510040161,,108.9953564257028
SMCI,雜訊,2.6120105421686746,3.0854668674698793,-0.47345632530120474,181.65892737617133,363.31785475234267
SMCI,回測,14.05308734939759,7.478821536144578,6.574265813253012,181.65892737617133,363.31785475234267
SMCI,穿插,5.6546498493975905,1.6895707831325302,3.9650790662650603,108.9953564257028,72.66357095046853
SMCI,突破,24.057166164658632,11.849742720883533,12.207423443775099,108.9953564257028,217.9907128514056
SMCI,二日,17.804969879518076,6.422565261044177,11.382404618473899,136.2441955321285,272.488391064257
TSLA,雜訊,1.0118599397590362,1.6820406626506026,-0.6701807228915664,45.02802878179386,45.02802878179386
TSLA,回測,14.631024096385541,12.594126506024095,2.0368975903614466,45.02802878179386,45.02802878179386
TSLA,穿插,4.641221134538153,6.564539407630522,-1.9233182730923692,27.016817269076313,27.016817269076313
TSLA,突破,16.22270331325301,11.759538152610443,4.463165160642568,27.016817269076313,27.016817269076313
TSLA,二日,8.869226907630523,6.021586345381527,2.847640562248996,33.77102158634539,33.77102158634539
ACN,雜訊,6.825112951807228,9.301581325301203,-2.476468373493975,2.070783132530115,2.070783132530115
ACN,回測,8.892131024096384,6.730986445783132,2.1611445783132526,2.070783132530115,2.070783132530115
ACN,穿插,2.1484375,1.4597452309236947,0.6886922690763053,1.2424698795180689,1.2424698795180689
ACN,突破,5.655434236947792,6.119791666666666,-0.4643574297188744,1.2424698795180689,1.2424698795180689
ACN,二日,4.587098393574297,4.185491967871486,0.4016064257028109,1.553087349397586,1.553087349397586
PLTR,雜訊,3.838478915662651,1.2970632530120483,2.5414156626506026,100.58463018741634,100.58463018741634
PLTR,回測,13.533509036144576,10.031061746987952,3.502447289156624,100.58463018741634,100.58463018741634
PLTR,穿插,2.3735567269076303,2.06058609437751,0.31297063253012025,60.3507781124498,60.3507781124498
PLTR,突破,23.610065261044177,20.769013554216865,2.8410517068273116,60.3507781124498,60.3507781124498
PLTR,二日,19.371234939759038,13.481425702811245,5.889809236947793,75.43847264056225,75.43847264056225
BAC,穿插,45.45996485943775,41.77648092369478,3.68348393574297,18.41741967871485,18.41741967871485
BAC,快敗,48.920682730923694,43.39545682730924,5.525225903614455,18.41741967871485,18.41741967871485
DIS,雜訊,12.577183734939759,14.133094879518072,-1.5559111445783138,-74.15809069611782,-74.15809069611782
DIS,回測,4.39476656626506,7.113140060240964,-2.7183734939759034,-74.15809069611782,-74.15809069611782
DIS,穿插,5.192645582329318,5.952717118473895,-0.7600715361445776,-44.494854417670695,-44.494854417670695
DIS,突破,6.119791666666666,14.77315512048193,-8.653363453815263,-44.494854417670695,-44.494854417670695
DIS,二日,12.845130522088354,10.281124497991968,2.5640060240963862,-55.61856802208837,-55.61856802208837
CRWD,雜訊,9.614081325301205,5.944088855421687,3.669992469879518,45.50284471218201,45.50284471218201
CRWD,回測,8.181475903614457,12.884036144578314,-4.702560240963857,45.50284471218201,45.50284471218201
CRWD,穿插,13.486759538152612,7.44070030120482,6.046059236947792,27.301706827309204,27.301706827309204
CRWD,突破,22.256212349397593,22.182479919678716,0.07373242971887706,27.301706827309204,27.301706827309204
CRWD,二日,19.027359437751002,17.289156626506024,1.738202811244978,34.127133534136505,34.127133534136505
