ticker,side,period,component,p_column,percentile,weight,contribution
GS,a,39,回測,p回測,81.28765060240963,0.075,6.0965737951807215
GS,a,39,穿插,p穿插_2y,63.98406124497992,0.375,23.99402296686747
GS,a,39,快敗,p快敗_2y,47.935491967871485,0.25,11.983872991967871
GS,a,39,雜訊,p雜訊,38.25301204819277,0.075,2.8689759036144578
GS,a,39,突破,p突破,76.5750502008032,0.125,9.5718812751004
GS,a,39,二日,p二日,64.22565261044177,0.1,6.422565261044177
GS,b,18,突破,p突破,18.11621485943775,0.25,4.529053714859438
GS,b,18,二日,p二日,40.286144578313255,0.2,8.057228915662652
GS,b,18,回測,p回測,54.54317269076305,0.15,8.181475903614457
GS,b,18,雜訊,p雜訊,45.50075301204819,0.15,6.825112951807228
GS,b,18,穿插,p穿插_1y,7.799949799196787,0.25,1.9499874497991967
JNJ,a,34,回測,p回測,83.96084337349397,0.075,6.297063253012047
JNJ,a,34,穿插,p穿插_2y,58.603162650602414,0.375,21.976185993975903
JNJ,a,34,快敗,p快敗_2y,17.526355421686745,0.25,4.381588855421686
JNJ,a,34,雜訊,p雜訊,78.66465863453816,0.075,5.899849397590361
JNJ,a,34,突破,p突破,6.0680220883534135,0.125,0.7585027610441767
JNJ,a,34,二日,p二日,1.7570281124497993,0.1,0.17570281124497994
JNJ,b,26,突破,p突破,10.491967871485944,0.25,2.622991967871486
JNJ,b,26,二日,p二日,44.34613453815261,0.2,8.869226907630523
JNJ,b,26,回測,p回測,82.69327309236948,0.15,12.403990963855422
JNJ,b,26,雜訊,p雜訊,56.25627510040161,0.15,8.438441265060241
JNJ,b,26,穿插,p穿插_1y,17.501255020080322,0.25,4.3753137550200805
LMT,a,18,突破,p突破,82.81877510040161,0.25,20.704693775100402
LMT,a,18,二日,p二日,95.13679718875501,0.2,19.027359437751002
LMT,a,18,回測,p回測,63.146335341365464,0.15,9.471950301204819
LMT,a,18,雜訊,p雜訊,55.8609437751004,0.15,8.37914156626506
LMT,a,18,穿插,p穿插_1y,44.377510040160644,0.25,11.094377510040161
LMT,b,33,突破,p突破,95.15562248995984,0.25,23.78890562248996
LMT,b,33,二日,p二日,30.107931726907633,0.2,6.021586345381527
LMT,b,33,回測,p回測,92.33810240963855,0.15,13.850715361445783
LMT,b,33,雜訊,p雜訊,31.475903614457827,0.15,4.721385542168674
LMT,b,33,穿插,p穿插_1y,78.23795180722891,0.25,19.559487951807228
AVGO,a,38,回測,p回測,64.02484939759037,0.075,4.801863704819278
AVGO,a,38,穿插,p穿插_2y,58.603162650602414,0.375,21.976185993975903
AVGO,a,38,快敗,p快敗_2y,61.73443775100401,0.25,15.433609437751002
AVGO,a,38,雜訊,p雜訊,16.57254016064257,0.075,1.242940512048193
AVGO,a,38,突破,p突破,98.6257530120482,0.125,12.328219126506024
AVGO,a,38,二日,p二日,92.62048192771084,0.1,9.262048192771084
AVGO,b,29,突破,p突破,54.00978915662651,0.25,13.502447289156628
AVGO,b,29,二日,p二日,53.896837349397586,0.2,10.779367469879517
AVGO,b,29,回測,p回測,83.60943775100401,0.15,12.541415662650602
AVGO,b,29,雜訊,p雜訊,22.6531124497992,0.15,3.3979668674698797
AVGO,b,29,穿插,p穿插_1y,4.40512048192771,0.25,1.1012801204819276
LULU,a,18,突破,p突破,84.61972891566265,0.25,21.154932228915662
LULU,a,18,二日,p二日,86.44578313253012,0.2,17.289156626506024
LULU,a,18,回測,p回測,58.70356425702812,0.15,8.805534638554217
LULU,a,18,雜訊,p雜訊,36.3265562248996,0.15,5.44898343373494
LULU,a,18,穿插,p穿插_1y,5.324422690763052,0.25,1.331105672690763
LULU,b,26,突破,p突破,44.647339357429715,0.25,11.161834839357429
LULU,b,26,二日,p二日,38.723644578313255,0.2,7.744728915662652
LULU,b,26,回測,p回測,41.04543172690763,0.15,6.156814759036144
LULU,b,26,雜訊,p雜訊,8.032128514056225,0.15,1.2048192771084338
LULU,b,26,穿插,p穿插_1y,4.6090612449799195,0.25,1.1522653112449799
SMCI,a,24,突破,p突破,96.22866465863453,0.25,24.057166164658632
SMCI,a,24,二日,p二日,89.02484939759037,0.2,17.804969879518076
SMCI,a,24,回測,p回測,93.68724899598394,0.15,14.05308734939759
SMCI,a,24,雜訊,p雜訊,17.41340361445783,0.15,2.6120105421686746
SMCI,a,24,穿插,p穿插_1y,22.618599397590362,0.25,5.6546498493975905
SMCI,b,37,回測,p回測,99.71762048192771,0.075,7.478821536144578
SMCI,b,37,穿插,p穿插_2y,4.5055220883534135,0.375,1.6895707831325302
SMCI,b,37,快敗,p快敗_2y,25.627510040160644,0.25,6.406877510040161
SMCI,b,37,雜訊,p雜訊,41.139558232931726,0.075,3.0854668674698793
SMCI,b,37,突破,p突破,94.79794176706827,0.125,11.849742720883533
SMCI,b,37,二日,p二日,64.22565261044177,0.1,6.422565261044177
TSLA,a,20,突破,p突破,64.89081325301204,0.25,16.22270331325301
TSLA,a,20,二日,p二日,44.34613453815261,0.2,8.869226907630523
TSLA,a,20,回測,p回測,97.54016064257029,0.15,14.631024096385541
TSLA,a,20,雜訊,p雜訊,6.745732931726908,0.15,1.0118599397590362
TSLA,a,20,穿插,p穿插_1y,18.56488453815261,0.25,4.641221134538153
TSLA,b,29,突破,p突破,47.03815261044177,0.25,11.759538152610443
TSLA,b,29,二日,p二日,30.107931726907633,0.2,6.021586345381527
TSLA,b,29,回測,p回測,83.96084337349397,0.15,12.594126506024095
TSLA,b,29,雜訊,p雜訊,11.213604417670684,0.15,1.6820406626506026
TSLA,b,29,穿插,p穿插_1y,26.25815763052209,0.25,6.564539407630522
ACN,a,32,突破,p突破,22.621736947791167,0.25,5.655434236947792
ACN,a,32,二日,p二日,22.935491967871485,0.2,4.587098393574297
ACN,a,32,回測,p回測,59.2808734939759,0.15,8.892131024096384
ACN,a,32,雜訊,p雜訊,45.50075301204819,0.15,6.825112951807228
ACN,a,32,穿插,p穿插_1y,8.59375,0.25,2.1484375
ACN,b,25,突破,p突破,24.479166666666664,0.25,6.119791666666666
ACN,b,25,二日,p二日,20.92745983935743,0.2,4.185491967871486
ACN,b,25,回測,p回測,44.87324297188755,0.15,6.730986445783132
ACN,b,25,雜訊,p雜訊,62.0105421686747,0.15,9.301581325301203
ACN,b,25,穿插,p穿插_1y,5.838980923694779,0.25,1.4597452309236947
PLTR,a,30,突破,p突破,94.44026104417671,0.25,23.610065261044177
PLTR,a,30,二日,p二日,96.85617469879519,0.2,19.371234939759038
PLTR,a,30,回測,p回測,90.22339357429718,0.15,13.533509036144576
PLTR,a,30,雜訊,p雜訊,25.589859437751006,0.15,3.838478915662651
PLTR,a,30,穿插,p穿插_1y,9.494226907630521,0.25,2.3735567269076303
PLTR,b,28,突破,p突破,83.07605421686746,0.25,20.769013554216865
PLTR,b,28,二日,p二日,67.40712851405623,0.2,13.481425702811245
PLTR,b,28,回測,p回測,66.87374497991968,0.15,10.031061746987952
PLTR,b,28,雜訊,p雜訊,8.647088353413656,0.15,1.2970632530120483
PLTR,b,28,穿插,p穿插_1y,8.24234437751004,0.25,2.06058609437751
BAC,a,75,快敗,p快敗_3y,97.84136546184739,0.5,48.920682730923694
BAC,a,75,穿插,p穿插_3y,90.9199297188755,0.5,45.45996485943775
BAC,b,62,快敗,p快敗_3y,86.79091365461848,0.5,43.39545682730924
BAC,b,62,穿插,p穿插_3y,83.55296184738955,0.5,41.77648092369478
DIS,a,19,突破,p突破,24.479166666666664,0.25,6.119791666666666
DIS,a,19,二日,p二日,64.22565261044177,0.2,12.845130522088354
DIS,a,19,回測,p回測,29.298443775100402,0.15,4.39476656626506
DIS,a,19,雜訊,p雜訊,83.84789156626506,0.15,12.577183734939759
DIS,a,19,穿插,p穿插_1y,20.77058232931727,0.25,5.192645582329318
DIS,b,32,突破,p突破,59.09262048192772,0.25,14.77315512048193
DIS,b,32,二日,p二日,51.40562248995983,0.2,10.281124497991968
DIS,b,32,回測,p回測,47.42093373493976,0.15,7.113140060240964
DIS,b,32,雜訊,p雜訊,94.22063253012048,0.15,14.133094879518072
DIS,b,32,穿插,p穿插_1y,23.81086847389558,0.25,5.952717118473895
CRWD,a,31,突破,p突破,89.02484939759037,0.25,22.256212349397593
CRWD,a,31,二日,p二日,95.13679718875501,0.2,19.027359437751002
CRWD,a,31,回測,p回測,54.54317269076305,0.15,8.181475903614457
CRWD,a,31,雜訊,p雜訊,64.09387550200803,0.15,9.614081325301205
CRWD,a,31,穿插,p穿插_1y,53.947038152610446,0.25,13.486759538152612
CRWD,b,15,突破,p突破,88.72991967871486,0.25,22.182479919678716
CRWD,b,15,二日,p二日,86.44578313253012,0.2,17.289156626506024
CRWD,b,15,回測,p回測,85.89357429718876,0.15,12.884036144578314
CRWD,b,15,雜訊,p雜訊,39.62725903614458,0.15,5.944088855421687
CRWD,b,15,穿插,p穿插_1y,29.76280120481928,0.25,7.44070030120482
