ticker,rank,period,score,score_gap_to_best,buffer_to_15pt_cutoff,simple_ret,complex_ret,bt_avg,bt_gap_to_best,in_5pp_set,is_final
AAPL,1,30,68.2,0.0,15.0,0.19624020832567535,0.13871261165081505,0.1674764099882452,0.13975424863910269,False,False
AAPL,2,27,65.8,2.4,12.6,0.4470414568762282,0.16741986037846757,0.3072306586273479,0.0,True,True
ACN,1,16,43.9,0.0,15.0,-0.13164580515170077,-0.20009706707583663,-0.1658714361137687,0.2898018571575906,False,False
ACN,2,29,31.6,12.3,2.7,-0.03989094811384808,-0.03506497457995461,-0.037477961346901345,0.16140838239072325,False,False
ACN,3,19,30.6,13.3,1.7,-0.17166712450415145,-0.10781624225439623,-0.13974168337927384,0.26367210442309574,False,False
ACN,4,33,29.2,14.7,0.3,0.16864794374357195,0.07921289834407186,0.1239304210438219,0.0,True,True
ADBE,1,19,73.9,0.0,15.0,-0.09751120845575711,0.12039024192478154,0.011439516734512212,0.10605983107138706,False,False
ADBE,2,22,73.2,0.7,14.3,-0.011670306232317462,0.246669001844116,0.11749934780589927,0.0,True,True
ADBE,3,16,67.4,6.5,8.5,-0.01247688310697026,0.14361435795034483,0.06556873742168728,0.051930610384211984,False,False
ADBE,4,27,64.6,9.3,5.7,-0.0807064478692544,0.06383214217273836,-0.008437152848258023,0.1259365006541573,False,False
AEP,1,24,69.3,0.0,15.0,0.059090643469796644,0.06217356064594126,0.06063210205786895,0.036705810661677996,True,True
AEP,2,21,62.2,7.1,7.9,0.05892910341169966,0.0013219724550503908,0.030125537933375024,0.06721237478617192,False,False
AEP,3,33,57.2,12.1,2.9,0.11629628022612093,0.07837954521297297,0.09733791271954695,0.0,True,False
AEP,4,29,56.7,12.6,2.4,0.10103513272799014,0.01866040003469438,0.05984776638134226,0.03749014633820469,True,False
ALSN,1,28,50.2,0.0,15.0,0.10008167927957756,0.02009740440045582,0.06008954184001669,0.09120390788721533,False,False
ALSN,2,32,45.0,5.2,9.8,0.06720405226136084,0.11400200070533706,0.09060302648334895,0.060690423243883074,False,False
ALSN,3,23,44.8,5.4,9.6,0.12715402593857483,0.02996762703802247,0.07856082648829865,0.07273262323893337,False,False
ALSN,4,15,37.1,13.1,1.9,0.22075375852338341,0.08183314093108063,0.15129344972723202,0.0,True,True
ALSN,5,20,36.1,14.1,0.9,0.16422021870210735,0.09979856477906313,0.13200939174058524,0.019284057986646785,True,False
AMD,1,33,72.5,0.0,15.0,1.485936316439306,0.6504289005731745,1.0681826085062402,0.5089579384283605,False,False
AMD,2,30,70.7,1.8,13.2,1.3641475298121937,0.5557843280451886,0.9599659289286911,0.6171746180059096,False,False
AMD,3,27,59.1,13.4,1.6,2.5430095176793146,0.6112715761898866,1.5771405469346007,0.0,True,True
AMD,4,21,58.1,14.4,0.6,1.4472209558450397,0.05670626589210692,0.7519636108685733,0.8251769360660274,False,False
ASML,1,23,57.9,0.0,15.0,0.27079965636570713,0.1259930732062411,0.1983963647859741,0.0,True,False
ASML,2,26,54.2,3.7,11.3,0.11114143502997154,0.008490950653562201,0.05981619284176687,0.13858017194420724,False,False
ASML,3,30,51.9,6.0,9.0,0.2653450608402206,0.010228719782285012,0.1377868903112528,0.060609474474721314,False,False
ASML,4,20,49.7,8.2,6.8,0.17832265865576558,0.12312166386182022,0.1507221612587929,0.047674203527181214,True,False
ASML,5,15,49.1,8.8,6.2,0.2260736964970409,0.07383163265152004,0.14995266457428047,0.04844370021169364,True,True
AVGO,1,32,58.8,0.0,15.0,0.015628266783560996,-0.04341734259680885,-0.013894537906623927,0.0,True,True
AVGO,2,29,44.7,14.1,0.9,-0.1206695025029546,-0.16397218706936578,-0.1423208447861602,0.12842630687953627,False,False
BAC,1,26,68.2,0.0,15.0,0.21891818879076963,0.02914329949432104,0.12403074414254533,0.22684417650258204,False,False
BAC,2,15,61.5,6.7,8.3,0.35978404114029705,0.3419658001499577,0.3508749206451274,0.0,True,True
BAC,3,23,57.6,10.6,4.4,0.22731362796349197,0.022105976080473155,0.12470980202198256,0.2261651186231448,False,False
BAC,4,29,56.4,11.8,3.2,0.12546169221210834,-0.04783784036040628,0.03881192592585103,0.31206299471927634,False,False
BB,1,33,67.0,0.0,15.0,1.865021705348266,0.43248780000952647,1.1487547526788964,0.0,True,True
BB,2,30,54.0,13.0,2.0,1.7997871501422469,0.25011495425946784,1.0249510522008574,0.12380370047803901,False,False
BB,3,19,53.6,13.4,1.6,-0.26133891208513527,-0.11400808516901983,-0.18767349862707755,1.336428251305974,False,False
CME,1,33,39.7,0.0,15.0,0.014383807336197929,0.06318747840890326,0.038785642872550596,0.0,True,False
CME,2,22,35.3,4.4,10.6,0.06989957822561887,-0.08794678403367695,-0.009023602904029038,0.047809245776579634,True,False
CME,3,18,34.1,5.6,9.4,0.053896561063857096,-0.05454691952407753,-0.00032517923011021743,0.039110822102660814,True,False
CME,4,15,33.3,6.4,8.6,0.07325091423855246,-0.03234089906732218,0.020455007585615137,0.01833063528693546,True,True
CME,5,30,33.1,6.6,8.4,0.017919786488555633,-0.07483006297218953,-0.028455138241816946,0.06724078111436754,False,False
CRWD,1,31,72.7,0.0,15.0,1.029068073115245,0.4749843545886516,0.7520262138519483,0.06638294445848092,False,False
CRWD,2,28,67.8,4.9,10.1,1.0139166277349845,0.622901688885874,0.8184091583104293,0.0,True,True
CRWD,3,15,63.3,9.4,5.6,0.9041941425572995,0.4430511464467344,0.6736226445020169,0.14478651380841234,False,False
CRWD,4,21,59.2,13.5,1.5,0.9300031594829214,0.5765433534283098,0.7532732564556156,0.06513590185481366,False,False
CSX,1,33,56.0,0.0,15.0,0.10618610971834785,0.07561198441215922,0.09089904706525354,0.16046745757375225,False,False
CSX,2,15,51.7,4.3,10.7,0.21741392322483,0.06743511481011111,0.14242451901747055,0.10894198562153523,False,False
CSX,3,26,49.8,6.2,8.8,0.23145544544830954,0.14523531247549104,0.1883453789619003,0.0630211256771055,False,False
CSX,4,29,44.7,11.3,3.7,0.24074343613787152,0.09497095788019205,0.1678571970090318,0.083509307629974,False,False
CSX,5,19,43.7,12.3,2.7,0.3064375003674369,0.19629550891057468,0.2513665046390058,0.0,True,True
CVX,1,24,62.3,0.0,15.0,0.00791987346711398,0.018008884880952314,0.012964379174033147,0.19506145442636014,False,False
CVX,2,31,58.6,3.7,11.3,-0.024044886578986735,-0.015075343136096597,-0.019560114857541666,0.22758594845793495,False,False
CVX,3,27,52.1,10.2,4.8,0.30141725367351535,0.11463441352727122,0.20802583360039328,0.0,True,True
DIS,1,32,46.0,0.0,15.0,0.0020540626156504427,-0.09271244962696978,-0.04532919350565967,0.0007810208241878502,True,False
DIS,2,21,45.1,0.9,14.1,-0.12320107904949484,-0.05784758463483575,-0.0905243318421653,0.045976159160693475,True,False
DIS,3,18,43.5,2.5,12.5,-0.061885956863534486,-0.027210388499409155,-0.04454817268147182,0.0,True,True
DIS,4,28,41.6,4.4,10.6,-0.07095666907378384,-0.13431259506599857,-0.10263463206989121,0.05808645938841939,False,False
DIS,5,25,35.2,10.8,4.2,-0.13159490952246733,-0.0011450450118127842,-0.06636997726714006,0.021821804585668236,True,False
DUK,1,32,63.3,0.0,15.0,0.07929553265595657,0.07323681484671773,0.07626617375133715,0.0,True,True
DUK,2,27,61.9,1.4,13.6,0.045120213480993154,-0.02808482762659581,0.008517692927198672,0.06774848082413848,False,False
EOG,1,23,66.4,0.0,15.0,0.17623056594571862,0.008121643284252356,0.09217610461498549,0.0,True,True
EOG,2,31,63.7,2.7,12.3,0.05451479256139047,-0.006961793600031019,0.023776499480679725,0.06839960513430576,False,False
EOG,3,18,57.5,8.9,6.1,0.09101219570980978,-0.03427190703293892,0.028370144338435432,0.06380596027655006,False,False
EOG,4,26,57.4,9.0,6.0,0.06275159806943464,0.09324975395763513,0.07800067601353489,0.014175428601450601,True,False
ETN,1,30,49.2,0.0,15.0,-0.27927792151884157,-0.2944360286940392,-0.28685697510644037,0.08410893864079516,False,False
ETN,2,25,45.3,3.9,11.1,-0.26111884347165093,-0.1443772294596395,-0.2027480364656452,0.0,True,True
ETN,3,15,44.3,4.9,10.1,-0.3668947860362499,-0.3157997253604756,-0.3413472556983628,0.13859921923271756,False,False
ETN,4,33,38.2,11.0,4.0,-0.353957491711291,-0.29670198331675546,-0.3253297375140232,0.12258170104837801,False,False
GE,1,20,63.5,0.0,15.0,0.1907405954304413,0.08272586851355945,0.13673323197200038,0.0,True,False
GE,2,15,62.1,1.4,13.6,0.16914618421199057,0.10162902552147957,0.13538760486673507,0.0013456271052653124,True,True
GE,3,28,56.6,6.9,8.1,0.05390648841253087,0.010128670280549201,0.03201757934654004,0.10471565262546034,False,False
GE,4,25,55.2,8.3,6.7,0.07826307616183881,0.14572785319719395,0.11199546467951638,0.024737767292484003,True,False
GOOGL,1,33,68.4,0.0,15.0,1.0225889235247472,0.4751286087774935,0.7488587661511203,0.0,True,True
GOOGL,2,18,60.1,8.3,6.7,0.7165764993647452,0.3166881657150509,0.516632332539898,0.2322264336112223,False,False
GOOGL,3,29,58.2,10.2,4.8,0.832274968420756,0.3801646243277521,0.606219796374254,0.1426389697768663,False,False
GOOGL,4,22,55.0,13.4,1.6,0.4447619828513858,0.31689445201580235,0.3808282174335941,0.3680305487175263,False,False
GS,1,33,39.3,0.0,15.0,-0.080173750549136,0.0061704433110474355,-0.037001653619044284,0.13495782859457717,False,False
GS,2,22,34.1,5.2,9.8,0.14177692553015242,0.046887310197787135,0.09433211786396978,0.003624057111563106,True,True
GS,3,25,31.6,7.7,7.3,0.12437413129261499,0.023852262040034322,0.07411319666632465,0.02384297830920823,True,False
GS,4,30,29.4,9.9,5.1,0.08009485161490115,0.11581749833616461,0.09795617497553288,0.0,True,False
GS,5,18,27.8,11.5,3.5,-0.008534738468325642,-0.10144776848478343,-0.054991253476554536,0.15294742845208742,False,False
IBM,1,33,48.4,0.0,15.0,-0.29378161111089085,-0.029749568221371647,-0.16176558966613125,0.08152367682252781,False,False
IBM,2,30,42.7,5.7,9.3,-0.3773380178063739,-0.06855990113347288,-0.22294895946992338,0.14270704662631994,False,False
IBM,3,15,37.6,10.8,4.2,-0.2812745459335655,0.07253646339619846,-0.10436904126868352,0.02412712842508008,True,True
IBM,4,19,33.7,14.7,0.3,-0.1594379604652293,-0.0010458652219775821,-0.08024191284360344,0.0,True,False
IBM,5,27,33.7,14.7,0.3,-0.39307256016986003,-0.15145588105926278,-0.2722642206145614,0.19202230777095797,False,False
INTC,1,32,68.1,0.0,15.0,3.6064220288007656,0.49915612303966483,2.052789075920215,0.10358924499228017,False,False
INTC,2,15,63.2,4.9,10.1,2.883179505532697,0.8274313799649196,1.8553054427488083,0.3010728781636871,False,False
INTC,3,26,62.5,5.6,9.4,3.5549405860787378,0.1571837583256428,1.8560621722021904,0.300316148710305,False,False
INTC,4,18,62.4,5.7,9.3,3.554339706909464,0.758416934915527,2.1563783209124954,0.0,True,True
INTC,5,29,57.9,10.2,4.8,2.9316742766892356,0.4881924076974775,1.7099333421933567,0.4464449787191387,False,False
INTU,1,27,58.4,0.0,15.0,-0.25024626116866955,-0.15564267490632533,-0.20294446803749744,0.06286121134995554,False,False
INTU,2,24,50.4,8.0,7.0,-0.1568092221527574,-0.12335729122232642,-0.1400832566875419,0.0,True,True
INTU,3,30,46.6,11.8,3.2,-0.3533552773873564,-0.17956723927142526,-0.2664612583293908,0.12637800164184892,False,False
INTU,4,20,43.6,14.8,0.2,-0.24363722829878032,-0.19364803822337795,-0.21864263326107913,0.07855937657353723,False,False
JNJ,1,26,36.8,0.0,15.0,0.22199281319474373,0.17563435123759508,0.1988135822161694,0.006684813778481291,True,False
JNJ,2,33,35.2,1.6,13.4,0.16600754947941976,0.12175100346398526,0.1438792764717025,0.061619119522948185,False,False
JNJ,3,17,32.1,4.7,10.3,0.20804192634537233,0.20295486564392906,0.2054983959946507,0.0,True,True
JNJ,4,21,29.9,6.9,8.1,0.1837932882351676,0.1644619796075033,0.17412763392133546,0.03137076207331524,True,False
JNJ,5,30,26.8,10.0,5.0,0.11035766424879245,0.09109033002829459,0.10072399713854352,0.10477439885610718,False,False
KMB,1,15,29.5,0.0,15.0,-0.21557828791702027,-0.09064208729757639,-0.15311018760729833,0.044733164741454334,True,True
KMB,2,25,29.2,0.3,14.7,-0.19042699346032166,-0.06768600323861884,-0.12905649834947025,0.020679475483626253,True,False
KMB,3,18,25.5,4.0,11.0,-0.26565445964697965,-0.08409520508434165,-0.17487483236566065,0.06649780949981665,False,False
KMB,4,33,24.8,4.7,10.3,-0.08543875966676828,-0.1313152860649197,-0.108377022865844,0.0,True,False
KMB,5,22,24.0,5.5,9.5,-0.1965826084290233,-0.07093461501060394,-0.13375861171981362,0.025381588853969628,True,False
LCII,1,33,55.7,0.0,15.0,0.3889723708243269,0.0739518619597932,0.23146211639206005,0.0,True,True
LLY,1,33,55.2,0.0,15.0,0.3279056166335841,0.256232739974394,0.29206917830398904,0.0,True,True
LLY,2,16,45.5,9.7,5.3,0.09317316298862521,0.01437795919027507,0.05377556108945014,0.2382936172145389,False,False
LMT,1,15,73.4,0.0,15.0,0.3596914978325243,0.1505886333368054,0.25514006558466484,0.07925549547197186,False,False
LMT,2,26,67.4,6.0,9.0,0.449554532221649,0.21923658989162442,0.3343955610566367,0.0,True,True
LMT,3,33,65.5,7.9,7.1,0.3803704035166129,0.22626595188527565,0.30331817770094427,0.031077383355692434,True,False
LMT,4,18,64.2,9.2,5.8,0.23927425897026255,0.128447235605039,0.18386074728765078,0.15053481376898592,False,False
LULU,1,17,50.4,0.0,15.0,-0.3556774280477417,-0.24846447139322847,-0.3020709497204851,0.015963734820712505,True,True
LULU,2,20,43.8,6.6,8.4,-0.372732638963171,-0.19948179083637418,-0.2861072148997726,0.0,True,False
LULU,3,28,37.0,13.4,1.6,-0.3910797040627191,-0.2782937875157344,-0.33468674578922675,0.04857953088945416,True,False
META,1,31,69.8,0.0,15.0,-0.2483956949303625,-0.11274372863894133,-0.18056971178465192,0.16547662017663134,False,False
META,2,20,61.4,8.4,6.6,0.018722790753698648,-0.04890897396973981,-0.015093091608020581,0.0,True,True
META,3,28,60.5,9.3,5.7,-0.12702381892555104,-0.05887561622146564,-0.09294971757350834,0.07785662596548776,False,False
MMS,1,28,58.7,0.0,15.0,-0.09391304632541309,-0.053272885158306416,-0.07359296574185975,0.0,True,True
MMS,2,31,54.7,4.0,11.0,-0.11296926330109036,-0.1660396203841772,-0.13950444184263378,0.06591147610077402,False,False
MMS,3,18,53.8,4.9,10.1,-0.3428210695896856,-0.23029158667941818,-0.2865563281345519,0.21296336239269215,False,False
MMS,4,25,53.7,5.0,10.0,-0.12618336325954005,-0.21192530292933132,-0.16905433309443568,0.09546136735257593,False,False
MMS,5,22,50.4,8.3,6.7,-0.319637335142096,-0.19745697498564685,-0.25854715506387144,0.1849541893220117,False,False
MSFT,1,32,53.7,0.0,15.0,0.19392665672706477,0.06980180969225636,0.13186423320966056,0.0,True,True
MSFT,2,29,48.1,5.6,9.4,0.09761557243642205,0.019127828918321876,0.05837170067737196,0.0734925325322886,False,False
MU,1,26,75.3,0.0,15.0,5.150155809299881,0.7669216086343453,2.9585387089671134,0.3813294802358511,False,False
MU,2,29,65.9,9.4,5.6,5.794796012919881,0.8849403654860477,3.3398681892029645,0.0,True,True
MU,3,33,62.3,13.0,2.0,5.285665679951905,0.45019802975741285,2.867931854854659,0.4719363343483054,False,False
NOK,1,30,75.1,0.0,15.0,0.5661089932534413,0.381804139558261,0.47395656640585115,0.2696637083036868,False,False
NOK,2,19,69.1,6.0,9.0,0.5698522261082211,0.10048836040174147,0.33517029325498127,0.4084499814545567,False,False
NOK,3,27,62.0,13.1,1.9,1.3401283384593823,0.14711221095969362,0.743620274709538,0.0,True,True
NU,1,28,60.6,0.0,15.0,-0.0834439638946346,-0.09342618378752965,-0.08843507384108212,0.04051904545290902,True,False
NU,2,16,60.4,0.2,14.8,-0.13047905322542142,-0.1986543175282438,-0.1645666853768326,0.1166506569886595,False,False
NU,3,25,57.9,2.7,12.3,-0.13466122837224015,-0.10790375732609858,-0.12128249284916937,0.07336646446099626,False,False
NU,4,20,54.7,5.9,9.1,0.029150516871689014,-0.12498257364803522,-0.047916028388173104,0.0,True,True
NU,5,31,49.6,11.0,4.0,-0.06770983462576918,-0.09247855647924386,-0.08009419555250652,0.032178167164333416,True,False
NVO,1,28,61.5,0.0,15.0,0.023372553813103325,0.004726690074881468,0.014049621943992396,0.1252928525832232,False,False
NVO,2,16,54.7,6.8,8.2,0.10960857680945968,0.11790896703902476,0.11375877192424222,0.02558370260297338,True,True
NVO,3,19,49.7,11.8,3.2,0.17922647999221542,0.03198356512195022,0.10560502255708282,0.03373745197013278,True,False
NVO,4,25,49.4,12.1,2.9,-0.12022534289754827,-0.02861429527477022,-0.07441981908615924,0.21376229361337484,False,False
NVO,5,31,46.7,14.8,0.2,0.19882564397042013,0.07985930508401107,0.1393424745272156,0.0,True,False
ODFL,1,15,49.8,0.0,15.0,0.049955860972120014,0.08096939654893864,0.06546262876052933,0.09538737700306787,False,False
ODFL,2,18,44.5,5.3,9.7,0.2527863478010186,0.0689136637261758,0.1608500057635972,0.0,True,True
ODFL,3,23,42.7,7.1,7.9,0.13814616844564487,-0.0845297241189108,0.026808222163367035,0.13404178360023017,False,False
PGR,1,33,44.0,0.0,15.0,-0.2118074174347282,-0.0929595377892074,-0.1523834776119678,0.020075925314070098,True,False
PGR,2,30,32.9,11.1,3.9,-0.18575855657212792,-0.126137552494337,-0.15594805453323246,0.02364050223533476,True,False
PGR,3,15,32.4,11.6,3.4,-0.16123097687896382,-0.10338412771683159,-0.1323075522978977,0.0,True,True
PGR,4,27,32.2,11.8,3.2,-0.16703717590884104,-0.13528180651999733,-0.15115949121441918,0.018851938916521482,True,False
PGR,5,18,30.1,13.9,1.1,-0.23048570071659624,-0.14076934964777565,-0.18562752518218595,0.05331997288428825,False,False
PLTR,1,31,65.4,0.0,15.0,-0.19423915412963377,-0.15702381983583102,-0.1756314869827324,0.19607527154266768,False,False
PLTR,2,17,59.0,6.4,8.6,0.05370561854839506,-0.012818049428524492,0.020443784559935285,0.0,True,True
PLTR,3,22,58.0,7.4,7.6,-0.19139654962816977,0.07443842768558806,-0.05847906097129085,0.07892284553122614,False,False
PLTR,4,25,52.8,12.6,2.4,-0.30566158763492,-0.14805834143438346,-0.22685996453465174,0.24730374909458702,False,False
PYPL,1,21,49.2,0.0,15.0,-0.08320228370122107,-0.04676932919711119,-0.06498580644916613,0.0,True,True
PYPL,2,18,36.4,12.8,2.2,-0.21871028107929846,-0.2285800929499553,-0.22364518701462688,0.15865938056546075,False,False
PYPL,3,24,36.0,13.2,1.8,-0.10992064688935943,-0.17716522830305648,-0.14354293759620795,0.07855713114704183,False,False
ROST,1,28,86.0,0.0,15.0,0.4746331680822595,0.2791251650375943,0.3768791665599269,0.011735998556862248,True,False
ROST,2,25,82.8,3.2,11.8,0.5172506975840694,0.25997963264950896,0.3886151651167892,0.0,True,False
ROST,3,22,78.8,7.2,7.8,0.5201435058896022,0.17286159920119837,0.3465025525454003,0.042112612571388874,True,True
ROST,4,31,71.4,14.6,0.4,0.4074888836278756,0.2982115649250314,0.3528502242764535,0.03576494084033566,True,False
RRX,1,21,57.3,0.0,15.0,0.04670743159686608,-0.008149372800783983,0.019279029398041048,0.0,True,False
RRX,2,32,54.0,3.3,11.7,-0.14042200622601997,-0.00592707471170939,-0.07317454046886468,0.09245356986690573,False,False
RRX,3,28,53.8,3.5,11.5,-0.06630938162556077,-0.13915582695426842,-0.1027326042899146,0.12201163368795565,False,False
RRX,4,18,49.3,8.0,7.0,0.011987622623746752,-0.034131006812329834,-0.011071692094291541,0.03035072149233259,True,True
RRX,5,15,49.1,8.2,6.8,-0.14889955050703574,-0.17394553926802192,-0.16142254488752883,0.18070157428556988,False,False
RTX,1,32,59.2,0.0,15.0,0.16221348951678793,0.060138707498995636,0.11117609850789179,0.07604237136172987,False,False
RTX,2,27,55.9,3.3,11.7,0.23283707424943878,0.14159986548980452,0.18721846986962165,0.0,True,True
RTX,3,24,53.1,6.1,8.9,0.1966867156969605,0.048687556210083915,0.12268713595352221,0.06453133391609944,False,False
SCHW,1,33,47.2,0.0,15.0,-0.14173734056666754,-0.07114058011669366,-0.1064389603416806,0.11700495355979773,False,False
SCHW,2,30,44.4,2.8,12.2,-0.1603876713632817,-0.11867273609210849,-0.1395302037276951,0.15009619694581222,False,False
SCHW,3,27,37.4,9.8,5.2,-0.11833630230378456,-0.08557646249831152,-0.10195638240104804,0.11252237561916517,False,False
SCHW,4,24,32.8,14.4,0.6,0.017818833187001726,0.0033131532492325366,0.010565993218117131,0.0,True,True
SFM,1,21,67.0,0.0,15.0,-0.1865952242786647,0.03128176494634305,-0.07765672966616083,0.025829278127038502,True,False
SFM,2,33,63.2,3.8,11.2,-0.14032496295575925,-0.009994758224711964,-0.0751598605902356,0.02333240905111328,True,False
SFM,3,18,58.2,8.8,6.2,-0.08475197438652671,-0.05925434731567214,-0.07200316085109942,0.020175709311977097,True,False
SFM,4,15,54.5,12.5,2.5,-0.07819277160456706,-0.025462131473677596,-0.05182745153912233,0.0,True,True
SMCI,1,24,64.9,0.0,15.0,0.32547230295175367,0.07511592108328813,0.2002941120175209,0.013202292677048533,True,False
SMCI,2,27,61.9,3.0,12.0,-0.10500333864798272,0.05374043577904075,-0.025631451434470987,0.23912785612904042,False,False
SMCI,3,21,60.2,4.7,10.3,0.20151937078087845,0.09287332446315721,0.14719634762201783,0.0663000570725516,False,False
SMCI,4,31,58.7,6.2,8.8,0.10268664229470681,0.08409455248801057,0.09339059739135869,0.12010580730321074,False,False
SMCI,5,16,56.6,8.3,6.7,0.25321216191818774,0.17378064747095112,0.21349640469456943,0.0,True,True
SSD,1,15,66.7,0.0,15.0,0.10649839355425961,0.1761389151183108,0.1413186543362852,0.0,True,True
SSD,2,18,60.0,6.7,8.3,0.05130342610114336,0.11156871977911798,0.08143607294013067,0.059882581396154544,False,False
SSD,3,22,54.2,12.5,2.5,-0.06936091726328553,0.0491391821728242,-0.010110867545230662,0.15142952188151587,False,False
TGT,1,15,66.6,0.0,15.0,0.17835675193295875,0.1382790505070126,0.15831790121998568,0.0,True,True
TMO,1,22,69.2,0.0,15.0,0.15003805564167338,0.20513889880045388,0.17758847722106363,0.10902562640743052,False,False
TMO,2,16,69.1,0.1,14.9,0.252261850028038,0.1995810254779744,0.22592143775300622,0.06069266587548794,False,False
TMO,3,19,67.1,2.1,12.9,0.3104863287826596,0.2627418784743287,0.28661410362849415,0.0,True,True
TMO,4,33,67.1,2.1,12.9,0.1769314290000945,0.0707748858476438,0.12385315742386915,0.162760946204625,False,False
TMO,5,25,64.3,4.9,10.1,0.15393987521269392,0.20837787256658924,0.18115887388964158,0.10545522973885257,False,False
TSCO,1,33,50.2,0.0,15.0,-0.23253070075389604,-0.0972387611496468,-0.16488473095177142,0.06014714370305091,False,False
TSCO,2,29,47.4,2.8,12.2,-0.2217921642967513,-0.09448534715289647,-0.1581387557248239,0.05340116847610338,False,False
TSCO,3,25,43.1,7.1,7.9,-0.1799089513879194,-0.029566223109521617,-0.10473758724872051,0.0,True,True
TSCO,4,16,39.3,10.9,4.1,-0.3746254155302261,-0.2143166025024832,-0.29447100901635465,0.18973342176763414,False,False
TSCO,5,22,35.2,15.0,0.0,-0.2480905238161304,-0.1267293969265202,-0.1874099603713253,0.08267237312260478,False,False
TSLA,1,32,60.5,0.0,15.0,0.05021995980068117,0.04441266871010696,0.047316314255394065,0.0,True,False
TSLA,2,27,48.9,11.6,3.4,0.12121997341327395,-0.06526505177929498,0.027977460816989486,0.01933885343840458,True,True
TSM,1,15,54.7,0.0,15.0,0.016535230972483994,0.060872724351955565,0.03870397766221978,0.19857432445739998,False,False
TSM,2,22,51.3,3.4,11.6,0.15509282918719514,0.3194637750520444,0.23727830211961976,0.0,True,True
TSM,3,18,49.4,5.3,9.7,-0.11510909156414129,-0.008252775526863099,-0.06168093354550219,0.29895923566512195,False,False
TSM,4,28,43.4,11.3,3.7,0.05274182028177643,0.1929136816493413,0.12282775096555887,0.11445055115406089,False,False
TSM,5,25,40.3,14.4,0.6,0.16207317171520774,0.29883641481911893,0.23045479326716334,0.006823508852456417,True,False
TTC,1,33,32.9,0.0,15.0,0.018751371449146514,-0.0803997772121624,-0.030824202881507945,0.041523591938350035,True,False
TTC,2,26,28.4,4.5,10.5,-0.01142114012363371,-0.13532974681224863,-0.07337544346794117,0.08407483252478326,False,False
TTC,3,23,26.5,6.4,8.6,-0.07236839265912687,-0.14490002768575627,-0.10863421017244157,0.11933359922928366,False,False
TTC,4,30,25.6,7.3,7.7,0.03868507281095557,-0.1426171748878856,-0.05196605103846502,0.06266544009530711,False,False
TTC,5,17,23.9,9.0,6.0,-0.007426020674749623,0.028824798788433803,0.01069938905684209,0.0,True,True
TXRH,1,15,45.8,0.0,15.0,-0.09847664883219831,-0.08580432053898879,-0.09214048468559355,0.17358536195147167,False,False
TXRH,2,18,43.7,2.1,12.9,-0.008687304710942478,0.11237097577657917,0.05184183553281835,0.029603041733059776,True,True
TXRH,3,25,41.3,4.5,10.5,-0.053022085776298966,0.022528760207908727,-0.01524666278419512,0.09669154005007324,False,False
TXRH,4,21,38.7,7.1,7.9,0.015688186780450364,0.14720156775130588,0.08144487726587812,0.0,True,False
TXRH,5,29,35.2,10.6,4.4,-0.027753037227075117,0.040272090877660816,0.006259526825292849,0.07518535044058527,False,False
UHS,1,30,77.8,0.0,15.0,0.3003677629233228,0.204392655801378,0.2523802093623504,0.027173714238071023,True,True
UHS,2,33,70.5,7.3,7.7,0.3171543599855895,0.24195348721525334,0.2795539236004214,0.0,True,False
UHS,3,27,66.6,11.2,3.8,-0.022817431771973817,-0.007432829020570075,-0.015125130396271946,0.29467905399669336,False,False
UNP,1,26,72.8,0.0,15.0,0.14547780051002124,0.05068313496258314,0.09808046773630219,0.06671434152628408,False,False
UNP,2,17,70.0,2.8,12.2,0.18300272573646437,0.14658689278870818,0.16479480926258627,0.0,True,True
UNP,3,29,66.4,6.4,8.6,0.06981166073145562,-0.01633235218166973,0.026739654274892943,0.13805515498769333,False,False
UNP,4,23,65.0,7.8,7.2,0.06999771671633259,0.0672987730625354,0.068648244889434,0.09614656437315228,False,False
UNP,5,20,60.3,12.5,2.5,0.0715299891327199,0.06906214309347325,0.07029606611309658,0.0944987431494897,False,False
UPS,1,32,75.2,0.0,15.0,0.2420496222920776,0.14438093904776816,0.19321528066992288,0.006913981541069925,True,False
UPS,2,29,65.4,9.8,5.2,0.25417903623349014,0.14607948818849548,0.2001292622109928,0.0,True,False
UPS,3,23,63.0,12.2,2.8,0.1963924074657286,0.12015722833019771,0.15827481789796316,0.04185444431302965,True,True
WDFC,1,28,47.9,0.0,15.0,-0.04044928155178895,0.046786936679749314,0.003168827563980181,0.021846642396672444,True,False
WDFC,2,15,43.5,4.4,10.6,0.025734769643350308,0.022860081592000814,0.02429742561767556,0.0007180443429770644,True,True
WDFC,3,25,42.6,5.3,9.7,-0.01283743308641594,-0.05766010349171713,-0.035248768289066534,0.06026423824971916,False,False
WDFC,4,19,40.3,7.6,7.4,-0.06044810824057778,-0.03290358039157337,-0.046675844316075576,0.0716913142767282,False,False
WDFC,5,31,39.5,8.4,6.6,-0.026262191319744055,0.0762931312410493,0.025015469960652625,0.0,True,False
WSO,1,32,52.6,0.0,15.0,-0.01816782547778406,-0.084808428368923,-0.05148812692335353,0.0,True,False
WSO,2,29,40.0,12.6,2.4,-0.03893001608029201,-0.07398801798802912,-0.056459017034160563,0.004970890110807036,True,True
ZTS,1,15,50.2,0.0,15.0,-0.2699420895977799,-0.20222635653664534,-0.2360842230672126,0.0,True,True
ZTS,2,18,46.8,3.4,11.6,-0.29159905745167336,-0.1930281398793785,-0.24231359866552593,0.006229375598313325,True,False
