ticker,user_short_MAs,candidate_MAs,final_MA,min_candidate_distance,final_distance,n_candidates
AAPL,24,30(68.2) 27(65.8),27,3,3,2
ACN,25 27 32,16(43.9) 29(31.6) 19(30.6) 33(29.2),33,1,1,4
ADBE,20,19(73.9) 22(73.2) 16(67.4) 27(64.6),22,1,2,4
AEP,33,24(69.3) 21(62.2) 33(57.2) 29(56.7),24,0,9,4
ALSN,19 32,28(50.2) 32(45.0) 23(44.8) 15(37.1) 20(36.1),15,0,4,5
AMD,32,33(72.5) 30(70.7) 27(59.1) 21(58.1),27,1,5,4
ASML,24,23(57.9) 26(54.2) 30(51.9) 20(49.7) 15(49.1),15,1,9,5
AVGO,29,32(58.8) 29(44.7),32,0,3,2
BAC,17 22,26(68.2) 15(61.5) 23(57.6) 29(56.4),15,1,2,4
BB,17,33(67.0) 30(54.0) 19(53.6),33,2,16,3
CME,21,33(39.7) 22(35.3) 18(34.1) 15(33.3) 30(33.1),15,1,6,5
CRWD,29 31,31(72.7) 28(67.8) 15(63.3) 21(59.2),28,0,1,4
CSX,18,33(56.0) 15(51.7) 26(49.8) 29(44.7) 19(43.7),19,1,1,5
CVX,25,24(62.3) 31(58.6) 27(52.1),27,1,2,3
DIS,18 25,32(46.0) 21(45.1) 18(43.5) 28(41.6) 25(35.2),18,0,0,5
DUK,25 27,32(63.3) 27(61.9),32,0,5,2
EOG,23,23(66.4) 31(63.7) 18(57.5) 26(57.4),23,0,0,4
ETN,28,30(49.2) 25(45.3) 15(44.3) 33(38.2),25,2,3,4
GE,18,20(63.5) 15(62.1) 28(56.6) 25(55.2),15,2,3,4
GOOGL,23,33(68.4) 18(60.1) 29(58.2) 22(55.0),33,1,10,4
GS,18,33(39.3) 22(34.1) 25(31.6) 30(29.4) 18(27.8),22,0,4,5
IBM,24,33(48.4) 30(42.7) 15(37.6) 19(33.7) 27(33.7),15,3,9,5
INTC,23,32(68.1) 15(63.2) 26(62.5) 18(62.4) 29(57.9),18,3,5,5
INTU,24,27(58.4) 24(50.4) 30(46.6) 20(43.6),24,0,0,4
JNJ,26 27,26(36.8) 33(35.2) 17(32.1) 21(29.9) 30(26.8),17,0,9,5
KMB,21,15(29.5) 25(29.2) 18(25.5) 33(24.8) 22(24.0),15,1,6,5
LCII,22 30,33(55.7),33,3,3,1
LLY,33,33(55.2) 16(45.5),33,0,0,2
LMT,16 18,15(73.4) 26(67.4) 33(65.5) 18(64.2),26,0,8,4
LULU,18,17(50.4) 20(43.8) 28(37.0),17,1,1,3
META,25,31(69.8) 20(61.4) 28(60.5),20,3,5,3
MMS,26 30,28(58.7) 31(54.7) 18(53.8) 25(53.7) 22(50.4),28,1,2,5
MSFT,25,32(53.7) 29(48.1),32,4,7,2
MU,27,26(75.3) 29(65.9) 33(62.3),29,1,2,3
NOK,17,30(75.1) 19(69.1) 27(62.0),27,2,10,3
NU,17,28(60.6) 16(60.4) 25(57.9) 20(54.7) 31(49.6),20,1,3,5
NVO,22 27,28(61.5) 16(54.7) 19(49.7) 25(49.4) 31(46.7),16,1,6,5
ODFL,17 21,15(49.8) 18(44.5) 23(42.7),18,1,1,3
PGR,23,33(44.0) 30(32.9) 15(32.4) 27(32.2) 18(30.1),15,4,8,5
PLTR,30,31(65.4) 17(59.0) 22(58.0) 25(52.8),17,1,13,4
PYPL,29,21(49.2) 18(36.4) 24(36.0),21,5,8,3
ROST,23,28(86.0) 25(82.8) 22(78.8) 31(71.4),22,1,1,4
RRX,21,21(57.3) 32(54.0) 28(53.8) 18(49.3) 15(49.1),18,0,3,5
RTX,22 33,32(59.2) 27(55.9) 24(53.1),27,1,5,3
SCHW,21,33(47.2) 30(44.4) 27(37.4) 24(32.8),24,3,3,4
SFM,24,21(67.0) 33(63.2) 18(58.2) 15(54.5),15,3,9,4
SMCI,24,24(64.9) 27(61.9) 21(60.2) 31(58.7) 16(56.6),16,0,8,5
SSD,18,15(66.7) 18(60.0) 22(54.2),15,0,3,3
TGT,20,15(66.6),15,5,5,1
TMO,25,22(69.2) 16(69.1) 19(67.1) 33(67.1) 25(64.3),19,0,6,5
TSCO,25,33(50.2) 29(47.4) 25(43.1) 16(39.3) 22(35.2),25,0,0,5
TSLA,20,32(60.5) 27(48.9),27,7,7,2
TSM,27,15(54.7) 22(51.3) 18(49.4) 28(43.4) 25(40.3),22,1,5,5
TTC,29,33(32.9) 26(28.4) 23(26.5) 30(25.6) 17(23.9),17,1,12,5
TXRH,19 25,15(45.8) 18(43.7) 25(41.3) 21(38.7) 29(35.2),18,0,1,5
UHS,27,30(77.8) 33(70.5) 27(66.6),30,0,3,3
UNP,27,26(72.8) 17(70.0) 29(66.4) 23(65.0) 20(60.3),17,1,10,5
UPS,17 23 26,32(75.2) 29(65.4) 23(63.0),23,0,0,3
WDFC,27,28(47.9) 15(43.5) 25(42.6) 19(40.3) 31(39.5),15,1,12,5
WSO,19,32(52.6) 29(40.0),29,10,10,2
ZTS,30,15(50.2) 18(46.8),15,12,15,2
