ticker,user_MAs,structural_best,candidates,A_CURRENT,B_STRUCTURAL_TIEBREAK,C_STRUCTURAL_FIRST
SMCI,24,24,"24(s64.95,r+52.2%,n38) 27(s61.88,r-6.0%,n43) 21(s60.16,r+42.8%,n43) 31(s58.75,r+5.0%,n38) 16(s56.61,r+10.1%,n60)",24 (d=0),24 (d=0),24 (d=0)
LMT,16 18,15,"15(s73.42,r+74.1%,n18) 26(s67.41,r+52.2%,n14) 33(s65.50,r+46.1%,n15) 18(s64.23,r+52.2%,n21)",15 (d=1),15 (d=1),15 (d=1)
DIS,18 25,32,"32(s45.97,r+0.5%,n15) 21(s45.11,r-18.3%,n26) 18(s43.47,r-14.7%,n26) 28(s41.58,r-20.5%,n25) 25(s35.25,r-11.7%,n23)",32 (d=7),32 (d=7),32 (d=7)
GS,18,33,"33(s39.27,r-13.5%,n31) 22(s34.10,r-19.7%,n38) 25(s31.56,r-8.2%,n29) 30(s29.41,r-15.3%,n30) 18(s27.80,r-31.8%,n43)",25 (d=7),25 (d=7),33 (d=15)
TSLA,20,32,"32(s60.49,r-0.0%,n28) 27(s48.90,r+12.1%,n29)",27 (d=7),27 (d=7),32 (d=12)
ACN,25 27 32,16,"16(s43.87,r+8.3%,n39) 29(s31.60,r+8.4%,n34) 19(s30.61,r-2.2%,n38) 33(s29.19,r+75.8%,n22)",33 (d=1),33 (d=1),16 (d=9)
ROST,23,28,"28(s85.99,r+34.5%,n10) 25(s82.83,r+42.7%,n10) 22(s78.81,r+46.9%,n11) 31(s71.36,r+19.3%,n13)",22 (d=1),25 (d=2),28 (d=5)
NVO,22 27,28,"28(s61.48,r+65.7%,n21) 16(s54.71,r+36.4%,n32) 19(s49.73,r+77.1%,n24) 25(s49.36,r+34.5%,n25) 31(s46.71,r+69.2%,n21)",19 (d=3),19 (d=3),28 (d=1)
ALSN,19 32,28,"28(s50.21,r-23.7%,n32) 32(s44.98,r-23.3%,n30) 23(s44.78,r-8.4%,n37) 15(s37.10,r-8.5%,n38) 20(s36.08,r+1.1%,n34)",20 (d=1),20 (d=1),28 (d=4)
BB,17,33,"33(s67.03,r+212.8%,n15) 30(s54.00,r+202.4%,n20) 19(s53.62,r+108.7%,n35)",33 (d=16),33 (d=16),33 (d=16)
NOK,17,30,"30(s75.09,r+98.2%,n23) 19(s69.08,r+131.2%,n23) 27(s62.02,r+82.7%,n27)",19 (d=2),19 (d=2),30 (d=13)
