ticker,user_MAs,candidates,structural_best,A_CURRENT_final,A_CURRENT_distance,B_STRUCTURAL_TIEBREAK_final,B_STRUCTURAL_TIEBREAK_distance,C_STRUCTURAL_FIRST_final,C_STRUCTURAL_FIRST_distance
AAPL,24,"30(s68.24,r+21.0%,n15) 27(s65.85,r+29.7%,n14)",30,27,3,27,3,27,3
ABT,,"15(s50.49,r+25.8%,n22) 33(s42.16,r+3.8%,n20) 30(s41.26,r+1.6%,n22)",15,15,,15,,15,
ACN,25 27 32,"16(s43.87,r+8.3%,n39) 29(s31.60,r+8.4%,n34) 19(s30.61,r-2.2%,n38) 33(s29.19,r+75.8%,n22)",16,33,1,33,1,16,9
ADBE,20,"19(s73.86,r+32.6%,n25) 22(s73.16,r+18.9%,n24) 16(s67.41,r+27.9%,n31) 27(s64.59,r+0.3%,n24)",19,16,4,19,1,19,1
AEP,33,"24(s69.32,r+23.3%,n14) 21(s62.19,r+23.4%,n15) 33(s57.16,r+9.8%,n14) 29(s56.66,r+19.7%,n11)",24,21,12,24,9,24,9
AJG,,"32(s61.98,r+24.3%,n19) 16(s52.67,r+5.3%,n30) 29(s52.29,r+22.8%,n23)",32,29,,32,,32,
ALSN,19 32,"28(s50.21,r-23.7%,n32) 32(s44.98,r-23.3%,n30) 23(s44.78,r-8.4%,n37) 15(s37.10,r-8.5%,n38) 20(s36.08,r+1.1%,n34)",28,20,1,20,1,28,4
AMAT,,"15(s57.92,r-2.5%,n42) 33(s56.87,r+66.5%,n23) 29(s52.33,r+32.7%,n29) 26(s51.23,r+38.5%,n34) 22(s50.99,r-13.2%,n39)",15,33,,33,,33,
AMD,32,"33(s72.46,r+183.9%,n25) 30(s70.72,r+181.6%,n29) 27(s59.06,r+102.0%,n39) 21(s58.13,r+73.3%,n48)",33,30,2,33,1,33,1
ASML,24,"23(s57.93,r-13.0%,n31) 26(s54.24,r-8.2%,n30) 30(s51.89,r-6.5%,n29) 20(s49.74,r-39.8%,n42) 15(s49.14,r-36.3%,n47)",23,26,2,26,2,23,1
AVGO,29,"32(s58.78,r-14.3%,n30) 29(s44.75,r-30.8%,n40)",32,32,3,32,3,32,3
BA,,"31(s52.77,r+9.3%,n21) 28(s46.53,r-4.2%,n27) 15(s40.82,r+12.1%,n32) 23(s38.31,r+1.4%,n29)",31,15,,31,,31,
BAC,17 22,"26(s68.21,r+21.4%,n18) 15(s61.45,r+31.8%,n22) 23(s57.56,r+24.2%,n18) 29(s56.44,r+3.5%,n20)",26,15,2,15,2,26,4
BB,17,"33(s67.03,r+212.8%,n15) 30(s54.00,r+202.4%,n20) 19(s53.62,r+108.7%,n35)",33,33,16,33,16,33,16
CAT,,"33(s49.25,r+49.1%,n16) 28(s48.67,r+26.7%,n25) 15(s41.57,r+22.3%,n29) 25(s41.50,r+19.5%,n27) 21(s36.14,r+5.1%,n33)",33,33,,33,,33,
CME,21,"33(s39.70,r+1.6%,n19) 22(s35.28,r+11.4%,n21) 18(s34.12,r+8.6%,n25) 15(s33.31,r-6.7%,n32) 30(s33.06,r-1.3%,n21)",33,18,3,22,1,33,12
COST,,"33(s32.03,r-24.9%,n23) 24(s30.68,r-22.4%,n25) 28(s29.44,r-24.1%,n25) 18(s24.06,r-29.8%,n30) 21(s23.67,r-19.8%,n25)",33,21,,24,,33,
CRWD,29 31,"31(s72.70,r+61.8%,n20) 28(s67.75,r+54.1%,n25) 15(s63.34,r+60.5%,n40) 21(s59.17,r+37.2%,n38)",31,15,14,31,0,31,0
CSX,18,"33(s55.95,r+5.4%,n15) 15(s51.69,r+25.9%,n21) 26(s49.79,r+8.2%,n18) 29(s44.66,r+13.0%,n16) 19(s43.66,r+21.7%,n20)",33,15,3,15,3,33,15
CVX,25,"24(s62.31,r+20.1%,n14) 31(s58.57,r+14.5%,n14) 27(s52.13,r+20.0%,n13)",24,24,1,24,1,24,1
DECK,,"26(s76.39,r+37.9%,n13) 17(s74.91,r+56.9%,n20) 29(s73.26,r+13.8%,n17) 20(s72.79,r+28.0%,n20) 23(s69.14,r+3.6%,n21)",26,17,,17,,17,
DIS,18 25,"32(s45.97,r+0.5%,n15) 21(s45.11,r-18.3%,n26) 18(s43.47,r-14.7%,n26) 28(s41.58,r-20.5%,n25) 25(s35.25,r-11.7%,n23)",32,32,7,32,7,32,7
DUK,25 27,"32(s63.29,r+14.1%,n10) 27(s61.92,r+12.0%,n12)",32,27,0,32,5,32,5
EOG,23,"23(s66.37,r+4.7%,n20) 31(s63.66,r-18.1%,n25) 18(s57.47,r-8.4%,n28) 26(s57.42,r-12.2%,n26)",23,23,0,23,0,23,0
ETN,28,"30(s49.21,r-47.3%,n41) 25(s45.32,r-57.4%,n48) 15(s44.33,r-62.3%,n59) 33(s38.24,r-63.9%,n46)",30,30,2,30,2,30,2
FTNT,,"17(s58.71,r-26.3%,n35) 32(s56.00,r-22.7%,n29) 29(s52.40,r-26.2%,n33) 20(s50.73,r-26.6%,n36) 25(s49.75,r-34.1%,n37)",17,17,,17,,17,
GE,18,"20(s63.54,r+20.6%,n20) 15(s62.10,r+28.7%,n24) 28(s56.60,r-11.3%,n24) 25(s55.15,r-1.8%,n22)",20,15,3,15,3,15,3
GOOGL,23,"33(s68.44,r+69.1%,n16) 18(s60.06,r+43.3%,n27) 29(s58.21,r+46.4%,n22) 22(s55.00,r+59.3%,n23)",33,33,10,33,10,33,10
GS,18,"33(s39.27,r-13.5%,n31) 22(s34.10,r-19.7%,n38) 25(s31.56,r-8.2%,n29) 30(s29.41,r-15.3%,n30) 18(s27.80,r-31.8%,n43)",33,25,7,25,7,33,15
HD,,"23(s44.95,r+5.0%,n26) 33(s42.50,r+7.8%,n22) 26(s39.89,r-0.4%,n26) 15(s38.44,r+12.4%,n26) 20(s36.28,r-6.0%,n28)",23,15,,33,,23,
IBM,24,"33(s48.35,r-44.2%,n29) 30(s42.70,r-54.7%,n34) 15(s37.63,r-44.6%,n40) 19(s33.71,r-58.1%,n44) 27(s33.69,r-56.2%,n38)",33,15,9,33,9,33,9
INTC,23,"32(s68.07,r+239.4%,n30) 15(s63.15,r+167.8%,n48) 26(s62.48,r+229.8%,n32) 18(s62.37,r+264.8%,n38) 29(s57.90,r+211.8%,n38)",32,18,5,18,5,32,9
INTU,24,"27(s58.37,r+12.9%,n32) 24(s50.37,r+17.8%,n32) 30(s46.62,r+28.1%,n26) 20(s43.57,r-1.6%,n36)",27,30,6,30,6,27,3
JNJ,26 27,"26(s36.77,r-16.9%,n27) 33(s35.16,r+22.5%,n13) 17(s32.10,r-12.6%,n29) 21(s29.87,r-16.8%,n28) 30(s26.76,r+5.7%,n19)",26,33,6,33,6,33,6
KMB,21,"15(s29.53,r-25.2%,n32) 25(s29.15,r-20.1%,n31) 18(s25.54,r-36.2%,n35) 33(s24.79,r-0.2%,n24) 22(s24.01,r-23.0%,n33)",15,33,12,33,12,25,4
KO,,"31(s47.96,r+2.4%,n14) 15(s39.72,r+0.7%,n20) 26(s38.79,r+0.4%,n17) 23(s36.07,r+2.0%,n18) 18(s34.16,r+2.4%,n18)",31,15,,31,,31,
LCII,22 30,"33(s55.68,r+115.0%,n12)",33,33,3,33,3,33,3
LLY,33,"33(s55.24,r-0.6%,n28) 16(s45.49,r-21.3%,n44)",33,33,0,33,0,33,0
LMT,16 18,"15(s73.42,r+74.1%,n18) 26(s67.41,r+52.2%,n14) 33(s65.50,r+46.1%,n15) 18(s64.23,r+52.2%,n21)",15,15,1,15,1,15,1
LULU,18,"17(s50.39,r-46.1%,n40) 20(s43.85,r-52.2%,n39) 28(s36.95,r-44.0%,n39)",17,17,1,17,1,17,1
META,25,"31(s69.78,r-36.4%,n28) 20(s61.39,r-5.0%,n27) 28(s60.49,r-42.2%,n31)",31,20,5,20,5,31,6
MLR,,"15(s26.13,r-55.9%,n48) 18(s23.31,r-55.8%,n46) 21(s14.83,r-64.1%,n54) 24(s13.59,r-66.7%,n58) 33(s13.44,r-53.0%,n41)",15,15,,15,,15,
MMS,26 30,"28(s58.74,r-2.2%,n24) 31(s54.68,r+22.7%,n27) 18(s53.77,r-38.0%,n36) 25(s53.72,r-6.9%,n27) 22(s50.45,r-46.1%,n39)",28,31,1,31,1,28,2
MP,,"32(s61.26,r-36.7%,n41) 28(s58.52,r-33.4%,n43) 15(s56.69,r+38.8%,n49) 18(s54.43,r+10.3%,n42) 21(s50.58,r-22.4%,n46)",32,15,,15,,32,
MSFT,25,"32(s53.72,r+33.1%,n11) 29(s48.13,r+15.7%,n18)",32,32,7,32,7,32,7
MU,27,"26(s75.34,r+237.8%,n26) 29(s65.86,r+373.3%,n24) 33(s62.35,r+255.1%,n28)",26,29,2,29,2,26,1
NFLX,,"15(s56.74,r+4.6%,n33) 32(s55.08,r+45.1%,n15) 28(s50.56,r+41.2%,n18) 18(s42.88,r+1.2%,n31)",15,28,,32,,32,
NKE,,"20(s55.22,r-28.0%,n34) 17(s47.38,r-42.8%,n43) 23(s47.08,r-27.5%,n32) 28(s46.70,r-35.4%,n35)",20,20,,20,,20,
NOK,17,"30(s75.09,r+98.2%,n23) 19(s69.08,r+131.2%,n23) 27(s62.02,r+82.7%,n27)",30,19,2,19,2,30,13
NU,17,"28(s60.60,r-22.0%,n28) 16(s60.36,r-17.9%,n33) 25(s57.86,r-24.8%,n30) 20(s54.74,r-9.9%,n33) 31(s49.65,r-29.3%,n29)",28,20,3,20,3,28,11
NVO,22 27,"28(s61.48,r+65.7%,n21) 16(s54.71,r+36.4%,n32) 19(s49.73,r+77.1%,n24) 25(s49.36,r+34.5%,n25) 31(s46.71,r+69.2%,n21)",28,19,3,19,3,28,1
ODFL,17 21,"15(s49.80,r+54.1%,n30) 18(s44.46,r+32.2%,n31) 23(s42.67,r+26.1%,n25)",15,15,2,15,2,15,2
PEP,,"22(s49.44,r+3.2%,n17) 25(s38.19,r-7.9%,n19) 17(s36.61,r-9.9%,n27)",22,22,,22,,22,
PGR,23,"33(s44.04,r-26.7%,n21) 30(s32.89,r-33.1%,n28) 15(s32.38,r-37.4%,n37) 27(s32.20,r-33.2%,n30) 18(s30.11,r-41.9%,n38)",33,33,10,33,10,33,10
PLTR,30,"31(s65.41,r-45.8%,n40) 17(s58.98,r-26.8%,n47) 22(s57.96,r-52.3%,n43) 25(s52.80,r-68.1%,n49)",31,17,13,17,13,31,1
PYPL,29,"21(s49.17,r+14.8%,n24) 18(s36.39,r-33.5%,n40) 24(s36.01,r-7.8%,n29)",21,21,8,21,8,21,8
QCOM,,"32(s84.80,r+118.4%,n13) 29(s79.36,r+120.1%,n15) 26(s75.11,r+125.9%,n17)",32,26,,26,,32,
ROST,23,"28(s85.99,r+34.5%,n10) 25(s82.83,r+42.7%,n10) 22(s78.81,r+46.9%,n11) 31(s71.36,r+19.3%,n13)",28,22,1,25,2,28,5
RRX,21,"21(s57.33,r+8.1%,n33) 32(s53.97,r-37.9%,n38) 28(s53.80,r-35.5%,n38) 18(s49.33,r-0.6%,n40) 15(s49.10,r-30.0%,n55)",21,21,0,21,0,21,0
RTX,22 33,"32(s59.23,r+10.9%,n17) 27(s55.90,r+23.7%,n14) 24(s53.09,r+17.0%,n19)",32,27,5,27,5,32,1
SAIC,,"31(s55.56,r+32.3%,n21) 17(s52.86,r+13.3%,n35) 23(s43.85,r-7.0%,n38)",31,31,,31,,31,
SBUX,,"33(s52.82,r-18.4%,n26) 30(s43.70,r-24.1%,n29) 19(s38.45,r-42.4%,n43)",33,33,,33,,33,
SCHW,21,"33(s47.21,r-2.3%,n22) 30(s44.45,r-2.4%,n22) 27(s37.38,r-4.5%,n24) 24(s32.80,r-7.8%,n26)",33,27,6,33,12,33,12
SFM,24,"21(s67.00,r+32.7%,n31) 33(s63.24,r+36.3%,n19) 18(s58.20,r+20.6%,n39) 15(s54.49,r+20.9%,n43)",21,21,3,21,3,21,3
SMCI,24,"24(s64.95,r+52.2%,n38) 27(s61.88,r-6.0%,n43) 21(s60.16,r+42.8%,n43) 31(s58.75,r+5.0%,n38) 16(s56.61,r+10.1%,n60)",24,24,0,24,0,24,0
SOFI,,"28(s63.91,r-45.9%,n41) 20(s62.77,r-22.3%,n43) 17(s61.20,r-24.0%,n44) 25(s60.30,r-42.3%,n43) 31(s58.42,r-46.4%,n38)",28,17,,20,,20,
SSD,18,"15(s66.72,r+30.6%,n24) 18(s60.04,r+14.8%,n24) 22(s54.17,r-5.6%,n28)",15,15,3,15,3,15,3
TGT,20,"15(s66.58,r-5.1%,n30)",15,15,5,15,5,15,5
TMO,25,"22(s69.21,r+40.7%,n16) 16(s69.05,r+43.5%,n23) 19(s67.05,r+43.8%,n19) 33(s67.05,r+44.2%,n13) 25(s64.30,r+28.8%,n18)",22,16,9,22,3,22,3
TSCO,25,"33(s50.16,r+5.7%,n26) 29(s47.40,r+6.6%,n27) 25(s43.05,r+4.4%,n30) 16(s39.33,r-26.0%,n45) 22(s35.25,r-5.1%,n35)",33,25,0,33,8,33,8
TSLA,20,"32(s60.49,r-0.0%,n28) 27(s48.90,r+12.1%,n29)",32,27,7,27,7,32,12
TSM,27,"15(s54.66,r-40.3%,n43) 22(s51.28,r-24.0%,n36) 18(s49.44,r-35.0%,n39) 28(s43.37,r-39.2%,n35) 25(s40.32,r-26.0%,n36)",15,22,5,22,5,15,12
TTC,29,"33(s32.88,r-15.8%,n23) 26(s28.42,r-11.6%,n29) 23(s26.50,r-23.5%,n37) 30(s25.60,r-11.2%,n24) 17(s23.87,r-28.2%,n41)",33,26,3,33,4,33,4
TXRH,19 25,"15(s45.82,r-3.2%,n36) 18(s43.67,r-2.3%,n30) 25(s41.34,r-8.1%,n29) 21(s38.70,r+5.7%,n25) 29(s35.24,r+4.8%,n23)",15,21,2,21,2,15,4
UHS,27,"30(s77.79,r+65.4%,n11) 33(s70.52,r+67.1%,n9) 27(s66.58,r+28.3%,n16)",30,30,3,30,3,30,3
ULTA,,"27(s67.06,r+23.0%,n23) 24(s56.82,r+12.9%,n28) 17(s56.06,r+3.7%,n33)",27,27,,27,,27,
UNH,,"33(s62.58,r+6.8%,n16)",33,33,,33,,33,
UNP,27,"26(s72.77,r+22.8%,n12) 17(s70.01,r+44.1%,n14) 29(s66.38,r+11.2%,n15) 23(s64.96,r+28.0%,n13) 20(s60.27,r+25.1%,n17)",26,17,10,17,10,17,10
UPS,17 23 26,"32(s75.16,r+61.3%,n11) 29(s65.43,r+63.4%,n11) 23(s63.02,r+47.8%,n15)",32,29,3,32,6,32,6
WDFC,27,"28(s47.94,r-6.0%,n27) 15(s43.51,r-9.0%,n36) 25(s42.65,r-13.0%,n30) 19(s40.35,r-11.0%,n36) 31(s39.51,r-14.6%,n30)",28,15,12,28,1,28,1
WMT,,"32(s56.82,r-21.2%,n22) 29(s54.81,r-20.2%,n22) 26(s49.31,r-22.4%,n24) 23(s43.24,r-32.1%,n27)",32,26,,32,,32,
WSO,19,"32(s52.65,r+16.9%,n21) 29(s39.96,r+21.6%,n25)",32,29,10,32,13,32,13
ZTS,30,"15(s50.15,r-10.2%,n38) 18(s46.84,r-17.2%,n34)",15,15,15,15,15,15,15
