ticker,range,legacy_final,prod_final,legacy_candidates,prod_candidates
AAPL,短期,27,27,30 27,30 27
AAPL,中期,45,45,38 42 45 34,38 42 45 34
AAPL,長期,80,107,93 107 110 90 80,93 107 110 90 80
ABT,短期,15,15,15 33 30,15 33 30
ABT,中期,36,36,36,36
ABT,長期,54,64,67 64 54,67 64 54
ACN,短期,33,33,16 29 19 33,16 29 19 33
ACN,中期,34,34,45 34 37 42,45 34 37 42
ACN,長期,104,104,97 110 107 104 94,97 110 107 104 94
ADBE,短期,22,19,19 22 16 27,19 22 16 27
ADBE,中期,39,39,45 42 39,45 42 39
ADBE,長期,90,90,96 93 102 110 90,96 93 102 110 90
AEP,短期,24,24,24 21 33 29,24 21 33 29
AEP,中期,36,42,42 45 39 36,42 45 39 36
AEP,長期,47,47,47 76 50,47 76 50
AJG,短期,29,32,32 16 29,32 16 29
AJG,中期,34,34,34,34
AJG,長期,83,92,110 105 92 83 102,110 105 92 83 102
ALSN,短期,15,20,28 32 23 15 20,28 32 23 15 20
ALSN,中期,43,43,43 40 34,43 40 34
ALSN,長期,95,80,92 95 80 83 86,92 95 80 83 86
AMAT,短期,33,33,15 33 29 26 22,15 33 29 26 22
AMAT,中期,36,45,36 45,36 45
AMAT,長期,75,75,87 84 78 81 75,87 84 78 81 75
AMD,短期,27,33,33 30 27 21,33 30 27 21
AMD,中期,39,39,42 39 34,42 39 34
AMD,長期,110,98,104 98 95 107 110,104 98 95 107 110
ASML,短期,15,26,23 26 30 20 15,23 26 30 20 15
ASML,中期,39,42,45 42 39,45 42 39
ASML,長期,61,47,53 56 64 47 61,53 56 64 47 61
AVGO,短期,32,32,32 29,32 29
AVGO,中期,38,45,38 45 42 35,38 45 42 35
AVGO,長期,86,86,66 50 86 53 90,66 50 86 53 90
BA,短期,15,31,31 28 15 23,31 28 15 23
BA,中期,44,44,35 44 41 38,35 44 41 38
BA,長期,63,63,110 63 76 72 69,110 63 76 72 69
BAC,短期,15,15,26 15 23 29,26 15 23 29
BAC,中期,45,42,45 42,45 42
BAC,長期,54,54,81 84 87 54 74,81 84 87 54 74
BB,短期,33,33,33 30 19,33 30 19
BB,中期,37,37,37 41 34 44,37 41 34 44
BB,長期,48,48,67 71 48 110 107,67 71 48 110 107
CAT,短期,15,33,33 28 15 25 21,33 28 15 25 21
CAT,中期,38,41,38 41 35 45,38 41 35 45
CAT,長期,64,64,95 87 90 69 64,95 87 90 69 64
CME,短期,15,22,33 22 18 15 30,33 22 18 15 30
CME,中期,36,36,36 39,36 39
CME,長期,84,106,87 90 84 93 106,87 90 84 93 106
COST,短期,18,24,33 24 28 18 21,33 24 28 18 21
COST,中期,36,36,36 39 43,36 39 43
COST,長期,78,84,84 106 110 81 78,84 106 110 81 78
CRWD,短期,28,31,31 28 15 21,31 28 15 21
CRWD,中期,34,34,34,34
CRWD,長期,70,70,70 75 78 83 67,70 75 78 83 67
CSX,短期,19,15,33 15 26 29 19,33 15 26 29 19
CSX,中期,45,45,45 34 38 42,45 34 38 42
CSX,長期,47,109,109 106 59 103 47,109 106 59 103 47
CVX,短期,27,24,24 31 27,24 31 27
CVX,中期,34,34,34 44 39,34 44 39
CVX,長期,69,69,89 86 83 69 92,89 86 83 69 92
DECK,短期,26,17,26 17 29 20 23,26 17 29 20 23
DECK,中期,34,34,45 34 42,45 34 42
DECK,長期,56,56,56 59 53,56 59 53
DIS,短期,18,32,32 21 18 28 25,32 21 18 28 25
DIS,中期,38,45,38 41 45,38 41 45
DIS,長期,51,56,56 51,56 51
DUK,短期,32,32,32 27,32 27
DUK,中期,34,34,40 34 37,40 34 37
DUK,長期,48,48,85 89 82 48 52,85 89 82 48 52
EOG,短期,23,23,23 31 18 26,23 31 18 26
EOG,中期,43,34,34 43 37 40,34 43 37 40
EOG,長期,73,76,73 47 58 76 51,73 47 58 76 51
ETN,短期,25,30,30 25 15 33,30 25 15 33
ETN,中期,34,34,34 38 41 44,34 38 41 44
ETN,長期,110,110,110 107 79,110 107 79
FTNT,短期,17,17,17 32 29 20 25,17 32 29 20 25
FTNT,中期,37,40,40 44 34 37,40 44 34 37
FTNT,長期,74,79,67 79 74 82,67 79 74 82
GE,短期,15,15,20 15 28 25,20 15 28 25
GE,中期,40,44,44 40,44 40
GE,長期,104,104,101 104 107 98 95,101 104 107 98 95
GOOGL,短期,33,33,33 18 29 22,33 18 29 22
GOOGL,中期,36,36,40 36,40 36
GOOGL,長期,78,78,110 81 107 78 69,110 81 107 78 69
GS,短期,22,25,33 22 25 30 18,33 22 25 30 18
GS,中期,38,38,41 38 44,41 38 44
GS,長期,109,109,80 109 91 88 83,80 109 91 88 83
HD,短期,15,33,23 33 26 15 20,23 33 26 15 20
HD,中期,41,45,41 45 38,41 45 38
HD,長期,89,71,71 92 74 89 95,71 92 74 89 95
IBM,短期,15,33,33 30 15 19 27,33 30 15 19 27
IBM,中期,34,45,37 45 34 40,37 45 34 40
IBM,長期,82,82,85 109 82,85 109 82
INTC,短期,18,18,32 15 26 18 29,32 15 26 18 29
INTC,中期,34,42,42 34 39 45,42 34 39 45
INTC,長期,92,95,95 92 73,95 92 73
INTU,短期,24,30,27 24 30 20,27 24 30 20
INTU,中期,40,45,37 45 34 40,37 45 34 40
INTU,長期,94,94,94 97 75 108,94 97 75 108
JNJ,短期,17,33,26 33 17 21 30,26 33 17 21 30
JNJ,中期,42,42,45 42,45 42
JNJ,長期,46,68,62 68 54 46 65,62 68 54 46 65
KMB,短期,15,33,15 25 18 33 22,15 25 18 33 22
KMB,中期,44,44,44,44
KMB,長期,51,109,109 54 51,109 54 51
KO,短期,18,31,31 15 26 23 18,31 15 26 23 18
KO,中期,45,37,37 34 45 42,37 34 45 42
KO,長期,90,90,93 90 101 87 84,93 90 101 87 84
LCII,短期,33,33,33,33
LCII,中期,36,36,44 41 36,44 41 36
LCII,長期,53,53,53 46 50 56,53 46 50 56
LLY,短期,33,33,33 16,33 16
LLY,中期,43,43,34 40 37 43,34 40 37 43
LLY,長期,110,110,110,110
LMT,短期,26,15,15 26 33 18,15 26 33 18
LMT,中期,35,35,35 38 42,35 38 42
LMT,長期,72,72,72 105 101 96 75,72 105 101 96 75
LULU,短期,17,17,17 20 28,17 20 28
LULU,中期,39,39,39 44 36,39 44 36
LULU,長期,103,99,99 103 96 91 106,99 103 96 91 106
META,短期,20,20,31 20 28,31 20 28
META,中期,44,44,34 44 37 41,34 44 37 41
META,長期,110,110,110 107 104 101,110 107 104 101
MLR,短期,15,15,15 18 21 24 33,15 18 21 24 33
MLR,中期,38,38,35 38 45 42,35 38 45 42
MLR,長期,110,110,110 102 105 99 67,110 102 105 99 67
MMS,短期,28,31,28 31 18 25 22,28 31 18 25 22
MMS,中期,34,40,40 37 34 43,40 37 34 43
MMS,長期,96,101,104 101 110 96 107,104 101 110 96 107
MP,短期,15,15,32 28 15 18 21,32 28 15 18 21
MP,中期,40,37,34 37 43 40,34 37 43 40
MP,長期,46,54,57 108 54 96 46,57 108 54 96 46
MSFT,短期,32,32,32 29,32 29
MSFT,中期,39,39,42 45 39,42 45 39
MSFT,長期,58,61,61 52 58 64 55,61 52 58 64 55
MU,短期,29,29,26 29 33,26 29 33
MU,中期,38,34,34 38 45,34 38 45
MU,長期,107,107,110 53 107 50 67,110 53 107 50 67
NFLX,短期,15,32,15 32 28 18,15 32 28 18
NFLX,中期,36,39,39 45 36 42,39 45 36 42
NFLX,長期,78,109,81 109 78,81 109 78
NKE,短期,20,20,20 17 23 28,20 17 23 28
NKE,中期,45,45,45 41 34 38,45 41 34 38
NKE,長期,102,108,108 102 105 92,108 102 105 92
NOK,短期,27,19,30 19 27,30 19 27
NOK,中期,44,44,41 44 34,41 44 34
NOK,長期,92,106,109 92 88 106,109 92 88 106
NU,短期,20,20,28 16 25 20 31,28 16 25 20 31
NU,中期,45,45,45 35,45 35
NU,長期,76,76,80 76 83 53 87,80 76 83 53 87
NVO,短期,16,19,28 16 19 25 31,28 16 19 25 31
NVO,中期,39,42,42 45 39,42 45 39
NVO,長期,96,99,85 90 96 82 99,85 90 96 82 99
ODFL,短期,18,15,15 18 23,15 18 23
ODFL,中期,36,44,39 44 36,39 44 36
ODFL,長期,84,72,95 92 72 84 81,95 92 72 84 81
PEP,短期,22,22,22 25 17,22 25 17
PEP,中期,42,45,45 42,45 42
PEP,長期,108,108,102 99 105 108 96,102 99 105 108 96
PGR,短期,15,33,33 30 15 27 18,33 30 15 27 18
PGR,中期,40,40,40 34 37 43,40 34 37 43
PGR,長期,86,86,86 83 92 95 99,86 83 92 95 99
PLTR,短期,17,17,31 17 22 25,31 17 22 25
PLTR,中期,43,34,34 43 37 40,34 43 37 40
PLTR,長期,100,100,97 86 100 94 89,97 86 100 94 89
PYPL,短期,21,21,21 18 24,21 18 24
PYPL,中期,42,42,42 45 37 34,42 45 37 34
PYPL,長期,58,58,66 74 58 71 77,66 74 58 71 77
QCOM,短期,29,26,32 29 26,32 29 26
QCOM,中期,38,34,34 38,34 38
QCOM,長期,103,63,106 110 103 63 96,106 110 103 63 96
ROST,短期,22,25,28 25 22 31,28 25 22 31
ROST,中期,45,45,39 45 36 42,39 45 36 42
ROST,長期,52,49,52 49 55 110,52 49 55 110
RRX,短期,18,21,21 32 28 18 15,21 32 28 18 15
RRX,中期,34,34,34 37 44,34 37 44
RRX,長期,100,110,110 103 100 107,110 103 100 107
RTX,短期,27,27,32 27 24,32 27 24
RTX,中期,34,45,45 34 42,45 34 42
RTX,長期,104,97,100 97 80 77 104,100 97 80 77 104
SAIC,短期,31,31,31 17 23,31 17 23
SAIC,中期,34,34,42 45 34,42 45 34
SAIC,長期,57,108,108 105 67 73 57,108 105 67 73 57
SBUX,短期,30,33,33 30 19,33 30 19
SBUX,中期,39,39,35 39 42 45,35 39 42 45
SBUX,長期,76,76,110 76 106 102 81,110 76 106 102 81
SCHW,短期,24,33,33 30 27 24,33 30 27 24
SCHW,中期,37,37,37 41 45,37 41 45
SCHW,長期,98,98,103 98 110 106 46,103 98 110 106 46
SFM,短期,15,21,21 33 18 15,21 33 18 15
SFM,中期,40,40,34 37 40,34 37 40
SFM,長期,97,100,108 105 100 97,108 105 100 97
SMCI,短期,16,24,24 27 21 31 16,24 27 21 31 16
SMCI,中期,45,34,34 38 42 45,34 38 42 45
SMCI,長期,105,105,95 105 110 92 99,95 105 110 92 99
SOFI,短期,31,20,28 20 17 25 31,28 20 17 25 31
SOFI,中期,36,36,45 42 36 39,45 42 36 39
SOFI,長期,82,82,77 82 74 85 71,77 82 74 85 71
SSD,短期,15,15,15 18 22,15 18 22
SSD,中期,37,40,43 40 37,43 40 37
SSD,長期,95,92,92 95 98 101 89,92 95 98 101 89
TGT,短期,15,15,15,15
TGT,中期,45,45,45 35 41 38,45 35 41 38
TGT,長期,89,92,92 77 95 62 89,92 77 95 62 89
TMO,短期,19,22,22 16 19 33 25,22 16 19 33 25
TMO,中期,37,34,34 37,34 37
TMO,長期,105,110,110 102 105 99 96,110 102 105 99 96
TSCO,短期,25,33,33 29 25 16 22,33 29 25 16 22
TSCO,中期,34,34,34 37,34 37
TSCO,長期,78,78,81 78 86 93 97,81 78 86 93 97
TSLA,短期,27,27,32 27,32 27
TSLA,中期,34,34,34 44 38 41,34 44 38 41
TSLA,長期,107,101,88 104 107 110 101,88 104 107 110 101
TSM,短期,22,22,15 22 18 28 25,15 22 18 28 25
TSM,中期,35,38,38 41 35 44,38 41 35 44
TSM,長期,110,110,110 107 104 101 85,110 107 104 101 85
TTC,短期,17,33,33 26 23 30 17,33 26 23 30 17
TTC,中期,41,41,44 41 35,44 41 35
TTC,長期,74,74,86 74 83 89,86 74 83 89
TXRH,短期,18,21,15 18 25 21 29,15 18 25 21 29
TXRH,中期,44,44,44 41,44 41
TXRH,長期,99,99,107 110 104 99,107 110 104 99
UHS,短期,30,30,30 33 27,30 33 27
UHS,中期,35,35,35 38,35 38
UHS,長期,92,92,110 107 92 66 80,110 107 92 66 80
ULTA,短期,17,27,27 24 17,27 24 17
ULTA,中期,41,45,45 41,45 41
ULTA,長期,110,110,110 107 85 104 101,110 107 85 104 101
UNH,短期,33,33,33,33
UNH,中期,44,41,44 41,44 41
UNH,長期,70,53,53 74 50 70 57,53 74 50 70 57
UNP,短期,17,17,26 17 29 23 20,26 17 29 23 20
UNP,中期,34,34,34 38 41,34 38 41
UNP,長期,100,100,100 110 103 97 94,100 110 103 97 94
UPS,短期,23,32,32 29 23,32 29 23
UPS,中期,34,40,40 45 34 37,40 45 34 37
UPS,長期,49,49,93 49 90 96 99,93 49 90 96 99
WDFC,短期,15,28,28 15 25 19 31,28 15 25 19 31
WDFC,中期,41,41,38 41 34 44,38 41 34 44
WDFC,長期,102,102,102 90 87 99 109,102 90 87 99 109
WMT,短期,23,32,32 29 26 23,32 29 26 23
WMT,中期,44,44,44 41 34,44 41 34
WMT,長期,110,110,89 92 110 107 85,89 92 110 107 85
WSO,短期,29,32,32 29,32 29
WSO,中期,34,34,45 42 34,45 42 34
WSO,長期,55,55,63 55 60 52 49,63 55 60 52 49
ZTS,短期,15,15,15 18,15 18
ZTS,中期,38,43,38 43,38 43
ZTS,長期,75,97,97 101 83 75 89,97 101 83 75 89
