ticker,range,classification,classification_frozen_old,set_drift,order_diff,final_drift,score_drift,backtest_drift,snapshot_final,current_final,snapshot_candidates,current_candidates
AAPL,短期,EXACT_MATCH,EXACT_MATCH,False,False,False,False,False,27,27,30(68) 27(66),30(68.2) 27(65.8)
AAPL,中期,EXACT_MATCH,EXACT_MATCH,False,False,False,False,False,45,45,38(56) 42(50) 45(46) 34(41),38(55.5) 42(50.4) 45(45.7) 34(40.9)
AAPL,長期,EXACT_MATCH,EXACT_MATCH,False,False,False,False,False,80,80,93(90) 107(89) 110(88) 90(86) 80(81),93(89.5) 107(89.3) 110(88.1) 90(85.7) 80(80.9)
ABT,短期,EXACT_MATCH,EXACT_MATCH,False,False,False,False,False,15,15,15(50) 33(42) 30(41),15(50.5) 33(42.2) 30(41.3)
ABT,中期,EXACT_MATCH,EXACT_MATCH,False,False,False,False,False,36,36,36(49),36(49.3)
ABT,長期,BACKTEST_DRIFT,BACKTEST_DRIFT,False,False,False,True,True,54,54,67(88) 64(82) 54(74),67(87.5) 64(79.7) 54(74.5)
ACN,短期,FINAL_SELECTION_DRIFT,FINAL_SELECTION_DRIFT,True,False,True,True,True,16,33,16(46) 19(32),16(43.9) 29(31.6) 19(30.6) 33(29.2)
ACN,中期,BACKTEST_DRIFT,BACKTEST_DRIFT,False,False,False,True,True,34,34,45(33) 34(28) 37(25) 42(22),45(34.0) 34(27.7) 37(25.0) 42(22.2)
ACN,長期,EXACT_MATCH,EXACT_MATCH,False,False,False,False,False,104,104,97(97) 110(96) 107(95) 104(95) 94(95),97(97.1) 110(96.3) 107(95.1) 104(95.1) 94(95.0)
ADBE,短期,EXACT_MATCH,EXACT_MATCH,False,False,False,False,False,22,22,19(74) 22(73) 16(67) 27(65),19(73.9) 22(73.2) 16(67.4) 27(64.6)
ADBE,中期,EXACT_MATCH,EXACT_MATCH,False,False,False,False,False,39,39,45(50) 42(44) 39(37),45(50.3) 42(44.4) 39(37.3)
ADBE,長期,EXACT_MATCH,EXACT_MATCH,False,False,False,False,False,90,90,96(95) 93(94) 102(90) 110(88) 90(86),96(95.0) 93(94.3) 102(89.6) 110(88.3) 90(86.1)
AEP,短期,EXACT_MATCH,EXACT_MATCH,False,False,False,False,False,24,24,24(69) 21(62) 33(57) 29(57),24(69.3) 21(62.2) 33(57.2) 29(56.7)
AEP,中期,EXACT_MATCH,EXACT_MATCH,False,False,False,False,False,36,36,42(80) 45(79) 39(77) 36(73),42(80.3) 45(78.8) 39(77.1) 36(72.8)
AEP,長期,EXACT_MATCH,EXACT_MATCH,False,False,False,False,False,47,47,47(84) 76(83) 50(75),47(84.2) 76(83.0) 50(75.0)
AJG,短期,EXACT_MATCH,EXACT_MATCH,False,False,False,False,False,29,29,32(62) 16(53) 29(52),32(62.0) 16(52.7) 29(52.3)
AJG,中期,EXACT_MATCH,EXACT_MATCH,False,False,False,False,False,34,34,34(60),34(60.4)
AJG,長期,EXACT_MATCH,EXACT_MATCH,False,False,False,False,False,83,83,110(95) 105(95) 92(90) 83(89) 102(86),110(95.2) 105(95.0) 92(89.7) 83(89.0) 102(85.9)
ALSN,短期,BACKTEST_DRIFT,BACKTEST_DRIFT,False,True,False,True,True,15,15,28(51) 23(48) 32(48) 15(40) 20(39),28(50.2) 32(45.0) 23(44.8) 15(37.1) 20(36.1)
ALSN,中期,FINAL_SELECTION_DRIFT,FINAL_SELECTION_DRIFT,True,False,True,True,False,44,43,44(54) 41(49) 34(44) 38(39),43(51.4) 40(45.7) 34(41.2)
ALSN,長期,FINAL_SELECTION_DRIFT,FINAL_SELECTION_DRIFT,False,False,True,True,True,86,95,92(68) 95(66) 80(63) 83(56) 86(55),92(67.1) 95(66.0) 80(63.5) 83(55.9) 86(54.2)
AMAT,短期,EXACT_MATCH,EXACT_MATCH,False,False,False,False,False,33,33,15(58) 33(57) 29(52) 26(51) 22(51),15(57.9) 33(56.9) 29(52.3) 26(51.2) 22(51.0)
AMAT,中期,CANDIDATE_SET_DRIFT,CANDIDATE_SET_DRIFT,True,False,False,False,False,36,36,36(63),36(63.1) 45(48.1)
AMAT,長期,EXACT_MATCH,EXACT_MATCH,False,False,False,False,False,75,75,87(91) 84(90) 78(89) 81(86) 75(85),87(91.5) 84(89.6) 78(89.1) 81(86.4) 75(85.4)
AMD,短期,EXACT_MATCH,EXACT_MATCH,False,False,False,False,False,27,27,33(72) 30(71) 27(59) 21(58),33(72.5) 30(70.7) 27(59.1) 21(58.1)
AMD,中期,EXACT_MATCH,EXACT_MATCH,False,False,False,False,False,39,39,42(83) 39(78) 34(71),42(82.6) 39(77.8) 34(70.7)
AMD,長期,EXACT_MATCH,EXACT_MATCH,False,False,False,False,False,110,110,104(96) 98(91) 95(89) 107(89) 110(88),104(95.7) 98(91.0) 95(89.4) 107(89.2) 110(87.5)
ASML,短期,BACKTEST_DRIFT,BACKTEST_DRIFT,False,False,False,False,True,15,15,23(58) 26(54) 30(52) 20(50) 15(49),23(57.9) 26(54.2) 30(51.9) 20(49.7) 15(49.1)
ASML,中期,BACKTEST_DRIFT,BACKTEST_DRIFT,False,False,False,False,True,39,39,45(60) 42(47) 39(46),45(60.0) 42(47.2) 39(46.5)
ASML,長期,CANDIDATE_SET_DRIFT,CANDIDATE_SET_DRIFT,True,False,False,True,True,61,61,61(65) 53(65) 64(64) 56(64) 46(62),53(65.0) 56(64.7) 64(63.4) 47(61.9) 61(60.2)
AVGO,短期,EXACT_MATCH,EXACT_MATCH,False,False,False,False,False,32,32,32(59) 29(45),32(58.8) 29(44.7)
AVGO,中期,EXACT_MATCH,EXACT_MATCH,False,False,False,False,False,38,38,38(67) 45(66) 42(59) 35(53),38(67.1) 45(66.3) 42(59.4) 35(52.7)
AVGO,長期,EXACT_MATCH,EXACT_MATCH,False,False,False,False,False,86,86,66(73) 50(70) 86(69) 53(66) 90(66),66(73.4) 50(70.0) 86(69.1) 53(66.4) 90(66.3)
BA,短期,EXACT_MATCH,EXACT_MATCH,False,False,False,False,False,15,15,31(53) 28(47) 15(41) 23(38),31(52.8) 28(46.5) 15(40.8) 23(38.3)
BA,中期,EXACT_MATCH,EXACT_MATCH,False,False,False,False,False,44,44,35(56) 44(51) 41(48) 38(48),35(55.6) 44(51.4) 41(48.0) 38(47.7)
BA,長期,EXACT_MATCH,EXACT_MATCH,False,False,False,False,False,63,63,110(82) 63(82) 76(80) 72(80) 69(77),110(82.5) 63(81.5) 76(80.1) 72(80.1) 69(77.1)
BAC,短期,EXACT_MATCH,EXACT_MATCH,False,False,False,False,False,15,15,26(68) 15(62) 23(58) 29(56),26(68.2) 15(61.5) 23(57.6) 29(56.4)
BAC,中期,EXACT_MATCH,EXACT_MATCH,False,False,False,False,False,45,45,45(64) 42(57),45(63.9) 42(56.6)
BAC,長期,EXACT_MATCH,EXACT_MATCH,False,False,False,False,False,54,54,81(98) 84(97) 87(95) 54(94) 74(93),81(97.8) 84(96.9) 87(95.4) 54(94.4) 74(93.3)
BB,短期,EXACT_MATCH,EXACT_MATCH,False,False,False,False,False,33,33,33(67) 30(54) 19(54),33(67.0) 30(54.0) 19(53.6)
BB,中期,EXACT_MATCH,EXACT_MATCH,False,False,False,False,False,37,37,37(79) 41(72) 34(71) 44(67),37(79.3) 41(71.9) 34(70.8) 44(66.8)
BB,長期,SCORE_DRIFT,SCORE_DRIFT,False,False,False,True,False,48,48,67(72) 71(70) 48(69) 110(66) 107(66),67(72.5) 71(69.5) 48(69.2) 110(66.6) 107(65.7)
CAT,短期,BACKTEST_DRIFT,BACKTEST_DRIFT,False,False,False,True,True,15,15,33(49) 28(48) 15(42) 25(40) 21(36),33(49.2) 28(48.7) 15(41.6) 25(41.5) 21(36.1)
CAT,中期,EXACT_MATCH,EXACT_MATCH,False,False,False,False,False,38,38,38(67) 41(59) 35(56) 45(55),38(66.5) 41(59.0) 35(56.4) 45(55.4)
CAT,長期,EXACT_MATCH,EXACT_MATCH,False,False,False,False,False,64,64,95(97) 87(96) 90(96) 69(95) 64(95),95(97.1) 87(95.8) 90(95.8) 69(95.3) 64(95.0)
CME,短期,BACKTEST_DRIFT,BACKTEST_DRIFT,False,False,False,False,True,15,15,33(40) 22(35) 18(34) 15(33) 30(33),33(39.7) 22(35.3) 18(34.1) 15(33.3) 30(33.1)
CME,中期,BACKTEST_DRIFT,BACKTEST_DRIFT,False,False,False,False,True,36,36,36(40) 39(27),36(39.9) 39(27.0)
CME,長期,BACKTEST_DRIFT,BACKTEST_DRIFT,False,False,False,False,True,84,84,87(68) 90(67) 84(60) 93(60) 106(56),87(67.5) 90(67.1) 84(60.2) 93(59.8) 106(55.9)
COST,短期,SCORE_DRIFT,SCORE_DRIFT,False,False,False,True,False,18,18,33(32) 24(31) 28(30) 18(24) 21(24),33(32.0) 24(30.7) 28(29.4) 18(24.1) 21(23.7)
COST,中期,EXACT_MATCH,EXACT_MATCH,False,False,False,False,False,36,36,36(48) 39(42) 43(34),36(47.6) 39(41.9) 43(34.2)
COST,長期,EXACT_MATCH,EXACT_MATCH,False,False,False,False,False,78,78,84(73) 106(72) 110(72) 81(70) 78(63),84(72.6) 106(72.5) 110(71.7) 81(70.3) 78(63.2)
CRWD,短期,EXACT_MATCH,EXACT_MATCH,False,False,False,False,False,28,28,31(73) 28(68) 15(63) 21(59),31(72.7) 28(67.8) 15(63.3) 21(59.2)
CRWD,中期,EXACT_MATCH,EXACT_MATCH,False,False,False,False,False,34,34,34(64),34(63.5)
CRWD,長期,EXACT_MATCH,EXACT_MATCH,False,False,False,False,False,70,70,70(96) 75(95) 78(94) 83(90) 67(85),70(96.5) 75(95.1) 78(93.7) 83(89.6) 67(85.1)
CSX,短期,SCORE_DRIFT,SCORE_DRIFT,False,True,False,True,False,19,19,33(58) 26(52) 15(52) 29(47) 19(44),33(56.0) 15(51.7) 26(49.8) 29(44.7) 19(43.7)
CSX,中期,SCORE_DRIFT,SCORE_DRIFT,False,False,False,True,False,45,45,45(62) 34(57) 38(54) 42(49),45(62.4) 34(55.9) 38(53.7) 42(49.1)
CSX,長期,EXACT_MATCH,EXACT_MATCH,False,False,False,False,False,47,47,109(82) 106(79) 59(78) 103(78) 47(77),109(82.1) 106(79.2) 59(78.5) 103(77.9) 47(76.6)
CVX,短期,SCORE_DRIFT,SCORE_DRIFT,False,False,False,True,False,27,27,24(62) 31(58) 27(52),24(62.3) 31(58.6) 27(52.1)
CVX,中期,EXACT_MATCH,EXACT_MATCH,False,False,False,False,False,34,34,34(43) 44(40) 39(36),34(43.1) 44(39.6) 39(35.8)
CVX,長期,EXACT_MATCH,EXACT_MATCH,False,False,False,False,False,69,69,89(66) 86(65) 83(54) 69(53) 92(52),89(66.2) 86(65.2) 83(54.1) 69(53.4) 92(52.0)
DECK,短期,FINAL_SELECTION_DRIFT,FINAL_SELECTION_DRIFT,True,False,True,True,False,24,26,27(79) 17(76) 20(73) 24(71) 30(68),26(76.4) 17(74.9) 29(73.3) 20(72.8) 23(69.1)
DECK,中期,SCORE_DRIFT,SCORE_DRIFT,False,False,False,True,False,34,34,45(66) 34(58) 42(55),45(66.1) 34(59.8) 42(54.8)
DECK,長期,EXACT_MATCH,EXACT_MATCH,False,False,False,False,False,56,56,56(94) 59(87) 53(79),56(93.9) 59(87.1) 53(79.3)
DIS,短期,EXACT_MATCH,EXACT_MATCH,False,False,False,False,False,18,18,32(46) 21(45) 18(44) 28(42) 25(35),32(46.0) 21(45.1) 18(43.5) 28(41.6) 25(35.2)
DIS,中期,EXACT_MATCH,EXACT_MATCH,False,False,False,False,False,38,38,38(62) 41(51) 45(49),38(62.2) 41(51.2) 45(48.7)
DIS,長期,EXACT_MATCH,EXACT_MATCH,False,False,False,False,False,51,51,56(84) 51(79),56(83.9) 51(79.3)
DUK,短期,CANDIDATE_SET_DRIFT,CANDIDATE_SET_DRIFT,True,False,False,True,False,32,32,32(63) 27(61) 22(50),32(63.3) 27(61.9)
DUK,中期,EXACT_MATCH,EXACT_MATCH,False,False,False,False,False,34,34,40(66) 34(56) 37(56),40(66.2) 34(56.3) 37(56.0)
DUK,長期,EXACT_MATCH,EXACT_MATCH,False,False,False,False,False,48,48,85(68) 89(66) 82(57) 48(54) 52(54),85(67.5) 89(65.8) 82(57.2) 48(54.0) 52(53.9)
EOG,短期,SCORE_DRIFT,SCORE_DRIFT,False,False,False,True,False,23,23,23(66) 31(62) 18(58) 26(57),23(66.4) 31(63.7) 18(57.5) 26(57.4)
EOG,中期,FINAL_SELECTION_DRIFT,FINAL_SELECTION_DRIFT,True,False,True,True,False,34,43,34(55) 45(47) 41(43) 37(42),34(56.4) 43(47.5) 37(43.2) 40(41.5)
EOG,長期,BACKTEST_DRIFT,BACKTEST_DRIFT,False,False,False,True,True,73,73,73(55) 47(48) 58(46) 76(44) 51(43),73(53.7) 47(47.4) 58(46.3) 76(43.1) 51(42.7)
ETN,短期,EXACT_MATCH,EXACT_MATCH,False,False,False,False,False,25,25,30(49) 25(45) 15(44) 33(38),30(49.2) 25(45.3) 15(44.3) 33(38.2)
ETN,中期,EXACT_MATCH,EXACT_MATCH,False,False,False,False,False,34,34,34(34) 38(30) 41(30) 44(28),34(34.4) 38(30.0) 41(29.8) 44(27.8)
ETN,長期,EXACT_MATCH,EXACT_MATCH,False,False,False,False,False,110,110,110(72) 107(64) 79(58),110(72.1) 107(64.4) 79(57.8)
FTNT,短期,EXACT_MATCH,EXACT_MATCH,False,False,False,False,False,17,17,17(59) 32(56) 29(52) 20(51) 25(50),17(58.7) 32(56.0) 29(52.4) 20(50.7) 25(49.7)
FTNT,中期,EXACT_MATCH,EXACT_MATCH,False,False,False,False,False,37,37,40(55) 44(54) 34(49) 37(49),40(55.2) 44(53.9) 34(49.0) 37(48.7)
FTNT,長期,EXACT_MATCH,EXACT_MATCH,False,False,False,False,False,74,74,67(89) 79(86) 74(78) 82(77),67(88.8) 79(85.6) 74(77.9) 82(77.2)
GE,短期,EXACT_MATCH,EXACT_MATCH,False,False,False,False,False,15,15,20(64) 15(62) 28(57) 25(55),20(63.5) 15(62.1) 28(56.6) 25(55.2)
GE,中期,EXACT_MATCH,EXACT_MATCH,False,False,False,False,False,40,40,44(59) 40(47),44(59.3) 40(47.0)
GE,長期,EXACT_MATCH,EXACT_MATCH,False,False,False,False,False,104,104,101(91) 104(91) 107(86) 98(86) 95(82),101(90.9) 104(90.7) 107(86.5) 98(86.3) 95(81.9)
GOOGL,短期,EXACT_MATCH,EXACT_MATCH,False,False,False,False,False,33,33,33(68) 18(60) 29(58) 22(55),33(68.4) 18(60.1) 29(58.2) 22(55.0)
GOOGL,中期,EXACT_MATCH,EXACT_MATCH,False,False,False,False,False,36,36,40(81) 36(80),40(80.6) 36(80.5)
GOOGL,長期,ORDER_ONLY,ORDER_ONLY,False,True,False,False,False,78,78,110(95) 107(91) 81(91) 78(89) 69(84),110(94.7) 81(90.9) 107(90.9) 78(89.3) 69(83.9)
GS,短期,EXACT_MATCH,EXACT_MATCH,False,False,False,False,False,22,22,33(39) 22(34) 25(32) 30(29) 18(28),33(39.3) 22(34.1) 25(31.6) 30(29.4) 18(27.8)
GS,中期,EXACT_MATCH,EXACT_MATCH,False,False,False,False,False,38,38,41(58) 38(51) 44(49),41(58.0) 38(51.4) 44(49.3)
GS,長期,EXACT_MATCH,EXACT_MATCH,False,False,False,False,False,109,109,80(98) 109(97) 91(96) 88(96) 83(94),80(98.2) 109(97.3) 91(96.1) 88(95.5) 83(94.1)
HD,短期,BACKTEST_DRIFT,BACKTEST_DRIFT,False,True,False,True,True,15,15,23(45) 33(42) 15(42) 20(40) 26(40),23(44.9) 33(42.5) 26(39.9) 15(38.4) 20(36.3)
HD,中期,EXACT_MATCH,EXACT_MATCH,False,False,False,False,False,41,41,41(72) 45(69) 38(60),41(71.6) 45(68.7) 38(59.6)
HD,長期,FINAL_SELECTION_DRIFT,FINAL_SELECTION_DRIFT,False,False,True,False,True,71,89,71(97) 92(95) 74(91) 89(90) 95(88),71(96.8) 92(94.7) 74(91.1) 89(90.2) 95(87.7)
IBM,短期,BACKTEST_DRIFT,BACKTEST_DRIFT,False,True,False,True,True,15,15,33(48) 30(44) 15(38) 27(35) 19(34),33(48.4) 30(42.7) 15(37.6) 19(33.7) 27(33.7)
IBM,中期,BACKTEST_DRIFT,BACKTEST_DRIFT,False,False,False,True,True,34,34,37(59) 45(53) 34(49) 40(48),37(58.7) 45(54.9) 34(49.6) 40(45.9)
IBM,長期,EXACT_MATCH,EXACT_MATCH,False,False,False,False,False,82,82,85(96) 109(89) 82(82),85(95.8) 109(89.1) 82(82.5)
INTC,短期,EXACT_MATCH,EXACT_MATCH,False,False,False,False,False,18,18,32(68) 15(63) 26(62) 18(62) 29(58),32(68.1) 15(63.2) 26(62.5) 18(62.4) 29(57.9)
INTC,中期,FINAL_SELECTION_DRIFT,FINAL_SELECTION_DRIFT,True,False,True,False,False,42,34,42(69) 36(63) 39(63) 45(63),42(69.3) 34(63.3) 39(63.1) 45(63.1)
INTC,長期,EXACT_MATCH,EXACT_MATCH,False,False,False,False,False,92,92,95(87) 92(79) 73(76),95(87.0) 92(78.6) 73(75.6)
INTU,短期,EXACT_MATCH,EXACT_MATCH,False,False,False,False,False,24,24,27(58) 24(50) 30(47) 20(44),27(58.4) 24(50.4) 30(46.6) 20(43.6)
INTU,中期,SCORE_DRIFT,SCORE_DRIFT,False,False,False,True,False,40,40,37(49) 45(43) 34(40) 40(40),37(48.7) 45(41.8) 34(40.3) 40(39.3)
INTU,長期,SCORE_DRIFT,SCORE_DRIFT,False,False,False,True,False,94,94,94(69) 97(64) 75(56) 108(55),94(69.3) 97(64.4) 75(55.0) 108(54.7)
JNJ,短期,EXACT_MATCH,EXACT_MATCH,False,False,False,False,False,17,17,26(37) 33(35) 17(32) 21(30) 30(27),26(36.8) 33(35.2) 17(32.1) 21(29.9) 30(26.8)
JNJ,中期,EXACT_MATCH,EXACT_MATCH,False,False,False,False,False,42,42,45(74) 42(62),45(73.7) 42(61.6)
JNJ,長期,EXACT_MATCH,EXACT_MATCH,False,False,False,False,False,46,46,62(78) 68(75) 54(74) 46(72) 65(72),62(77.9) 68(75.4) 54(73.5) 46(72.5) 65(71.7)
KMB,短期,EXACT_MATCH,EXACT_MATCH,False,False,False,False,False,15,15,15(30) 25(29) 18(26) 33(25) 22(24),15(29.5) 25(29.2) 18(25.5) 33(24.8) 22(24.0)
KMB,中期,EXACT_MATCH,EXACT_MATCH,False,False,False,False,False,44,44,44(54),44(54.2)
KMB,長期,EXACT_MATCH,EXACT_MATCH,False,False,False,False,False,51,51,109(86) 54(84) 51(77),109(86.2) 54(83.5) 51(76.9)
KO,短期,EXACT_MATCH,EXACT_MATCH,False,False,False,False,False,18,18,31(48) 15(40) 26(39) 23(36) 18(34),31(48.0) 15(39.7) 26(38.8) 23(36.1) 18(34.2)
KO,中期,EXACT_MATCH,EXACT_MATCH,False,False,False,False,False,45,45,37(34) 34(33) 45(31) 42(28),37(34.0) 34(32.7) 45(31.0) 42(27.5)
KO,長期,EXACT_MATCH,EXACT_MATCH,False,False,False,False,False,90,90,93(92) 90(91) 101(91) 87(91) 84(90),93(92.3) 90(90.9) 101(90.9) 87(90.8) 84(89.9)
LCII,短期,EXACT_MATCH,EXACT_MATCH,False,False,False,False,False,33,33,33(56),33(55.7)
LCII,中期,EXACT_MATCH,EXACT_MATCH,False,False,False,False,False,36,36,44(61) 41(61) 36(56),44(61.1) 41(60.5) 36(56.0)
LCII,長期,EXACT_MATCH,EXACT_MATCH,False,False,False,False,False,53,53,53(64) 46(52) 50(52) 56(49),53(63.9) 46(52.2) 50(52.0) 56(49.3)
LLY,短期,EXACT_MATCH,EXACT_MATCH,False,False,False,False,False,33,33,33(55) 16(46),33(55.2) 16(45.5)
LLY,中期,EXACT_MATCH,EXACT_MATCH,False,False,False,False,False,43,43,34(48) 40(48) 37(42) 43(38),34(48.5) 40(48.4) 37(42.0) 43(38.3)
LLY,長期,EXACT_MATCH,EXACT_MATCH,False,False,False,False,False,110,110,110(76),110(75.5)
LMT,短期,SCORE_DRIFT,SCORE_DRIFT,False,False,False,True,False,26,26,15(74) 26(67) 33(66) 18(63),15(73.4) 26(67.4) 33(65.5) 18(64.2)
LMT,中期,EXACT_MATCH,EXACT_MATCH,False,False,False,False,False,35,35,35(65) 38(58) 42(55),35(64.9) 38(58.2) 42(54.9)
LMT,長期,ORDER_ONLY,ORDER_ONLY,False,True,False,False,False,72,72,72(90) 105(88) 101(87) 75(84) 96(84),72(90.4) 105(87.8) 101(87.4) 96(84.3) 75(84.3)
LULU,短期,EXACT_MATCH,EXACT_MATCH,False,False,False,False,False,17,17,17(50) 20(44) 28(37),17(50.4) 20(43.8) 28(37.0)
LULU,中期,EXACT_MATCH,EXACT_MATCH,False,False,False,False,False,39,39,39(58) 44(58) 36(48),39(58.0) 44(57.5) 36(47.8)
LULU,長期,EXACT_MATCH,EXACT_MATCH,False,False,False,False,False,103,103,99(94) 103(86) 96(84) 91(82) 106(82),99(94.3) 103(85.7) 96(84.5) 91(81.9) 106(81.8)
META,短期,EXACT_MATCH,EXACT_MATCH,False,False,False,False,False,20,20,31(70) 20(61) 28(60),31(69.8) 20(61.4) 28(60.5)
META,中期,EXACT_MATCH,EXACT_MATCH,False,False,False,False,False,44,44,34(62) 44(59) 37(54) 41(49),34(62.2) 44(59.0) 37(54.2) 41(49.3)
META,長期,EXACT_MATCH,EXACT_MATCH,False,False,False,False,False,110,110,110(98) 107(95) 104(94) 101(86),110(98.1) 107(94.9) 104(94.1) 101(85.6)
MLR,短期,EXACT_MATCH,EXACT_MATCH,False,False,False,False,False,15,15,15(26) 18(23) 21(15) 24(14) 33(13),15(26.1) 18(23.3) 21(14.8) 24(13.6) 33(13.4)
MLR,中期,BACKTEST_DRIFT,BACKTEST_DRIFT,False,False,False,True,True,38,38,35(16) 38(14) 45(12) 42(8),35(14.7) 38(13.3) 45(12.3) 42(8.0)
MLR,長期,EXACT_MATCH,EXACT_MATCH,False,False,False,False,False,110,110,110(96) 102(93) 105(90) 99(87) 67(86),110(96.2) 102(92.6) 105(89.6) 99(86.9) 67(85.7)
MMS,短期,BACKTEST_DRIFT,BACKTEST_DRIFT,False,True,False,True,True,28,28,28(60) 31(56) 25(54) 18(53) 22(49),28(58.7) 31(54.7) 18(53.8) 25(53.7) 22(50.4)
MMS,中期,SCORE_DRIFT,SCORE_DRIFT,False,False,False,True,False,34,34,40(46) 37(41) 34(38) 43(34),40(44.7) 37(39.5) 34(37.6) 43(33.3)
MMS,長期,EXACT_MATCH,EXACT_MATCH,False,False,False,False,False,96,96,104(96) 101(95) 110(93) 96(93) 107(91),104(96.3) 101(94.9) 110(93.4) 96(92.7) 107(91.2)
MP,短期,EXACT_MATCH,EXACT_MATCH,False,False,False,False,False,15,15,32(61) 28(58) 15(57) 18(54) 21(51),32(61.3) 28(58.5) 15(56.7) 18(54.4) 21(50.6)
MP,中期,EXACT_MATCH,EXACT_MATCH,False,False,False,False,False,40,40,34(54) 37(53) 43(52) 40(51),34(54.3) 37(52.9) 43(52.5) 40(50.7)
MP,長期,SCORE_DRIFT,SCORE_DRIFT,False,False,False,True,False,46,46,57(50) 108(44) 54(43) 96(42) 46(42),57(49.5) 108(44.6) 54(43.2) 96(41.7) 46(41.6)
MSFT,短期,EXACT_MATCH,EXACT_MATCH,False,False,False,False,False,32,32,32(54) 29(48),32(53.7) 29(48.1)
MSFT,中期,EXACT_MATCH,EXACT_MATCH,False,False,False,False,False,39,39,42(69) 45(63) 39(60),42(69.2) 45(63.1) 39(59.8)
MSFT,長期,EXACT_MATCH,EXACT_MATCH,False,False,False,False,False,58,58,61(88) 52(78) 58(77) 64(76) 55(74),61(87.8) 52(78.3) 58(77.1) 64(75.9) 55(73.7)
MU,短期,EXACT_MATCH,EXACT_MATCH,False,False,False,False,False,29,29,26(75) 29(66) 33(62),26(75.3) 29(65.9) 33(62.3)
MU,中期,EXACT_MATCH,EXACT_MATCH,False,False,False,False,False,38,38,34(60) 38(54) 45(50),34(60.5) 38(53.5) 45(50.0)
MU,長期,EXACT_MATCH,EXACT_MATCH,False,False,False,False,False,107,107,110(64) 53(64) 107(57) 50(51) 67(50),110(64.4) 53(63.9) 107(56.7) 50(51.2) 67(50.5)
NFLX,短期,EXACT_MATCH,EXACT_MATCH,False,False,False,False,False,15,15,15(57) 32(55) 28(51) 18(43),15(56.7) 32(55.1) 28(50.6) 18(42.9)
NFLX,中期,EXACT_MATCH,EXACT_MATCH,False,False,False,False,False,36,36,39(67) 45(64) 36(63) 42(58),39(67.3) 45(64.2) 36(63.2) 42(58.2)
NFLX,長期,EXACT_MATCH,EXACT_MATCH,False,False,False,False,False,78,78,81(87) 109(79) 78(74),81(87.0) 109(79.0) 78(74.2)
NKE,短期,EXACT_MATCH,EXACT_MATCH,False,False,False,False,False,20,20,20(55) 17(47) 23(47) 28(47),20(55.2) 17(47.4) 23(47.1) 28(46.7)
NKE,中期,EXACT_MATCH,EXACT_MATCH,False,False,False,False,False,45,45,45(30) 41(29) 34(22) 38(20),45(29.6) 41(28.8) 34(21.8) 38(19.5)
NKE,長期,EXACT_MATCH,EXACT_MATCH,False,False,False,False,False,102,102,108(87) 102(83) 105(79) 92(73),108(86.7) 102(82.8) 105(78.8) 92(73.1)
NOK,短期,EXACT_MATCH,EXACT_MATCH,False,False,False,False,False,27,27,30(75) 19(69) 27(62),30(75.1) 19(69.1) 27(62.0)
NOK,中期,EXACT_MATCH,EXACT_MATCH,False,False,False,False,False,44,44,41(64) 44(59) 34(49),41(63.6) 44(58.6) 34(49.0)
NOK,長期,SCORE_DRIFT,SCORE_DRIFT,False,False,False,True,False,92,92,109(75) 92(72) 88(70) 106(64),109(74.8) 92(72.4) 88(70.6) 106(64.1)
NU,短期,EXACT_MATCH,EXACT_MATCH,False,False,False,False,False,20,20,28(61) 16(60) 25(58) 20(55) 31(50),28(60.6) 16(60.4) 25(57.9) 20(54.7) 31(49.6)
NU,中期,EXACT_MATCH,EXACT_MATCH,False,False,False,False,False,45,45,45(49) 35(40),45(48.6) 35(40.2)
NU,長期,BACKTEST_DRIFT,BACKTEST_DRIFT,False,False,False,True,True,76,76,80(91) 76(88) 83(86) 53(82) 87(78),80(91.3) 76(88.0) 83(86.6) 53(82.0) 87(77.9)
NVO,短期,EXACT_MATCH,EXACT_MATCH,False,False,False,False,False,16,16,28(62) 16(55) 19(50) 25(49) 31(47),28(61.5) 16(54.7) 19(49.7) 25(49.4) 31(46.7)
NVO,中期,EXACT_MATCH,EXACT_MATCH,False,False,False,False,False,39,39,42(60) 45(52) 39(46),42(60.0) 45(51.7) 39(45.7)
NVO,長期,EXACT_MATCH,EXACT_MATCH,False,False,False,False,False,96,96,85(85) 90(82) 96(82) 82(81) 99(77),85(85.1) 90(82.2) 96(81.6) 82(81.5) 99(77.0)
ODFL,短期,EXACT_MATCH,EXACT_MATCH,False,False,False,False,False,18,18,15(50) 18(44) 23(43),15(49.8) 18(44.5) 23(42.7)
ODFL,中期,EXACT_MATCH,EXACT_MATCH,False,False,False,False,False,36,36,39(54) 44(52) 36(46),39(54.0) 44(52.5) 36(45.7)
ODFL,長期,EXACT_MATCH,EXACT_MATCH,False,False,False,False,False,84,84,95(82) 92(72) 72(71) 84(70) 81(67),95(81.6) 92(71.9) 72(70.7) 84(69.7) 81(66.7)
PEP,短期,EXACT_MATCH,EXACT_MATCH,False,False,False,False,False,22,22,22(49) 25(38) 17(37),22(49.4) 25(38.2) 17(36.6)
PEP,中期,EXACT_MATCH,EXACT_MATCH,False,False,False,False,False,42,42,45(58) 42(47),45(57.5) 42(46.6)
PEP,長期,EXACT_MATCH,EXACT_MATCH,False,False,False,False,False,108,108,102(86) 99(84) 105(84) 108(81) 96(79),102(86.2) 99(84.2) 105(83.8) 108(80.8) 96(79.3)
PGR,短期,EXACT_MATCH,EXACT_MATCH,False,False,False,False,False,15,15,33(44) 30(33) 15(32) 27(32) 18(30),33(44.0) 30(32.9) 15(32.4) 27(32.2) 18(30.1)
PGR,中期,EXACT_MATCH,EXACT_MATCH,False,False,False,False,False,40,40,40(47) 34(44) 37(39) 43(37),40(47.1) 34(44.4) 37(38.7) 43(37.0)
PGR,長期,FINAL_SELECTION_DRIFT,FINAL_SELECTION_DRIFT,True,False,True,False,True,95,86,86(75) 83(73) 92(73) 95(73) 98(72),86(74.9) 83(72.9) 92(72.8) 95(72.6) 99(71.4)
PLTR,短期,EXACT_MATCH,EXACT_MATCH,False,False,False,False,False,17,17,31(65) 17(59) 22(58) 25(53),31(65.4) 17(59.0) 22(58.0) 25(52.8)
PLTR,中期,EXACT_MATCH,EXACT_MATCH,False,False,False,False,False,43,43,34(50) 43(42) 37(41) 40(38),34(49.9) 43(41.5) 37(40.8) 40(38.4)
PLTR,長期,EXACT_MATCH,EXACT_MATCH,False,False,False,False,False,100,100,97(86) 86(83) 100(83) 94(78) 89(78),97(86.4) 86(83.3) 100(82.6) 94(77.9) 89(77.7)
PYPL,短期,EXACT_MATCH,EXACT_MATCH,False,False,False,False,False,21,21,21(49) 18(36) 24(36),21(49.2) 18(36.4) 24(36.0)
PYPL,中期,EXACT_MATCH,EXACT_MATCH,False,False,False,False,False,42,42,42(37) 45(35) 37(34) 34(27),42(37.0) 45(35.1) 37(34.5) 34(26.9)
PYPL,長期,EXACT_MATCH,EXACT_MATCH,False,False,False,False,False,58,58,66(79) 74(78) 58(73) 71(70) 77(66),66(79.0) 74(78.3) 58(72.7) 71(69.6) 77(66.5)
QCOM,短期,EXACT_MATCH,EXACT_MATCH,False,False,False,False,False,29,29,32(85) 29(79) 26(75),32(84.8) 29(79.4) 26(75.1)
QCOM,中期,EXACT_MATCH,EXACT_MATCH,False,False,False,False,False,38,38,34(74) 38(68),34(73.9) 38(67.7)
QCOM,長期,EXACT_MATCH,EXACT_MATCH,False,False,False,False,False,103,103,106(97) 110(93) 103(92) 63(89) 96(89),106(96.7) 110(93.3) 103(92.0) 63(89.2) 96(89.1)
ROST,短期,FINAL_SELECTION_DRIFT,FINAL_SELECTION_DRIFT,True,False,True,False,False,21,22,27(86) 24(83) 30(79) 21(74),28(86.0) 25(82.8) 22(78.8) 31(71.4)
ROST,中期,EXACT_MATCH,EXACT_MATCH,False,False,False,False,False,45,45,39(79) 45(77) 36(75) 42(74),39(78.5) 45(77.0) 36(74.6) 42(73.9)
ROST,長期,EXACT_MATCH,EXACT_MATCH,False,False,False,False,False,52,52,52(97) 49(96) 55(93) 110(83),52(97.3) 49(95.9) 55(92.6) 110(82.9)
RRX,短期,BACKTEST_DRIFT,BACKTEST_DRIFT,False,True,False,True,True,18,18,21(56) 28(54) 32(53) 18(49) 15(48),21(57.3) 32(54.0) 28(53.8) 18(49.3) 15(49.1)
RRX,中期,EXACT_MATCH,EXACT_MATCH,False,False,False,False,False,34,34,34(39) 37(26) 44(26),34(39.3) 37(26.1) 44(25.5)
RRX,長期,EXACT_MATCH,EXACT_MATCH,False,False,False,False,False,100,100,110(43) 103(34) 100(33) 107(29),110(42.8) 103(34.5) 100(32.7) 107(29.0)
RTX,短期,EXACT_MATCH,EXACT_MATCH,False,False,False,False,False,27,27,32(59) 27(56) 24(53),32(59.2) 27(55.9) 24(53.1)
RTX,中期,FINAL_SELECTION_DRIFT,FINAL_SELECTION_DRIFT,True,False,True,False,False,42,34,45(75) 42(60),45(74.6) 34(60.6) 42(60.4)
RTX,長期,EXACT_MATCH,EXACT_MATCH,False,False,False,False,False,104,104,100(98) 97(96) 80(93) 77(93) 104(93),100(98.0) 97(96.4) 80(93.3) 77(93.1) 104(92.6)
SAIC,短期,EXACT_MATCH,EXACT_MATCH,False,False,False,False,False,31,31,31(56) 17(53) 23(44),31(55.6) 17(52.9) 23(43.8)
SAIC,中期,EXACT_MATCH,EXACT_MATCH,False,False,False,False,False,34,34,42(69) 45(64) 34(54),42(68.6) 45(63.7) 34(54.5)
SAIC,長期,BACKTEST_DRIFT,BACKTEST_DRIFT,False,False,False,False,True,57,57,108(91) 105(88) 67(86) 73(86) 57(82),108(91.1) 105(87.5) 67(86.2) 73(85.6) 57(82.4)
SBUX,短期,EXACT_MATCH,EXACT_MATCH,False,False,False,False,False,30,30,33(53) 30(44) 19(38),33(52.8) 30(43.7) 19(38.5)
SBUX,中期,EXACT_MATCH,EXACT_MATCH,False,False,False,False,False,39,39,35(56) 39(55) 42(47) 45(43),35(55.9) 39(54.8) 42(46.7) 45(43.3)
SBUX,長期,EXACT_MATCH,EXACT_MATCH,False,False,False,False,False,76,76,110(82) 76(82) 106(80) 102(78) 81(75),110(82.1) 76(81.8) 106(80.2) 102(78.5) 81(74.9)
SCHW,短期,EXACT_MATCH,EXACT_MATCH,False,False,False,False,False,24,24,33(47) 30(44) 27(37) 24(33),33(47.2) 30(44.4) 27(37.4) 24(32.8)
SCHW,中期,EXACT_MATCH,EXACT_MATCH,False,False,False,False,False,37,37,37(69) 41(67) 45(66),37(68.8) 41(66.7) 45(65.9)
SCHW,長期,EXACT_MATCH,EXACT_MATCH,False,False,False,False,False,98,98,103(81) 98(79) 110(76) 106(71) 46(67),103(81.1) 98(78.9) 110(76.1) 106(70.9) 46(66.9)
SFM,短期,EXACT_MATCH,EXACT_MATCH,False,False,False,False,False,15,15,21(67) 33(63) 18(58) 15(54),21(67.0) 33(63.2) 18(58.2) 15(54.5)
SFM,中期,EXACT_MATCH,EXACT_MATCH,False,False,False,False,False,40,40,34(64) 37(53) 40(52),34(63.8) 37(52.9) 40(51.8)
SFM,長期,EXACT_MATCH,EXACT_MATCH,False,False,False,False,False,97,97,108(92) 105(92) 100(91) 97(86),108(92.2) 105(91.7) 100(90.7) 97(86.5)
SMCI,短期,EXACT_MATCH,EXACT_MATCH,False,False,False,False,False,16,16,24(65) 27(62) 21(60) 31(59) 16(57),24(64.9) 27(61.9) 21(60.2) 31(58.7) 16(56.6)
SMCI,中期,EXACT_MATCH,EXACT_MATCH,False,False,False,False,False,45,45,34(38) 38(35) 42(34) 45(24),34(37.6) 38(35.0) 42(34.3) 45(24.3)
SMCI,長期,EXACT_MATCH,EXACT_MATCH,False,False,False,False,False,105,105,95(49) 105(49) 110(49) 92(48) 99(46),95(49.3) 105(49.3) 110(48.7) 92(47.8) 99(46.3)
SOFI,短期,EXACT_MATCH,EXACT_MATCH,False,False,False,False,False,31,31,28(64) 20(63) 17(61) 25(60) 31(58),28(63.9) 20(62.8) 17(61.2) 25(60.3) 31(58.4)
SOFI,中期,EXACT_MATCH,EXACT_MATCH,False,False,False,False,False,36,36,45(57) 42(51) 36(49) 39(48),45(56.9) 42(50.6) 36(49.1) 39(47.8)
SOFI,長期,EXACT_MATCH,EXACT_MATCH,False,False,False,False,False,82,82,77(86) 82(84) 74(77) 85(75) 71(75),77(85.5) 82(84.0) 74(77.4) 85(75.2) 71(74.9)
SSD,短期,BACKTEST_DRIFT,BACKTEST_DRIFT,False,False,False,False,True,15,15,15(67) 18(60) 22(54),15(66.7) 18(60.0) 22(54.2)
SSD,中期,EXACT_MATCH,EXACT_MATCH,False,False,False,False,False,37,37,43(35) 40(30) 37(23),43(34.7) 40(30.3) 37(23.2)
SSD,長期,EXACT_MATCH,EXACT_MATCH,False,False,False,False,False,95,95,92(72) 95(68) 98(65) 101(63) 89(60),92(72.4) 95(67.5) 98(65.2) 101(63.1) 89(60.0)
TGT,短期,EXACT_MATCH,EXACT_MATCH,False,False,False,False,False,15,15,15(67),15(66.6)
TGT,中期,EXACT_MATCH,EXACT_MATCH,False,False,False,False,False,45,45,45(32) 35(30) 41(29) 38(28),45(31.9) 35(29.8) 41(29.1) 38(27.6)
TGT,長期,EXACT_MATCH,EXACT_MATCH,False,False,False,False,False,89,89,92(87) 77(75) 95(74) 62(73) 89(73),92(87.3) 77(75.4) 95(74.1) 62(72.6) 89(72.6)
TMO,短期,EXACT_MATCH,EXACT_MATCH,False,False,False,False,False,19,19,22(69) 16(69) 19(67) 33(67) 25(64),22(69.2) 16(69.1) 19(67.1) 33(67.1) 25(64.3)
TMO,中期,EXACT_MATCH,EXACT_MATCH,False,False,False,False,False,37,37,34(70) 37(64),34(69.6) 37(63.5)
TMO,長期,FINAL_SELECTION_DRIFT,FINAL_SELECTION_DRIFT,True,False,True,False,False,91,105,110(99) 102(99) 105(99) 99(99) 91(99),110(99.3) 102(99.2) 105(99.2) 99(99.2) 96(99.2)
TSCO,短期,SCORE_DRIFT,SCORE_DRIFT,False,False,False,True,False,25,25,33(50) 29(48) 25(43) 16(39) 22(35),33(50.2) 29(47.4) 25(43.1) 16(39.3) 22(35.2)
TSCO,中期,EXACT_MATCH,EXACT_MATCH,False,False,False,False,False,34,34,34(53) 37(46),34(53.0) 37(46.1)
TSCO,長期,FINAL_SELECTION_DRIFT,FINAL_SELECTION_DRIFT,True,False,True,False,True,75,78,81(91) 78(88) 86(87) 93(85) 75(85),81(90.7) 78(88.2) 86(86.6) 93(85.3) 97(85.1)
TSLA,短期,EXACT_MATCH,EXACT_MATCH,False,False,False,False,False,27,27,32(60) 27(49),32(60.5) 27(48.9)
TSLA,中期,EXACT_MATCH,EXACT_MATCH,False,False,False,False,False,34,34,34(40) 44(37) 38(35) 41(32),34(40.3) 44(37.2) 38(35.0) 41(31.6)
TSLA,長期,EXACT_MATCH,EXACT_MATCH,False,False,False,False,False,107,107,88(41) 104(39) 107(36) 110(34) 101(31),88(40.6) 104(38.6) 107(35.5) 110(33.5) 101(31.0)
TSM,短期,CANDIDATE_SET_DRIFT,CANDIDATE_SET_DRIFT,True,False,False,False,False,22,22,15(55) 22(51) 18(49) 28(43) 33(40),15(54.7) 22(51.3) 18(49.4) 28(43.4) 25(40.3)
TSM,中期,EXACT_MATCH,EXACT_MATCH,False,False,False,False,False,35,35,38(53) 41(47) 35(46) 44(41),38(53.4) 41(47.1) 35(46.2) 44(41.4)
TSM,長期,EXACT_MATCH,EXACT_MATCH,False,False,False,False,False,110,110,110(91) 107(90) 104(89) 101(86) 85(77),110(91.4) 107(90.0) 104(89.1) 101(86.4) 85(77.2)
TTC,短期,BACKTEST_DRIFT,BACKTEST_DRIFT,False,False,False,True,True,17,17,33(33) 26(28) 23(26) 30(25) 17(24),33(32.9) 26(28.4) 23(26.5) 30(25.6) 17(23.9)
TTC,中期,CANDIDATE_SET_DRIFT,CANDIDATE_SET_DRIFT,True,False,False,True,False,41,41,44(58) 41(54) 35(49) 38(44),44(57.4) 41(53.7) 35(47.9)
TTC,長期,BACKTEST_DRIFT,BACKTEST_DRIFT,False,False,False,False,True,74,74,86(78) 74(77) 83(66) 89(64),86(78.2) 74(76.6) 83(65.7) 89(63.7)
TXRH,短期,EXACT_MATCH,EXACT_MATCH,False,False,False,False,False,18,18,15(46) 18(44) 25(41) 21(39) 29(35),15(45.8) 18(43.7) 25(41.3) 21(38.7) 29(35.2)
TXRH,中期,SCORE_DRIFT,SCORE_DRIFT,False,False,False,True,False,44,44,44(62) 41(55),44(60.9) 41(53.9)
TXRH,長期,EXACT_MATCH,EXACT_MATCH,False,False,False,False,False,99,99,107(91) 110(85) 104(84) 99(76),107(91.0) 110(85.0) 104(83.6) 99(76.1)
UHS,短期,SCORE_DRIFT,SCORE_DRIFT,False,False,False,True,False,30,30,30(78) 33(70) 27(66),30(77.8) 33(70.5) 27(66.6)
UHS,中期,EXACT_MATCH,EXACT_MATCH,False,False,False,False,False,35,35,35(70) 38(58),35(70.5) 38(58.1)
UHS,長期,EXACT_MATCH,EXACT_MATCH,False,False,False,False,False,92,92,110(99) 107(98) 92(93) 66(90) 80(89),110(99.0) 107(98.1) 92(93.0) 66(90.4) 80(89.4)
ULTA,短期,EXACT_MATCH,EXACT_MATCH,False,False,False,False,False,17,17,27(67) 24(57) 17(56),27(67.1) 24(56.8) 17(56.1)
ULTA,中期,EXACT_MATCH,EXACT_MATCH,False,False,False,False,False,41,41,45(72) 41(60),45(71.7) 41(59.5)
ULTA,長期,EXACT_MATCH,EXACT_MATCH,False,False,False,False,False,110,110,110(92) 107(86) 85(85) 104(85) 101(82),110(91.7) 107(85.6) 85(84.9) 104(84.6) 101(81.5)
UNH,短期,EXACT_MATCH,EXACT_MATCH,False,False,False,False,False,33,33,33(63),33(62.6)
UNH,中期,EXACT_MATCH,EXACT_MATCH,False,False,False,False,False,44,44,44(85) 41(84),44(85.4) 41(83.8)
UNH,長期,SCORE_DRIFT,SCORE_DRIFT,False,False,False,True,False,70,70,53(89) 74(89) 50(86) 70(85) 57(85),53(88.9) 74(88.8) 50(85.4) 70(84.9) 57(84.6)
UNP,短期,BACKTEST_DRIFT,BACKTEST_DRIFT,False,False,False,False,True,17,17,26(73) 17(70) 29(66) 23(65) 20(60),26(72.8) 17(70.0) 29(66.4) 23(65.0) 20(60.3)
UNP,中期,EXACT_MATCH,EXACT_MATCH,False,False,False,False,False,34,34,34(50) 38(50) 41(47),34(50.3) 38(49.8) 41(47.2)
UNP,長期,EXACT_MATCH,EXACT_MATCH,False,False,False,False,False,100,100,100(69) 110(64) 103(63) 97(59) 94(56),100(69.2) 110(63.7) 103(63.4) 97(58.9) 94(55.9)
UPS,短期,EXACT_MATCH,EXACT_MATCH,False,False,False,False,False,23,23,32(75) 29(65) 23(63),32(75.2) 29(65.4) 23(63.0)
UPS,中期,EXACT_MATCH,EXACT_MATCH,False,False,False,False,False,34,34,40(70) 45(69) 34(68) 37(56),40(70.4) 45(68.8) 34(68.2) 37(55.5)
UPS,長期,EXACT_MATCH,EXACT_MATCH,False,False,False,False,False,49,49,93(83) 49(82) 90(79) 96(79) 99(77),93(82.9) 49(82.2) 90(79.4) 96(78.8) 99(76.8)
WDFC,短期,BACKTEST_DRIFT,BACKTEST_DRIFT,False,False,False,False,True,15,15,28(48) 15(43) 25(43) 19(40) 31(40),28(47.9) 15(43.5) 25(42.6) 19(40.3) 31(39.5)
WDFC,中期,EXACT_MATCH,EXACT_MATCH,False,False,False,False,False,41,41,38(39) 41(32) 34(32) 44(27),38(38.9) 41(32.0) 34(31.5) 44(26.9)
WDFC,長期,BACKTEST_DRIFT,BACKTEST_DRIFT,False,False,False,False,True,102,102,102(88) 90(85) 87(83) 99(79) 109(79),102(87.9) 90(85.1) 87(83.1) 99(79.1) 109(79.0)
WMT,短期,EXACT_MATCH,EXACT_MATCH,False,False,False,False,False,23,23,32(57) 29(55) 26(49) 23(43),32(56.8) 29(54.8) 26(49.3) 23(43.2)
WMT,中期,EXACT_MATCH,EXACT_MATCH,False,False,False,False,False,44,44,44(66) 41(59) 34(55),44(65.6) 41(58.6) 34(54.7)
WMT,長期,SCORE_DRIFT,SCORE_DRIFT,False,False,False,True,False,110,110,89(94) 92(92) 110(91) 107(90) 85(87),89(93.8) 92(92.3) 110(91.4) 107(90.6) 85(87.0)
WSO,短期,EXACT_MATCH,EXACT_MATCH,False,False,False,False,False,29,29,32(53) 29(40),32(52.6) 29(40.0)
WSO,中期,CANDIDATE_SET_DRIFT,CANDIDATE_SET_DRIFT,True,False,False,True,True,34,34,45(62) 42(58) 34(50) 39(47),45(62.4) 42(57.4) 34(49.6)
WSO,長期,BACKTEST_DRIFT,BACKTEST_DRIFT,False,False,False,False,True,55,55,63(79) 55(77) 60(71) 52(66) 49(64),63(78.7) 55(77.3) 60(71.3) 52(65.9) 49(64.1)
ZTS,短期,EXACT_MATCH,EXACT_MATCH,False,False,False,False,False,15,15,15(50) 18(47),15(50.2) 18(46.8)
ZTS,中期,EXACT_MATCH,EXACT_MATCH,False,False,False,False,False,38,38,38(35) 43(34),38(34.6) 43(34.5)
ZTS,長期,EXACT_MATCH,EXACT_MATCH,False,False,False,False,False,75,75,97(83) 101(80) 83(74) 75(73) 89(73),97(82.7) 101(79.7) 83(74.2) 75(73.1) 89(72.9)
