ticker,range,period,in_snapshot,in_current,snap_rank,cur_rank,snap_score,cur_score,score_diff,snap_simple,cur_simple,snap_complex,cur_complex
AAPL,短期,27,True,True,2,2,66.0,65.8,-0.2,45.0,44.7,17.0,16.74
AAPL,短期,30,True,True,1,1,68.0,68.2,0.2,20.0,19.62,14.0,13.87
AAPL,中期,34,True,True,4,4,41.0,40.9,-0.1,-3.0,-3.02,-12.0,-12.12
AAPL,中期,38,True,True,1,1,56.0,55.5,-0.5,0.0,-0.05,-4.0,-4.18
AAPL,中期,42,True,True,2,2,50.0,50.4,0.4,-10.0,-9.61,-1.0,-1.18
AAPL,中期,45,True,True,3,3,46.0,45.7,-0.3,14.0,14.05,-2.0,-2.21
AAPL,長期,80,True,True,5,5,81.0,80.9,-0.1,52.0,51.8,4.0,3.91
AAPL,長期,90,True,True,4,4,86.0,85.7,-0.3,45.0,44.51,-8.0,-7.58
AAPL,長期,93,True,True,1,1,90.0,89.5,-0.5,37.0,36.61,-6.0,-5.91
AAPL,長期,107,True,True,2,2,89.0,89.3,0.3,39.0,39.18,4.0,4.19
AAPL,長期,110,True,True,3,3,88.0,88.1,0.1,38.0,37.87,7.0,7.24
ABT,短期,15,True,True,1,1,50.0,50.5,0.5,5.0,5.39,2.0,2.08
ABT,短期,30,True,True,3,3,41.0,41.3,0.3,4.0,4.32,4.0,4.27
ABT,短期,33,True,True,2,2,42.0,42.2,0.2,4.0,3.96,4.0,4.43
ABT,中期,36,True,True,1,1,49.0,49.3,0.3,-6.0,-5.73,0.0,-0.29
ABT,長期,54,True,True,3,3,74.0,74.5,0.5,-8.0,-8.11,7.0,6.61
ABT,長期,64,True,True,2,2,82.0,79.7,-2.3,-7.0,-8.16,14.0,14.13
ABT,長期,67,True,True,1,1,88.0,87.5,-0.5,-20.0,-19.34,3.0,3.33
ACN,短期,16,True,True,1,1,46.0,43.9,-2.1,-8.0,-13.16,-15.0,-20.01
ACN,短期,19,True,True,2,3,32.0,30.6,-1.4,-12.0,-17.17,-6.0,-10.78
ACN,短期,29,False,True,,2,,31.6,,,-3.99,,-3.51
ACN,短期,33,False,True,,4,,29.2,,,16.86,,7.92
ACN,中期,34,True,True,2,2,28.0,27.7,-0.3,18.0,18.58,0.0,0.44
ACN,中期,37,True,True,3,3,25.0,25.0,0.0,10.0,10.76,6.0,5.76
ACN,中期,42,True,True,4,4,22.0,22.2,0.2,-6.0,-5.87,2.0,2.1
ACN,中期,45,True,True,1,1,33.0,34.0,1.0,10.0,9.84,8.0,8.42
ACN,長期,94,True,True,5,5,95.0,95.0,0.0,10.0,9.58,1.0,1.26
ACN,長期,97,True,True,1,1,97.0,97.1,0.1,8.0,8.26,2.0,1.62
ACN,長期,104,True,True,4,4,95.0,95.1,0.1,23.0,23.14,19.0,19.37
ACN,長期,107,True,True,3,3,95.0,95.1,0.1,11.0,11.26,18.0,17.67
ACN,長期,110,True,True,2,2,96.0,96.3,0.3,-13.0,-12.98,-11.0,-10.91
ADBE,短期,16,True,True,3,3,67.0,67.4,0.4,-1.0,-1.25,14.0,14.36
ADBE,短期,19,True,True,1,1,74.0,73.9,-0.1,-10.0,-9.75,12.0,12.04
ADBE,短期,22,True,True,2,2,73.0,73.2,0.2,-1.0,-1.17,25.0,24.67
ADBE,短期,27,True,True,4,4,65.0,64.6,-0.4,-8.0,-8.07,6.0,6.38
ADBE,中期,39,True,True,3,3,37.0,37.3,0.3,-35.0,-35.27,-21.0,-20.86
ADBE,中期,42,True,True,2,2,44.0,44.4,0.4,-40.0,-39.85,-19.0,-19.3
ADBE,中期,45,True,True,1,1,50.0,50.3,0.3,-39.0,-39.15,-15.0,-14.69
ADBE,長期,90,True,True,5,5,86.0,86.1,0.1,8.0,7.87,12.0,12.22
ADBE,長期,93,True,True,2,2,94.0,94.3,0.3,-19.0,-18.91,-3.0,-3.47
ADBE,長期,96,True,True,1,1,95.0,95.0,0.0,-29.0,-28.85,-10.0,-10.04
ADBE,長期,102,True,True,3,3,90.0,89.6,-0.4,6.0,6.0,-1.0,-0.67
ADBE,長期,110,True,True,4,4,88.0,88.3,0.3,13.0,13.01,6.0,5.57
AEP,短期,21,True,True,2,2,62.0,62.2,0.2,6.0,5.89,0.0,0.13
AEP,短期,24,True,True,1,1,69.0,69.3,0.3,6.0,5.91,6.0,6.22
AEP,短期,29,True,True,4,4,57.0,56.7,-0.3,10.0,10.1,2.0,1.87
AEP,短期,33,True,True,3,3,57.0,57.2,0.2,12.0,11.63,8.0,7.84
AEP,中期,36,True,True,4,4,73.0,72.8,-0.2,33.0,32.94,24.0,23.87
AEP,中期,39,True,True,3,3,77.0,77.1,0.1,31.0,30.62,14.0,14.09
AEP,中期,42,True,True,1,1,80.0,80.3,0.3,28.0,28.17,16.0,15.6
AEP,中期,45,True,True,2,2,79.0,78.8,-0.2,33.0,33.04,23.0,23.2
AEP,長期,47,True,True,1,1,84.0,84.2,0.2,22.0,21.63,23.0,23.06
AEP,長期,50,True,True,3,3,75.0,75.0,0.0,22.0,21.65,24.0,24.23
AEP,長期,76,True,True,2,2,83.0,83.0,0.0,11.0,11.44,10.0,10.5
AJG,短期,16,True,True,2,2,53.0,52.7,-0.3,-13.0,-12.7,-3.0,-2.81
AJG,短期,29,True,True,3,3,52.0,52.3,0.3,-1.0,-0.62,11.0,11.46
AJG,短期,32,True,True,1,1,62.0,62.0,0.0,-3.0,-2.5,-3.0,-3.24
AJG,中期,34,True,True,1,1,60.0,60.4,0.4,-8.0,-8.47,-9.0,-8.99
AJG,長期,83,True,True,4,4,89.0,89.0,0.0,11.0,10.75,20.0,20.15
AJG,長期,92,True,True,3,3,90.0,89.7,-0.3,18.0,18.49,10.0,10.35
AJG,長期,102,True,True,5,5,86.0,85.9,-0.1,18.0,17.58,9.0,9.32
AJG,長期,105,True,True,2,2,95.0,95.0,0.0,17.0,16.76,7.0,7.03
AJG,長期,110,True,True,1,1,95.0,95.2,0.2,15.0,15.15,5.0,5.19
ALSN,短期,15,True,True,4,4,40.0,37.1,-2.9,16.0,22.08,5.0,8.18
ALSN,短期,20,True,True,5,5,39.0,36.1,-2.9,11.0,16.42,7.0,9.98
ALSN,短期,23,True,True,2,3,48.0,44.8,-3.2,10.0,12.72,3.0,3.0
ALSN,短期,28,True,True,1,1,51.0,50.2,-0.8,5.0,10.01,0.0,2.01
ALSN,短期,32,True,True,3,2,48.0,45.0,-3.0,4.0,6.72,11.0,11.4
ALSN,中期,34,True,True,3,3,44.0,41.2,-2.8,18.0,18.36,4.0,3.87
ALSN,中期,38,True,False,4,,39.0,,,4.0,,13.0,
ALSN,中期,40,False,True,,2,,45.7,,,8.66,,11.18
ALSN,中期,41,True,False,2,,49.0,,,6.0,,13.0,
ALSN,中期,43,False,True,,1,,51.4,,,27.68,,19.99
ALSN,中期,44,True,False,1,,54.0,,,24.0,,21.0,
ALSN,長期,80,True,True,3,3,63.0,63.5,0.5,46.0,45.95,5.0,4.98
ALSN,長期,83,True,True,4,4,56.0,55.9,-0.1,67.0,66.94,5.0,4.76
ALSN,長期,86,True,True,5,5,55.0,54.2,-0.8,97.0,87.66,32.0,25.89
ALSN,長期,92,True,True,1,1,68.0,67.1,-0.9,98.0,89.13,29.0,22.95
ALSN,長期,95,True,True,2,2,66.0,66.0,0.0,104.0,104.2,27.0,27.11
AMAT,短期,15,True,True,1,1,58.0,57.9,-0.1,18.0,18.23,-4.0,-4.31
AMAT,短期,22,True,True,5,5,51.0,51.0,0.0,49.0,48.82,-3.0,-2.86
AMAT,短期,26,True,True,4,4,51.0,51.2,0.2,70.0,70.23,-4.0,-3.6
AMAT,短期,29,True,True,3,3,52.0,52.3,0.3,102.0,101.87,30.0,29.96
AMAT,短期,33,True,True,2,2,57.0,56.9,-0.1,124.0,124.18,35.0,35.14
AMAT,中期,36,True,True,1,1,63.0,63.1,0.1,83.0,82.9,19.0,18.89
AMAT,中期,45,False,True,,2,,48.1,,,1.64,,13.13
AMAT,長期,75,True,True,5,5,85.0,85.4,0.4,232.0,231.92,50.0,50.34
AMAT,長期,78,True,True,3,3,89.0,89.1,0.1,213.0,213.35,29.0,29.25
AMAT,長期,81,True,True,4,4,86.0,86.4,0.4,234.0,233.83,33.0,33.08
AMAT,長期,84,True,True,2,2,90.0,89.6,-0.4,217.0,217.29,34.0,33.83
AMAT,長期,87,True,True,1,1,91.0,91.5,0.5,216.0,215.57,37.0,36.86
AMD,短期,21,True,True,4,4,58.0,58.1,0.1,145.0,144.72,6.0,5.67
AMD,短期,27,True,True,3,3,59.0,59.1,0.1,254.0,254.3,61.0,61.13
AMD,短期,30,True,True,2,2,71.0,70.7,-0.3,136.0,136.41,56.0,55.58
AMD,短期,33,True,True,1,1,72.0,72.5,0.5,149.0,148.59,65.0,65.04
AMD,中期,34,True,True,3,3,71.0,70.7,-0.3,274.0,274.21,56.0,56.38
AMD,中期,39,True,True,2,2,78.0,77.8,-0.2,357.0,356.79,25.0,24.8
AMD,中期,42,True,True,1,1,83.0,82.6,-0.4,75.0,74.8,1.0,0.52
AMD,長期,95,True,True,3,3,89.0,89.4,0.4,287.0,287.05,-2.0,-2.07
AMD,長期,98,True,True,2,2,91.0,91.0,0.0,429.0,428.93,2.0,1.87
AMD,長期,104,True,True,1,1,96.0,95.7,-0.3,372.0,372.44,-16.0,-16.27
AMD,長期,107,True,True,4,4,89.0,89.2,0.2,351.0,351.03,-23.0,-23.45
AMD,長期,110,True,True,5,5,88.0,87.5,-0.5,429.0,428.54,30.0,30.23
ASML,短期,15,True,True,5,5,49.0,49.1,0.1,23.0,22.61,7.0,7.38
ASML,短期,20,True,True,4,4,50.0,49.7,-0.3,18.0,17.83,12.0,12.31
ASML,短期,23,True,True,1,1,58.0,57.9,-0.1,27.0,27.08,13.0,12.6
ASML,短期,26,True,True,2,2,54.0,54.2,0.2,11.0,11.11,-1.0,0.85
ASML,短期,30,True,True,3,3,52.0,51.9,-0.1,27.0,26.53,0.0,1.02
ASML,中期,39,True,True,3,3,46.0,46.5,0.5,28.0,28.05,10.0,11.71
ASML,中期,42,True,True,2,2,47.0,47.2,0.2,19.0,19.59,-12.0,-10.25
ASML,中期,45,True,True,1,1,60.0,60.0,0.0,15.0,15.11,-14.0,-12.79
ASML,長期,46,True,False,5,,62.0,,,56.0,,-3.0,
ASML,長期,47,False,True,,4,,61.9,,,60.85,,7.23
ASML,長期,53,True,True,2,1,65.0,65.0,0.0,84.0,83.88,21.0,22.27
ASML,長期,56,True,True,4,2,64.0,64.7,0.7,80.0,81.77,20.0,21.66
ASML,長期,61,True,True,1,5,65.0,60.2,-4.8,110.0,109.89,16.0,16.02
ASML,長期,64,True,True,3,3,64.0,63.4,-0.6,69.0,68.69,5.0,5.16
AVGO,短期,29,True,True,2,2,45.0,44.7,-0.3,-12.0,-12.07,-16.0,-16.4
AVGO,短期,32,True,True,1,1,59.0,58.8,-0.2,2.0,1.56,-4.0,-4.34
AVGO,中期,35,True,True,4,4,53.0,52.7,-0.3,72.0,72.31,58.0,58.31
AVGO,中期,38,True,True,1,1,67.0,67.1,0.1,108.0,107.6,71.0,71.08
AVGO,中期,42,True,True,3,3,59.0,59.4,0.4,107.0,107.38,38.0,38.23
AVGO,中期,45,True,True,2,2,66.0,66.3,0.3,114.0,113.74,19.0,18.72
AVGO,長期,50,True,True,2,2,70.0,70.0,0.0,149.0,148.8,23.0,22.62
AVGO,長期,53,True,True,4,4,66.0,66.4,0.4,31.0,31.3,10.0,9.89
AVGO,長期,66,True,True,1,1,73.0,73.4,0.4,126.0,126.38,30.0,30.04
AVGO,長期,86,True,True,3,3,69.0,69.1,0.1,304.0,303.76,60.0,59.95
AVGO,長期,90,True,True,5,5,66.0,66.3,0.3,266.0,266.09,85.0,85.17
BA,短期,15,True,True,3,3,41.0,40.8,-0.2,-2.0,-2.1,-7.0,-6.94
BA,短期,23,True,True,4,4,38.0,38.3,0.3,-3.0,-3.08,-9.0,-8.88
BA,短期,28,True,True,2,2,47.0,46.5,-0.5,-12.0,-12.31,-11.0,-10.63
BA,短期,31,True,True,1,1,53.0,52.8,-0.2,-1.0,-1.28,-6.0,-6.28
BA,中期,35,True,True,1,1,56.0,55.6,-0.4,-1.0,-1.15,-3.0,-2.75
BA,中期,38,True,True,4,4,48.0,47.7,-0.3,-3.0,-3.23,-4.0,-3.6
BA,中期,41,True,True,3,3,48.0,48.0,0.0,18.0,17.94,1.0,1.37
BA,中期,44,True,True,2,2,51.0,51.4,0.4,27.0,27.15,9.0,9.34
BA,長期,63,True,True,2,2,82.0,81.5,-0.5,13.0,13.02,4.0,3.91
BA,長期,69,True,True,5,5,77.0,77.1,0.1,-3.0,-3.45,11.0,11.47
BA,長期,72,True,True,4,4,80.0,80.1,0.1,0.0,-0.4,18.0,17.83
BA,長期,76,True,True,3,3,80.0,80.1,0.1,-7.0,-7.24,13.0,13.35
BA,長期,110,True,True,1,1,82.0,82.5,0.5,-17.0,-16.95,-1.0,-0.93
BAC,短期,15,True,True,2,2,62.0,61.5,-0.5,36.0,35.98,34.0,34.2
BAC,短期,23,True,True,3,3,58.0,57.6,-0.4,23.0,22.73,2.0,2.21
BAC,短期,26,True,True,1,1,68.0,68.2,0.2,22.0,21.89,3.0,2.91
BAC,短期,29,True,True,4,4,56.0,56.4,0.4,13.0,12.55,-5.0,-4.78
BAC,中期,42,True,True,2,2,57.0,56.6,-0.4,6.0,5.87,5.0,4.89
BAC,中期,45,True,True,1,1,64.0,63.9,-0.1,17.0,17.05,6.0,5.63
BAC,長期,54,True,True,4,4,94.0,94.4,0.4,56.0,56.34,31.0,30.74
BAC,長期,74,True,True,5,5,93.0,93.3,0.3,60.0,60.27,20.0,19.75
BAC,長期,81,True,True,1,1,98.0,97.8,-0.2,60.0,59.53,4.0,4.18
BAC,長期,84,True,True,2,2,97.0,96.9,-0.1,61.0,60.59,16.0,16.09
BAC,長期,87,True,True,3,3,95.0,95.4,0.4,36.0,36.33,9.0,9.47
BB,短期,19,True,True,3,3,54.0,53.6,-0.4,-26.0,-26.13,-11.0,-11.4
BB,短期,30,True,True,2,2,54.0,54.0,0.0,180.0,179.98,25.0,25.01
BB,短期,33,True,True,1,1,67.0,67.0,0.0,187.0,186.5,43.0,43.25
BB,中期,34,True,True,3,3,71.0,70.8,-0.2,360.0,360.25,30.0,30.35
BB,中期,37,True,True,1,1,79.0,79.3,0.3,425.0,425.15,56.0,55.89
BB,中期,41,True,True,2,2,72.0,71.9,-0.1,336.0,336.07,48.0,48.15
BB,中期,44,True,True,4,4,67.0,66.8,-0.2,323.0,322.56,39.0,38.56
BB,長期,48,True,True,3,3,69.0,69.2,0.2,158.0,158.46,-27.0,-26.52
BB,長期,67,True,True,1,1,72.0,72.5,0.5,75.0,75.08,-31.0,-31.1
BB,長期,71,True,True,2,2,70.0,69.5,-0.5,47.0,47.02,-35.0,-35.05
BB,長期,107,True,True,5,5,66.0,65.7,-0.3,-22.0,-22.37,-24.0,-24.06
BB,長期,110,True,True,4,4,66.0,66.6,0.6,61.0,61.19,-12.0,-12.02
CAT,短期,15,True,True,3,3,42.0,41.6,-0.4,57.0,57.26,4.0,4.19
CAT,短期,21,True,True,5,5,36.0,36.1,0.1,29.0,29.45,-2.0,-1.77
CAT,短期,25,True,True,4,4,40.0,41.5,1.5,56.0,55.77,14.0,13.15
CAT,短期,28,True,True,2,2,48.0,48.7,0.7,19.0,19.08,2.0,2.26
CAT,短期,33,True,True,1,1,49.0,49.2,0.2,39.0,38.77,12.0,12.11
CAT,中期,35,True,True,3,3,56.0,56.4,0.4,66.0,65.92,27.0,26.71
CAT,中期,38,True,True,1,1,67.0,66.5,-0.5,93.0,92.68,25.0,25.15
CAT,中期,41,True,True,2,2,59.0,59.0,0.0,99.0,99.35,15.0,15.13
CAT,中期,45,True,True,4,4,55.0,55.4,0.4,74.0,73.97,28.0,27.73
CAT,長期,64,True,True,5,5,95.0,95.0,0.0,271.0,271.13,31.0,31.37
CAT,長期,69,True,True,4,4,95.0,95.3,0.3,229.0,229.3,30.0,29.51
CAT,長期,87,True,True,2,2,96.0,95.8,-0.2,188.0,187.6,55.0,54.81
CAT,長期,90,True,True,3,3,96.0,95.8,-0.2,188.0,188.33,55.0,54.91
CAT,長期,95,True,True,1,1,97.0,97.1,0.1,216.0,215.81,54.0,54.22
CME,短期,15,True,True,4,4,33.0,33.3,0.3,7.0,7.33,-3.0,-3.23
CME,短期,18,True,True,3,3,34.0,34.1,0.1,5.0,5.39,-5.0,-5.45
CME,短期,22,True,True,2,2,35.0,35.3,0.3,7.0,6.99,-9.0,-8.79
CME,短期,30,True,True,5,5,33.0,33.1,0.1,1.0,1.79,-7.0,-7.48
CME,短期,33,True,True,1,1,40.0,39.7,-0.3,1.0,1.44,6.0,6.32
CME,中期,36,True,True,1,1,40.0,39.9,-0.1,3.0,3.59,7.0,7.15
CME,中期,39,True,True,2,2,27.0,27.0,0.0,7.0,7.46,2.0,2.2
CME,長期,84,True,True,3,3,60.0,60.2,0.2,23.0,22.71,1.0,1.09
CME,長期,87,True,True,1,1,68.0,67.5,-0.5,16.0,16.09,-4.0,-3.75
CME,長期,90,True,True,2,2,67.0,67.1,0.1,15.0,15.41,-5.0,-5.33
CME,長期,93,True,True,4,4,60.0,59.8,-0.2,16.0,15.96,-3.0,-3.37
CME,長期,106,True,True,5,5,56.0,55.9,-0.1,24.0,23.99,-12.0,-12.86
COST,短期,18,True,True,4,4,24.0,24.1,0.1,-7.0,-6.54,4.0,3.52
COST,短期,21,True,True,5,5,24.0,23.7,-0.3,-17.0,-17.22,-9.0,-9.14
COST,短期,24,True,True,2,2,31.0,30.7,-0.3,-11.0,-11.39,-8.0,-8.3
COST,短期,28,True,True,3,3,30.0,29.4,-0.6,-10.0,-10.26,-3.0,-3.48
COST,短期,33,True,True,1,1,32.0,32.0,0.0,-9.0,-9.38,-7.0,-7.44
COST,中期,36,True,True,1,1,48.0,47.6,-0.4,0.0,-0.28,-2.0,-1.68
COST,中期,39,True,True,2,2,42.0,41.9,-0.1,-13.0,-12.84,-7.0,-6.56
COST,中期,43,True,True,3,3,34.0,34.2,0.2,-13.0,-13.36,-9.0,-9.0
COST,長期,78,True,True,5,5,63.0,63.2,0.2,69.0,69.25,25.0,24.94
COST,長期,81,True,True,4,4,70.0,70.3,0.3,35.0,35.43,20.0,19.74
COST,長期,84,True,True,1,1,73.0,72.6,-0.4,31.0,31.23,18.0,18.28
COST,長期,106,True,True,2,2,72.0,72.5,0.5,73.0,73.3,24.0,23.57
COST,長期,110,True,True,3,3,72.0,71.7,-0.3,74.0,73.68,18.0,18.07
CRWD,短期,15,True,True,3,3,63.0,63.3,0.3,90.0,90.42,44.0,44.31
CRWD,短期,21,True,True,4,4,59.0,59.2,0.2,93.0,93.0,58.0,57.65
CRWD,短期,28,True,True,2,2,68.0,67.8,-0.2,101.0,101.39,62.0,62.29
CRWD,短期,31,True,True,1,1,73.0,72.7,-0.3,103.0,102.91,47.0,47.5
CRWD,中期,34,True,True,1,1,64.0,63.5,-0.5,154.0,153.55,43.0,42.78
CRWD,長期,67,True,True,5,5,85.0,85.1,0.1,353.0,352.82,21.0,21.34
CRWD,長期,70,True,True,1,1,96.0,96.5,0.5,434.0,433.63,37.0,36.94
CRWD,長期,75,True,True,2,2,95.0,95.1,0.1,383.0,383.18,44.0,43.55
CRWD,長期,78,True,True,3,3,94.0,93.7,-0.3,379.0,379.47,44.0,43.64
CRWD,長期,83,True,True,4,4,90.0,89.6,-0.4,358.0,358.39,88.0,87.86
CSX,短期,15,True,True,3,2,52.0,51.7,-0.3,22.0,21.74,7.0,6.74
CSX,短期,19,True,True,5,5,44.0,43.7,-0.3,31.0,30.64,20.0,19.63
CSX,短期,26,True,True,2,3,52.0,49.8,-2.2,23.0,23.15,15.0,14.52
CSX,短期,29,True,True,4,4,47.0,44.7,-2.3,24.0,24.07,9.0,9.5
CSX,短期,33,True,True,1,1,58.0,56.0,-2.0,11.0,10.62,8.0,7.56
CSX,中期,34,True,True,2,2,57.0,55.9,-1.1,13.0,12.5,3.0,2.81
CSX,中期,38,True,True,3,3,54.0,53.7,-0.3,18.0,18.22,-3.0,-2.7
CSX,中期,42,True,True,4,4,49.0,49.1,0.1,19.0,18.76,9.0,8.66
CSX,中期,45,True,True,1,1,62.0,62.4,0.4,34.0,33.7,19.0,19.3
CSX,長期,47,True,True,5,5,77.0,76.6,-0.4,33.0,32.75,18.0,18.27
CSX,長期,59,True,True,3,3,78.0,78.5,0.5,28.0,27.71,9.0,8.67
CSX,長期,103,True,True,4,4,78.0,77.9,-0.1,37.0,36.5,-1.0,-0.72
CSX,長期,106,True,True,2,2,79.0,79.2,0.2,24.0,24.36,-6.0,-5.54
CSX,長期,109,True,True,1,1,82.0,82.1,0.1,31.0,30.73,0.0,-0.23
CVX,短期,24,True,True,1,1,62.0,62.3,0.3,1.0,0.79,2.0,1.8
CVX,短期,27,True,True,3,3,52.0,52.1,0.1,30.0,30.14,11.0,11.46
CVX,短期,31,True,True,2,2,58.0,58.6,0.6,-2.0,-2.4,-2.0,-1.51
CVX,中期,34,True,True,1,1,43.0,43.1,0.1,37.0,37.44,-4.0,-3.95
CVX,中期,39,True,True,3,3,36.0,35.8,-0.2,-9.0,-8.58,-11.0,-10.95
CVX,中期,44,True,True,2,2,40.0,39.6,-0.4,-10.0,-10.04,-4.0,-4.4
CVX,長期,69,True,True,4,4,53.0,53.4,0.4,-1.0,-1.39,-3.0,-3.06
CVX,長期,83,True,True,3,3,54.0,54.1,0.1,-12.0,-11.71,-12.0,-11.76
CVX,長期,86,True,True,2,2,65.0,65.2,0.2,-8.0,-7.78,-17.0,-16.95
CVX,長期,89,True,True,1,1,66.0,66.2,0.2,-7.0,-7.41,-6.0,-5.81
CVX,長期,92,True,True,5,5,52.0,52.0,0.0,-21.0,-21.39,-15.0,-15.23
DECK,短期,17,True,True,2,2,76.0,74.9,-1.1,6.0,5.84,-8.0,-7.97
DECK,短期,20,True,True,3,4,73.0,72.8,-0.2,-4.0,-3.65,-7.0,-7.48
DECK,短期,23,False,True,,5,,69.1,,,-13.4,,-24.27
DECK,短期,24,True,False,4,,71.0,,,-1.0,,10.0,
DECK,短期,26,False,True,,1,,76.4,,,0.73,,12.02
DECK,短期,27,True,False,1,,79.0,,,0.0,,7.0,
DECK,短期,29,False,True,,3,,73.3,,,-3.63,,1.1
DECK,短期,30,True,False,5,,68.0,,,-13.0,,-4.0,
DECK,中期,34,True,True,2,2,58.0,59.8,1.8,-34.0,-34.23,-9.0,-9.23
DECK,中期,42,True,True,3,3,55.0,54.8,-0.2,-29.0,-29.25,-7.0,-6.92
DECK,中期,45,True,True,1,1,66.0,66.1,0.1,-43.0,-43.18,-16.0,-15.62
DECK,長期,53,True,True,3,3,79.0,79.3,0.3,6.0,5.76,6.0,5.71
DECK,長期,56,True,True,1,1,94.0,93.9,-0.1,34.0,34.17,8.0,7.62
DECK,長期,59,True,True,2,2,87.0,87.1,0.1,-5.0,-5.13,1.0,0.91
DIS,短期,18,True,True,3,3,44.0,43.5,-0.5,-6.0,-6.19,-3.0,-2.72
DIS,短期,21,True,True,2,2,45.0,45.1,0.1,-12.0,-12.32,-6.0,-5.78
DIS,短期,25,True,True,5,5,35.0,35.2,0.2,-13.0,-13.16,0.0,-0.11
DIS,短期,28,True,True,4,4,42.0,41.6,-0.4,-7.0,-7.1,-13.0,-13.43
DIS,短期,32,True,True,1,1,46.0,46.0,0.0,0.0,0.21,-9.0,-9.27
DIS,中期,38,True,True,1,1,62.0,62.2,0.2,2.0,2.4,6.0,5.57
DIS,中期,41,True,True,2,2,51.0,51.2,0.2,9.0,9.14,3.0,2.77
DIS,中期,45,True,True,3,3,49.0,48.7,-0.3,15.0,14.8,1.0,0.79
DIS,長期,51,True,True,2,2,79.0,79.3,0.3,21.0,21.45,-5.0,-5.21
DIS,長期,56,True,True,1,1,84.0,83.9,-0.1,24.0,23.52,-5.0,-5.09
DUK,短期,22,True,False,3,,50.0,,,-2.0,,2.0,
DUK,短期,27,True,True,2,2,61.0,61.9,0.9,5.0,4.51,-3.0,-2.81
DUK,短期,32,True,True,1,1,63.0,63.3,0.3,8.0,7.93,7.0,7.32
DUK,中期,34,True,True,2,2,56.0,56.3,0.3,20.0,19.74,15.0,14.85
DUK,中期,37,True,True,3,3,56.0,56.0,0.0,17.0,17.4,14.0,14.05
DUK,中期,40,True,True,1,1,66.0,66.2,0.2,20.0,20.37,10.0,10.27
DUK,長期,48,True,True,4,4,54.0,54.0,0.0,11.0,10.8,9.0,8.73
DUK,長期,52,True,True,5,5,54.0,53.9,-0.1,0.0,0.41,-1.0,-0.73
DUK,長期,82,True,True,3,3,57.0,57.2,0.2,-11.0,-11.11,0.0,-0.41
DUK,長期,85,True,True,1,1,68.0,67.5,-0.5,-17.0,-17.28,-4.0,-4.17
DUK,長期,89,True,True,2,2,66.0,65.8,-0.2,-16.0,-16.22,-9.0,-8.53
EOG,短期,18,True,True,3,3,58.0,57.5,-0.5,9.0,9.1,-3.0,-3.43
EOG,短期,23,True,True,1,1,66.0,66.4,0.4,18.0,17.62,1.0,0.81
EOG,短期,26,True,True,4,4,57.0,57.4,0.4,6.0,6.28,9.0,9.32
EOG,短期,31,True,True,2,2,62.0,63.7,1.7,5.0,5.45,-1.0,-0.7
EOG,中期,34,True,True,1,1,55.0,56.4,1.4,-22.0,-22.43,-3.0,-2.55
EOG,中期,37,True,True,4,3,42.0,43.2,1.2,-24.0,-23.86,-15.0,-15.14
EOG,中期,40,False,True,,4,,41.5,,,-24.65,,-1.82
EOG,中期,41,True,False,3,,43.0,,,-20.0,,0.0,
EOG,中期,43,False,True,,2,,47.5,,,-16.76,,5.79
EOG,中期,45,True,False,2,,47.0,,,-15.0,,-6.0,
EOG,長期,47,True,True,2,2,48.0,47.4,-0.6,-13.0,-12.68,-7.0,-7.12
EOG,長期,51,True,True,5,5,43.0,42.7,-0.3,-19.0,-18.63,-4.0,-4.63
EOG,長期,58,True,True,3,3,46.0,46.3,0.3,-20.0,-20.22,-4.0,-4.73
EOG,長期,73,True,True,1,1,55.0,53.7,-1.3,-15.0,-17.11,7.0,6.07
EOG,長期,76,True,True,4,4,44.0,43.1,-0.9,-17.0,-18.76,11.0,9.53
ETN,短期,15,True,True,3,3,44.0,44.3,0.3,-37.0,-36.69,-32.0,-31.58
ETN,短期,25,True,True,2,2,45.0,45.3,0.3,-26.0,-26.11,-14.0,-14.44
ETN,短期,30,True,True,1,1,49.0,49.2,0.2,-28.0,-27.93,-29.0,-29.44
ETN,短期,33,True,True,4,4,38.0,38.2,0.2,-35.0,-35.4,-30.0,-29.67
ETN,中期,34,True,True,1,1,34.0,34.4,0.4,-24.0,-24.48,-15.0,-15.29
ETN,中期,38,True,True,2,2,30.0,30.0,0.0,-33.0,-33.43,-10.0,-9.84
ETN,中期,41,True,True,3,3,30.0,29.8,-0.2,-32.0,-31.61,-14.0,-14.06
ETN,中期,44,True,True,4,4,28.0,27.8,-0.2,-20.0,-19.76,-12.0,-12.38
ETN,長期,79,True,True,3,3,58.0,57.8,-0.2,-21.0,-21.45,-21.0,-20.81
ETN,長期,107,True,True,2,2,64.0,64.4,0.4,52.0,52.38,23.0,22.88
ETN,長期,110,True,True,1,1,72.0,72.1,0.1,60.0,59.73,38.0,37.86
FTNT,短期,17,True,True,1,1,59.0,58.7,-0.3,36.0,36.24,20.0,20.24
FTNT,短期,20,True,True,4,4,51.0,50.7,-0.3,38.0,38.19,6.0,5.61
FTNT,短期,25,True,True,5,5,50.0,49.7,-0.3,27.0,26.79,-8.0,-7.83
FTNT,短期,29,True,True,3,3,52.0,52.4,0.4,32.0,31.73,-15.0,-14.93
FTNT,短期,32,True,True,2,2,56.0,56.0,0.0,36.0,36.36,-18.0,-17.88
FTNT,中期,34,True,True,3,3,49.0,49.0,0.0,50.0,49.96,25.0,24.96
FTNT,中期,37,True,True,4,4,49.0,48.7,-0.3,62.0,62.37,38.0,38.31
FTNT,中期,40,True,True,1,1,55.0,55.2,0.2,79.0,78.65,30.0,30.33
FTNT,中期,44,True,True,2,2,54.0,53.9,-0.1,68.0,68.16,31.0,30.82
FTNT,長期,67,True,True,1,1,89.0,88.8,-0.2,113.0,113.35,22.0,21.79
FTNT,長期,74,True,True,3,3,78.0,77.9,-0.1,146.0,146.38,-1.0,-0.94
FTNT,長期,79,True,True,2,2,86.0,85.6,-0.4,151.0,151.18,4.0,3.55
FTNT,長期,82,True,True,4,4,77.0,77.2,0.2,153.0,153.46,-4.0,-4.34
GE,短期,15,True,True,2,2,62.0,62.1,0.1,17.0,16.91,10.0,10.16
GE,短期,20,True,True,1,1,64.0,63.5,-0.5,19.0,19.07,8.0,8.27
GE,短期,25,True,True,4,4,55.0,55.2,0.2,8.0,7.83,15.0,14.57
GE,短期,28,True,True,3,3,57.0,56.6,-0.4,5.0,5.39,1.0,1.01
GE,中期,40,True,True,2,2,47.0,47.0,0.0,52.0,51.82,33.0,32.55
GE,中期,44,True,True,1,1,59.0,59.3,0.3,53.0,52.58,19.0,18.89
GE,長期,95,True,True,5,5,82.0,81.9,-0.1,192.0,191.74,28.0,27.91
GE,長期,98,True,True,4,4,86.0,86.3,0.3,183.0,182.64,30.0,30.42
GE,長期,101,True,True,1,1,91.0,90.9,-0.1,181.0,180.56,28.0,27.87
GE,長期,104,True,True,2,2,91.0,90.7,-0.3,389.0,388.78,141.0,141.18
GE,長期,107,True,True,3,3,86.0,86.5,0.5,375.0,374.86,44.0,44.07
GOOGL,短期,18,True,True,2,2,60.0,60.1,0.1,72.0,71.66,32.0,31.67
GOOGL,短期,22,True,True,4,4,55.0,55.0,0.0,44.0,44.48,32.0,31.69
GOOGL,短期,29,True,True,3,3,58.0,58.2,0.2,83.0,83.23,38.0,38.02
GOOGL,短期,33,True,True,1,1,68.0,68.4,0.4,102.0,102.26,48.0,47.51
GOOGL,中期,36,True,True,2,2,80.0,80.5,0.5,117.0,116.51,40.0,40.11
GOOGL,中期,40,True,True,1,1,81.0,80.6,-0.4,76.0,75.66,32.0,31.95
GOOGL,長期,69,True,True,5,5,84.0,83.9,-0.1,123.0,122.78,2.0,2.39
GOOGL,長期,78,True,True,4,4,89.0,89.3,0.3,177.0,176.55,34.0,33.63
GOOGL,長期,81,True,True,3,2,91.0,90.9,-0.1,167.0,166.7,27.0,27.29
GOOGL,長期,107,True,True,2,3,91.0,90.9,-0.1,89.0,89.04,19.0,19.42
GOOGL,長期,110,True,True,1,1,95.0,94.7,-0.3,95.0,94.51,3.0,3.24
GS,短期,18,True,True,5,5,28.0,27.8,-0.2,-1.0,-0.85,-10.0,-10.14
GS,短期,22,True,True,2,2,34.0,34.1,0.1,14.0,14.18,5.0,4.69
GS,短期,25,True,True,3,3,32.0,31.6,-0.4,12.0,12.44,2.0,2.39
GS,短期,30,True,True,4,4,29.0,29.4,0.4,8.0,8.01,12.0,11.58
GS,短期,33,True,True,1,1,39.0,39.3,0.3,-8.0,-8.02,1.0,0.62
GS,中期,38,True,True,2,2,51.0,51.4,0.4,47.0,46.51,-7.0,-7.0
GS,中期,41,True,True,1,1,58.0,58.0,0.0,35.0,34.69,-4.0,-3.8
GS,中期,44,True,True,3,3,49.0,49.3,0.3,14.0,14.19,3.0,2.6
GS,長期,80,True,True,1,1,98.0,98.2,0.2,81.0,81.01,23.0,22.85
GS,長期,83,True,True,5,5,94.0,94.1,0.1,123.0,123.21,28.0,28.09
GS,長期,88,True,True,4,4,96.0,95.5,-0.5,129.0,128.97,24.0,24.04
GS,長期,91,True,True,3,3,96.0,96.1,0.1,121.0,120.81,18.0,18.28
GS,長期,109,True,True,2,2,97.0,97.3,0.3,159.0,158.89,16.0,16.03
HD,短期,15,True,True,3,4,42.0,38.4,-3.6,10.0,-0.68,10.0,10.49
HD,短期,20,True,True,4,5,40.0,36.3,-3.7,-4.0,-12.66,-5.0,-5.11
HD,短期,23,True,True,1,1,45.0,44.9,-0.1,-6.0,-6.07,-12.0,-12.44
HD,短期,26,True,True,5,3,40.0,39.9,-0.1,-4.0,-4.3,-6.0,-5.74
HD,短期,33,True,True,2,2,42.0,42.5,0.5,-3.0,-3.42,-2.0,-1.9
HD,中期,38,True,True,3,3,60.0,59.6,-0.4,-2.0,-2.07,1.0,1.16
HD,中期,41,True,True,1,1,72.0,71.6,-0.4,1.0,0.69,3.0,2.98
HD,中期,45,True,True,2,2,69.0,68.7,-0.3,5.0,4.71,5.0,5.05
HD,長期,71,True,True,1,1,97.0,96.8,-0.2,-2.0,-7.84,10.0,9.62
HD,長期,74,True,True,3,3,91.0,91.1,0.1,2.0,-3.52,9.0,9.43
HD,長期,89,True,True,4,4,90.0,90.2,0.2,9.0,9.44,7.0,7.0
HD,長期,92,True,True,2,2,95.0,94.7,-0.3,-8.0,-8.05,-5.0,-4.69
HD,長期,95,True,True,5,5,88.0,87.7,-0.3,-7.0,-6.51,-3.0,-2.87
IBM,短期,15,True,True,3,3,38.0,37.6,-0.4,-28.0,-28.13,7.0,7.25
IBM,短期,19,True,True,5,4,34.0,33.7,-0.3,-16.0,-15.94,0.0,-0.1
IBM,短期,27,True,True,4,5,35.0,33.7,-1.3,-38.0,-39.31,-13.0,-15.15
IBM,短期,30,True,True,2,2,44.0,42.7,-1.3,-36.0,-37.73,-5.0,-6.86
IBM,短期,33,True,True,1,1,48.0,48.4,0.4,-29.0,-29.38,-3.0,-2.97
IBM,中期,34,True,True,3,3,49.0,49.6,0.6,-16.0,-15.85,10.0,10.5
IBM,中期,37,True,True,1,1,59.0,58.7,-0.3,-33.0,-33.55,-7.0,-6.92
IBM,中期,40,True,True,4,4,48.0,45.9,-2.1,-35.0,-36.15,0.0,-2.23
IBM,中期,45,True,True,2,2,53.0,54.9,1.9,-10.0,-9.98,-12.0,-10.92
IBM,長期,82,True,True,3,3,82.0,82.5,0.5,5.0,4.97,0.0,-0.37
IBM,長期,85,True,True,1,1,96.0,95.8,-0.2,-18.0,-17.8,-9.0,-8.59
IBM,長期,109,True,True,2,2,89.0,89.1,0.1,-1.0,-1.36,15.0,15.07
INTC,短期,15,True,True,2,2,63.0,63.2,0.2,288.0,288.32,83.0,82.74
INTC,短期,18,True,True,4,4,62.0,62.4,0.4,355.0,355.43,76.0,75.84
INTC,短期,26,True,True,3,3,62.0,62.5,0.5,355.0,355.49,16.0,15.72
INTC,短期,29,True,True,5,5,58.0,57.9,-0.1,293.0,293.17,49.0,48.82
INTC,短期,32,True,True,1,1,68.0,68.1,0.1,361.0,360.64,50.0,49.92
INTC,中期,34,False,True,,2,,63.3,,,224.71,,53.42
INTC,中期,36,True,False,2,,63.0,,,193.0,,19.0,
INTC,中期,39,True,True,3,3,63.0,63.1,0.1,243.0,242.67,-14.0,-13.88
INTC,中期,42,True,True,1,1,69.0,69.3,0.3,252.0,252.37,4.0,4.47
INTC,中期,45,True,True,4,4,63.0,63.1,0.1,91.0,90.74,4.0,3.79
INTC,長期,73,True,True,3,3,76.0,75.6,-0.4,189.0,188.97,11.0,10.94
INTC,長期,92,True,True,2,2,79.0,78.6,-0.4,215.0,215.09,34.0,33.7
INTC,長期,95,True,True,1,1,87.0,87.0,0.0,201.0,200.82,-2.0,-1.97
INTU,短期,20,True,True,4,4,44.0,43.6,-0.4,-24.0,-24.36,-19.0,-19.36
INTU,短期,24,True,True,2,2,50.0,50.4,0.4,-16.0,-15.68,-12.0,-12.34
INTU,短期,27,True,True,1,1,58.0,58.4,0.4,-25.0,-25.02,-16.0,-15.56
INTU,短期,30,True,True,3,3,47.0,46.6,-0.4,-35.0,-35.34,-18.0,-17.96
INTU,中期,34,True,True,3,3,40.0,40.3,0.3,-24.0,-24.21,-30.0,-29.5
INTU,中期,37,True,True,1,1,49.0,48.7,-0.3,-28.0,-28.03,-22.0,-21.57
INTU,中期,40,True,True,4,4,40.0,39.3,-0.7,-25.0,-24.95,-16.0,-15.63
INTU,中期,45,True,True,2,2,43.0,41.8,-1.2,-14.0,-13.59,-25.0,-25.43
INTU,長期,75,True,True,3,3,56.0,55.0,-1.0,-13.0,-12.63,-7.0,-7.01
INTU,長期,94,True,True,1,1,69.0,69.3,0.3,0.0,-0.28,32.0,32.34
INTU,長期,97,True,True,2,2,64.0,64.4,0.4,5.0,4.97,32.0,32.33
INTU,長期,108,True,True,4,4,55.0,54.7,-0.3,-13.0,-12.66,-1.0,-0.88
JNJ,短期,17,True,True,3,3,32.0,32.1,0.1,21.0,20.8,20.0,20.3
JNJ,短期,21,True,True,4,4,30.0,29.9,-0.1,18.0,18.38,16.0,16.45
JNJ,短期,26,True,True,1,1,37.0,36.8,-0.2,22.0,22.2,18.0,17.56
JNJ,短期,30,True,True,5,5,27.0,26.8,-0.2,11.0,11.04,9.0,9.11
JNJ,短期,33,True,True,2,2,35.0,35.2,0.2,17.0,16.6,12.0,12.18
JNJ,中期,42,True,True,2,2,62.0,61.6,-0.4,83.0,83.42,18.0,17.72
JNJ,中期,45,True,True,1,1,74.0,73.7,-0.3,80.0,79.72,13.0,13.5
JNJ,長期,46,True,True,4,4,72.0,72.5,0.5,60.0,60.0,3.0,2.87
JNJ,長期,54,True,True,3,3,74.0,73.5,-0.5,57.0,57.02,-1.0,-0.86
JNJ,長期,62,True,True,1,1,78.0,77.9,-0.1,70.0,69.56,-3.0,-3.25
JNJ,長期,65,True,True,5,5,72.0,71.7,-0.3,54.0,53.91,-14.0,-13.98
JNJ,長期,68,True,True,2,2,75.0,75.4,0.4,54.0,54.38,-11.0,-11.13
KMB,短期,15,True,True,1,1,30.0,29.5,-0.5,-22.0,-21.56,-9.0,-9.06
KMB,短期,18,True,True,3,3,26.0,25.5,-0.5,-27.0,-26.57,-8.0,-8.41
KMB,短期,22,True,True,5,5,24.0,24.0,0.0,-20.0,-19.66,-7.0,-7.09
KMB,短期,25,True,True,2,2,29.0,29.2,0.2,-19.0,-19.04,-7.0,-6.77
KMB,短期,33,True,True,4,4,25.0,24.8,-0.2,-9.0,-8.54,-13.0,-13.13
KMB,中期,44,True,True,1,1,54.0,54.2,0.2,-15.0,-14.77,-16.0,-15.75
KMB,長期,51,True,True,3,3,77.0,76.9,-0.1,-13.0,-12.51,-11.0,-11.49
KMB,長期,54,True,True,2,2,84.0,83.5,-0.5,-20.0,-20.19,-20.0,-19.82
KMB,長期,109,True,True,1,1,86.0,86.2,0.2,-12.0,-12.18,-11.0,-11.15
KO,短期,15,True,True,2,2,40.0,39.7,-0.3,13.0,12.53,-6.0,-5.72
KO,短期,18,True,True,5,5,34.0,34.2,0.2,16.0,15.96,3.0,3.28
KO,短期,23,True,True,4,4,36.0,36.1,0.1,14.0,14.34,-1.0,-0.98
KO,短期,26,True,True,3,3,39.0,38.8,-0.2,11.0,11.49,0.0,-0.17
KO,短期,31,True,True,1,1,48.0,48.0,0.0,3.0,3.13,-4.0,-4.24
KO,中期,34,True,True,2,2,33.0,32.7,-0.3,10.0,10.47,-4.0,-4.28
KO,中期,37,True,True,1,1,34.0,34.0,0.0,23.0,22.55,13.0,12.54
KO,中期,42,True,True,4,4,28.0,27.5,-0.5,23.0,22.55,3.0,2.57
KO,中期,45,True,True,3,3,31.0,31.0,0.0,29.0,28.64,22.0,21.76
KO,長期,84,True,True,5,5,90.0,89.9,-0.1,16.0,16.33,5.0,5.15
KO,長期,87,True,True,4,4,91.0,90.8,-0.2,19.0,19.11,8.0,7.87
KO,長期,90,True,True,2,2,91.0,90.9,-0.1,24.0,23.91,17.0,17.33
KO,長期,93,True,True,1,1,92.0,92.3,0.3,17.0,17.16,10.0,9.6
KO,長期,101,True,True,3,3,91.0,90.9,-0.1,18.0,18.44,9.0,9.26
LCII,短期,33,True,True,1,1,56.0,55.7,-0.3,39.0,38.9,7.0,7.4
LCII,中期,36,True,True,3,3,56.0,56.0,0.0,28.0,27.7,-11.0,-10.92
LCII,中期,41,True,True,2,2,61.0,60.5,-0.5,-3.0,-3.18,-16.0,-15.8
LCII,中期,44,True,True,1,1,61.0,61.1,0.1,18.0,18.21,-27.0,-27.22
LCII,長期,46,True,True,2,2,52.0,52.2,0.2,-30.0,-29.98,-26.0,-25.93
LCII,長期,50,True,True,3,3,52.0,52.0,0.0,-40.0,-39.58,-31.0,-30.72
LCII,長期,53,True,True,1,1,64.0,63.9,-0.1,-28.0,-27.83,-18.0,-17.65
LCII,長期,56,True,True,4,4,49.0,49.3,0.3,-30.0,-29.84,-23.0,-23.38
LLY,短期,16,True,True,2,2,46.0,45.5,-0.5,9.0,9.32,1.0,1.44
LLY,短期,33,True,True,1,1,55.0,55.2,0.2,33.0,32.79,26.0,25.62
LLY,中期,34,True,True,1,1,48.0,48.5,0.5,5.0,5.09,10.0,9.89
LLY,中期,37,True,True,3,3,42.0,42.0,0.0,-2.0,-2.4,-21.0,-20.94
LLY,中期,40,True,True,2,2,48.0,48.4,0.4,-23.0,-23.43,-9.0,-8.7
LLY,中期,43,True,True,4,4,38.0,38.3,0.3,28.0,28.26,16.0,16.08
LLY,長期,110,True,True,1,1,76.0,75.5,-0.5,-26.0,-26.15,-20.0,-20.45
LMT,短期,15,True,True,1,1,74.0,73.4,-0.6,36.0,35.97,15.0,15.06
LMT,短期,18,True,True,4,4,63.0,64.2,1.2,24.0,23.93,13.0,12.84
LMT,短期,26,True,True,2,2,67.0,67.4,0.4,45.0,44.96,22.0,21.92
LMT,短期,33,True,True,3,3,66.0,65.5,-0.5,38.0,38.04,23.0,22.63
LMT,中期,35,True,True,1,1,65.0,64.9,-0.1,17.0,17.27,7.0,7.26
LMT,中期,38,True,True,2,2,58.0,58.2,0.2,1.0,1.21,7.0,6.99
LMT,中期,42,True,True,3,3,55.0,54.9,-0.1,-12.0,-12.42,-21.0,-20.57
LMT,長期,72,True,True,1,1,90.0,90.4,0.4,9.0,9.43,-7.0,-6.79
LMT,長期,75,True,True,4,5,84.0,84.3,0.3,3.0,3.43,-10.0,-9.99
LMT,長期,96,True,True,5,4,84.0,84.3,0.3,-3.0,-2.65,10.0,9.97
LMT,長期,101,True,True,3,3,87.0,87.4,0.4,0.0,0.11,-2.0,-1.91
LMT,長期,105,True,True,2,2,88.0,87.8,-0.2,2.0,1.5,0.0,0.3
LULU,短期,17,True,True,1,1,50.0,50.4,0.4,-36.0,-35.57,-25.0,-24.85
LULU,短期,20,True,True,2,2,44.0,43.8,-0.2,-37.0,-37.27,-20.0,-19.95
LULU,短期,28,True,True,3,3,37.0,37.0,0.0,-39.0,-39.11,-28.0,-27.83
LULU,中期,36,True,True,3,3,48.0,47.8,-0.2,-17.0,-16.79,-15.0,-14.93
LULU,中期,39,True,True,1,1,58.0,58.0,0.0,-4.0,-4.14,-10.0,-10.09
LULU,中期,44,True,True,2,2,58.0,57.5,-0.5,3.0,3.01,-13.0,-13.24
LULU,長期,91,True,True,4,4,82.0,81.9,-0.1,-6.0,-5.83,-2.0,-2.39
LULU,長期,96,True,True,3,3,84.0,84.5,0.5,-34.0,-33.64,0.0,-0.05
LULU,長期,99,True,True,1,1,94.0,94.3,0.3,-25.0,-24.51,12.0,11.77
LULU,長期,103,True,True,2,2,86.0,85.7,-0.3,-8.0,-8.49,22.0,21.55
LULU,長期,106,True,True,5,5,82.0,81.8,-0.2,-11.0,-10.52,4.0,4.49
META,短期,20,True,True,2,2,61.0,61.4,0.4,2.0,1.87,-5.0,-4.89
META,短期,28,True,True,3,3,60.0,60.5,0.5,-13.0,-12.7,-6.0,-5.89
META,短期,31,True,True,1,1,70.0,69.8,-0.2,-25.0,-24.84,-11.0,-11.27
META,中期,34,True,True,1,1,62.0,62.2,0.2,-14.0,-14.28,-9.0,-9.02
META,中期,37,True,True,3,3,54.0,54.2,0.2,-25.0,-24.52,-28.0,-28.36
META,中期,41,True,True,4,4,49.0,49.3,0.3,-11.0,-10.71,-27.0,-26.56
META,中期,44,True,True,2,2,59.0,59.0,0.0,10.0,9.53,-21.0,-20.54
META,長期,101,True,True,4,4,86.0,85.6,-0.4,268.0,267.89,-20.0,-19.88
META,長期,104,True,True,3,3,94.0,94.1,0.1,249.0,248.58,-18.0,-18.44
META,長期,107,True,True,2,2,95.0,94.9,-0.1,67.0,67.11,-13.0,-13.31
META,長期,110,True,True,1,1,98.0,98.1,0.1,275.0,275.01,3.0,2.86
MLR,短期,15,True,True,1,1,26.0,26.1,0.1,-26.0,-25.86,-23.0,-23.45
MLR,短期,18,True,True,2,2,23.0,23.3,0.3,-33.0,-32.5,-29.0,-29.37
MLR,短期,21,True,True,3,3,15.0,14.8,-0.2,-36.0,-35.7,-30.0,-30.16
MLR,短期,24,True,True,4,4,14.0,13.6,-0.4,-41.0,-40.91,-31.0,-31.24
MLR,短期,33,True,True,5,5,13.0,13.4,0.4,-29.0,-28.58,-28.0,-27.9
MLR,中期,35,True,True,1,1,16.0,14.7,-1.3,-30.0,-30.27,-30.0,-30.18
MLR,中期,38,True,True,2,2,14.0,13.3,-0.7,-16.0,-16.13,-21.0,-20.7
MLR,中期,42,True,True,4,4,8.0,8.0,0.0,-26.0,-27.18,-30.0,-29.71
MLR,中期,45,True,True,3,3,12.0,12.3,0.3,-17.0,-17.47,-24.0,-24.29
MLR,長期,67,True,True,5,5,86.0,85.7,-0.3,42.0,42.23,-9.0,-9.47
MLR,長期,99,True,True,4,4,87.0,86.9,-0.1,134.0,133.71,16.0,16.46
MLR,長期,102,True,True,2,2,93.0,92.6,-0.4,155.0,155.25,28.0,28.0
MLR,長期,105,True,True,3,3,90.0,89.6,-0.4,52.0,51.61,-2.0,-1.99
MLR,長期,110,True,True,1,1,96.0,96.2,0.2,167.0,167.11,39.0,39.4
MMS,短期,18,True,True,4,3,53.0,53.8,0.8,-21.0,-34.28,-23.0,-23.03
MMS,短期,22,True,True,5,5,49.0,50.4,1.4,-19.0,-31.96,-20.0,-19.75
MMS,短期,25,True,True,3,4,54.0,53.7,-0.3,-13.0,-12.62,-21.0,-21.19
MMS,短期,28,True,True,1,1,60.0,58.7,-1.3,-9.0,-9.39,-5.0,-5.33
MMS,短期,31,True,True,2,2,56.0,54.7,-1.3,-11.0,-11.3,-17.0,-16.6
MMS,中期,34,True,True,3,3,38.0,37.6,-0.4,-29.0,-28.86,-17.0,-16.55
MMS,中期,37,True,True,2,2,41.0,39.5,-1.5,-27.0,-26.55,-23.0,-23.23
MMS,中期,40,True,True,1,1,46.0,44.7,-1.3,-28.0,-27.72,-20.0,-19.95
MMS,中期,43,True,True,4,4,34.0,33.3,-0.7,-26.0,-25.88,-11.0,-11.06
MMS,長期,96,True,True,4,4,93.0,92.7,-0.3,-3.0,-2.56,-3.0,-3.14
MMS,長期,101,True,True,2,2,95.0,94.9,-0.1,-7.0,-7.41,3.0,3.04
MMS,長期,104,True,True,1,1,96.0,96.3,0.3,-2.0,-1.53,4.0,4.02
MMS,長期,107,True,True,5,5,91.0,91.2,0.2,-2.0,-1.86,4.0,3.85
MMS,長期,110,True,True,3,3,93.0,93.4,0.4,-3.0,-3.22,1.0,1.0
MP,短期,15,True,True,3,3,57.0,56.7,-0.3,14.0,14.47,-9.0,-8.55
MP,短期,18,True,True,4,4,54.0,54.4,0.4,6.0,6.37,1.0,1.41
MP,短期,21,True,True,5,5,51.0,50.6,-0.4,-21.0,-21.34,-13.0,-12.91
MP,短期,28,True,True,2,2,58.0,58.5,0.5,-21.0,-21.37,1.0,1.27
MP,短期,32,True,True,1,1,61.0,61.3,0.3,-16.0,-16.4,15.0,15.46
MP,中期,34,True,True,1,1,54.0,54.3,0.3,91.0,90.53,26.0,25.86
MP,中期,37,True,True,2,2,53.0,52.9,-0.1,94.0,94.25,37.0,37.0
MP,中期,40,True,True,4,4,51.0,50.7,-0.3,141.0,140.64,34.0,33.59
MP,中期,43,True,True,3,3,52.0,52.5,0.5,115.0,115.46,34.0,34.32
MP,長期,46,True,True,5,5,42.0,41.6,-0.4,130.0,130.46,-2.0,-2.5
MP,長期,54,True,True,3,3,43.0,43.2,0.2,86.0,85.8,1.0,0.57
MP,長期,57,True,True,1,1,50.0,49.5,-0.5,57.0,57.09,7.0,6.93
MP,長期,96,True,True,4,4,42.0,41.7,-0.3,-29.0,-29.17,-18.0,-17.91
MP,長期,108,True,True,2,2,44.0,44.6,0.6,-2.0,-2.45,13.0,13.03
MSFT,短期,29,True,True,2,2,48.0,48.1,0.1,10.0,9.76,2.0,1.91
MSFT,短期,32,True,True,1,1,54.0,53.7,-0.3,19.0,19.39,7.0,6.98
MSFT,中期,39,True,True,3,3,60.0,59.8,-0.2,23.0,22.93,-6.0,-6.13
MSFT,中期,42,True,True,1,1,69.0,69.2,0.2,5.0,5.15,-1.0,-1.0
MSFT,中期,45,True,True,2,2,63.0,63.1,0.1,-5.0,-5.33,-15.0,-15.35
MSFT,長期,52,True,True,2,2,78.0,78.3,0.3,28.0,28.35,-6.0,-5.55
MSFT,長期,55,True,True,5,5,74.0,73.7,-0.3,38.0,37.86,-5.0,-5.0
MSFT,長期,58,True,True,3,3,77.0,77.1,0.1,48.0,47.54,8.0,7.71
MSFT,長期,61,True,True,1,1,88.0,87.8,-0.2,17.0,16.9,-4.0,-3.95
MSFT,長期,64,True,True,4,4,76.0,75.9,-0.1,13.0,12.81,9.0,8.73
MU,短期,26,True,True,1,1,75.0,75.3,0.3,515.0,515.02,77.0,76.69
MU,短期,29,True,True,2,2,66.0,65.9,-0.1,579.0,579.48,88.0,88.49
MU,短期,33,True,True,3,3,62.0,62.3,0.3,529.0,528.57,45.0,45.02
MU,中期,34,True,True,1,1,60.0,60.5,0.5,265.0,265.36,33.0,33.06
MU,中期,38,True,True,2,2,54.0,53.5,-0.5,340.0,340.25,122.0,121.78
MU,中期,45,True,True,3,3,50.0,50.0,0.0,250.0,250.12,69.0,69.12
MU,長期,50,True,True,4,4,51.0,51.2,0.2,417.0,417.18,82.0,82.4
MU,長期,53,True,True,2,2,64.0,63.9,-0.1,433.0,433.12,87.0,87.26
MU,長期,67,True,True,5,5,50.0,50.5,0.5,313.0,313.44,88.0,88.1
MU,長期,107,True,True,3,3,57.0,56.7,-0.3,1055.0,1054.56,81.0,80.63
MU,長期,110,True,True,1,1,64.0,64.4,0.4,944.0,944.16,81.0,81.06
NFLX,短期,15,True,True,1,1,57.0,56.7,-0.3,0.0,0.4,-11.0,-11.25
NFLX,短期,18,True,True,4,4,43.0,42.9,-0.1,-11.0,-11.23,-5.0,-4.78
NFLX,短期,28,True,True,3,3,51.0,50.6,-0.4,2.0,1.95,-9.0,-8.67
NFLX,短期,32,True,True,2,2,55.0,55.1,0.1,1.0,1.23,-2.0,-2.18
NFLX,中期,36,True,True,3,3,63.0,63.2,0.2,29.0,28.57,4.0,3.79
NFLX,中期,39,True,True,1,1,67.0,67.3,0.3,29.0,29.1,1.0,0.82
NFLX,中期,42,True,True,4,4,58.0,58.2,0.2,7.0,6.51,-10.0,-10.19
NFLX,中期,45,True,True,2,2,64.0,64.2,0.2,3.0,2.78,-12.0,-12.18
NFLX,長期,78,True,True,3,3,74.0,74.2,0.2,62.0,62.31,9.0,9.44
NFLX,長期,81,True,True,1,1,87.0,87.0,0.0,60.0,59.84,13.0,13.3
NFLX,長期,109,True,True,2,2,79.0,79.0,0.0,10.0,10.3,-5.0,-4.56
NKE,短期,17,True,True,2,2,47.0,47.4,0.4,-42.0,-41.56,-16.0,-15.96
NKE,短期,20,True,True,1,1,55.0,55.2,0.2,-37.0,-37.35,-10.0,-10.42
NKE,短期,23,True,True,3,3,47.0,47.1,0.1,-33.0,-33.11,-11.0,-11.44
NKE,短期,28,True,True,4,4,47.0,46.7,-0.3,-36.0,-35.86,-12.0,-11.91
NKE,中期,34,True,True,3,3,22.0,21.8,-0.2,-39.0,-39.28,-15.0,-14.96
NKE,中期,38,True,True,4,4,20.0,19.5,-0.5,-35.0,-35.42,-16.0,-15.85
NKE,中期,41,True,True,2,2,29.0,28.8,-0.2,-34.0,-34.12,-4.0,-4.08
NKE,中期,45,True,True,1,1,30.0,29.6,-0.4,-33.0,-33.15,6.0,5.77
NKE,長期,92,True,True,4,4,73.0,73.1,0.1,-31.0,-31.19,-9.0,-8.86
NKE,長期,102,True,True,2,2,83.0,82.8,-0.2,-33.0,-32.97,-2.0,-1.93
NKE,長期,105,True,True,3,3,79.0,78.8,-0.2,-27.0,-27.35,-6.0,-6.11
NKE,長期,108,True,True,1,1,87.0,86.7,-0.3,-22.0,-21.58,-8.0,-7.5
NOK,短期,19,True,True,2,2,69.0,69.1,0.1,57.0,56.99,10.0,10.05
NOK,短期,27,True,True,3,3,62.0,62.0,0.0,134.0,134.01,15.0,14.71
NOK,短期,30,True,True,1,1,75.0,75.1,0.1,57.0,56.61,38.0,38.18
NOK,中期,34,True,True,3,3,49.0,49.0,0.0,93.0,92.83,42.0,41.74
NOK,中期,41,True,True,1,1,64.0,63.6,-0.4,101.0,100.74,24.0,23.52
NOK,中期,44,True,True,2,2,59.0,58.6,-0.4,123.0,123.31,27.0,27.45
NOK,長期,88,True,True,3,3,70.0,70.6,0.6,107.0,107.08,6.0,5.71
NOK,長期,92,True,True,2,2,72.0,72.4,0.4,136.0,136.08,20.0,19.58
NOK,長期,106,True,True,4,4,64.0,64.1,0.1,7.0,6.84,10.0,10.24
NOK,長期,109,True,True,1,1,75.0,74.8,-0.2,5.0,5.21,14.0,13.54
NU,短期,16,True,True,2,2,60.0,60.4,0.4,-13.0,-13.05,-20.0,-19.87
NU,短期,20,True,True,4,4,55.0,54.7,-0.3,3.0,2.92,-12.0,-12.5
NU,短期,25,True,True,3,3,58.0,57.9,-0.1,-13.0,-13.47,-11.0,-10.79
NU,短期,28,True,True,1,1,61.0,60.6,-0.4,-8.0,-8.34,-9.0,-9.34
NU,短期,31,True,True,5,5,50.0,49.6,-0.4,-7.0,-6.77,-9.0,-9.25
NU,中期,35,True,True,2,2,40.0,40.2,0.2,-7.0,-7.04,-18.0,-17.7
NU,中期,45,True,True,1,1,49.0,48.6,-0.4,0.0,0.43,-9.0,-8.73
NU,長期,53,True,True,4,4,82.0,82.0,0.0,26.0,25.57,7.0,7.42
NU,長期,76,True,True,2,2,88.0,88.0,0.0,60.0,60.25,20.0,19.67
NU,長期,80,True,True,1,1,91.0,91.3,0.3,64.0,63.81,17.0,16.84
NU,長期,83,True,True,3,3,86.0,86.6,0.6,33.0,33.12,17.0,16.24
NU,長期,87,True,True,5,5,78.0,77.9,-0.1,52.0,53.64,20.0,21.39
NVO,短期,16,True,True,2,2,55.0,54.7,-0.3,11.0,10.96,12.0,11.79
NVO,短期,19,True,True,3,3,50.0,49.7,-0.3,18.0,17.92,3.0,3.2
NVO,短期,25,True,True,4,4,49.0,49.4,0.4,-12.0,-12.02,-3.0,-2.86
NVO,短期,28,True,True,1,1,62.0,61.5,-0.5,2.0,2.34,0.0,0.47
NVO,短期,31,True,True,5,5,47.0,46.7,-0.3,20.0,19.88,8.0,7.99
NVO,中期,39,True,True,3,3,46.0,45.7,-0.3,-35.0,-34.53,-17.0,-17.25
NVO,中期,42,True,True,1,1,60.0,60.0,0.0,-29.0,-29.48,-16.0,-16.01
NVO,中期,45,True,True,2,2,52.0,51.7,-0.3,-34.0,-33.64,-17.0,-17.12
NVO,長期,82,True,True,4,4,81.0,81.5,0.5,-16.0,-16.36,-6.0,-6.29
NVO,長期,85,True,True,1,1,85.0,85.1,0.1,-23.0,-23.17,-5.0,-5.46
NVO,長期,90,True,True,2,2,82.0,82.2,0.2,-21.0,-20.73,-19.0,-18.58
NVO,長期,96,True,True,3,3,82.0,81.6,-0.4,15.0,15.49,-10.0,-10.14
NVO,長期,99,True,True,5,5,77.0,77.0,0.0,-24.0,-24.31,-8.0,-8.18
ODFL,短期,15,True,True,1,1,50.0,49.8,-0.2,5.0,5.0,8.0,8.1
ODFL,短期,18,True,True,2,2,44.0,44.5,0.5,25.0,25.28,7.0,6.89
ODFL,短期,23,True,True,3,3,43.0,42.7,-0.3,14.0,13.81,-8.0,-8.45
ODFL,中期,36,True,True,3,3,46.0,45.7,-0.3,-9.0,-9.34,-7.0,-7.02
ODFL,中期,39,True,True,1,1,54.0,54.0,0.0,-16.0,-15.76,-16.0,-16.17
ODFL,中期,44,True,True,2,2,52.0,52.5,0.5,-12.0,-12.42,-17.0,-16.87
ODFL,長期,72,True,True,3,3,71.0,70.7,-0.3,-8.0,-8.05,4.0,3.99
ODFL,長期,81,True,True,5,5,67.0,66.7,-0.3,13.0,12.93,12.0,12.42
ODFL,長期,84,True,True,4,4,70.0,69.7,-0.3,20.0,20.02,18.0,18.5
ODFL,長期,92,True,True,2,2,72.0,71.9,-0.1,-8.0,-7.75,31.0,31.13
ODFL,長期,95,True,True,1,1,82.0,81.6,-0.4,-10.0,-9.87,32.0,31.53
PEP,短期,17,True,True,3,3,37.0,36.6,-0.4,-13.0,-13.26,0.0,-0.37
PEP,短期,22,True,True,1,1,49.0,49.4,0.4,1.0,0.65,8.0,8.01
PEP,短期,25,True,True,2,2,38.0,38.2,0.2,-7.0,-6.97,-4.0,-4.34
PEP,中期,42,True,True,2,2,47.0,46.6,-0.4,-21.0,-20.57,-10.0,-10.47
PEP,中期,45,True,True,1,1,58.0,57.5,-0.5,-19.0,-19.0,-9.0,-9.04
PEP,長期,96,True,True,5,5,79.0,79.3,0.3,-24.0,-23.86,-20.0,-20.27
PEP,長期,99,True,True,2,2,84.0,84.2,0.2,-18.0,-18.42,-18.0,-18.01
PEP,長期,102,True,True,1,1,86.0,86.2,0.2,-17.0,-17.37,-16.0,-16.22
PEP,長期,105,True,True,3,3,84.0,83.8,-0.2,-17.0,-17.19,-18.0,-18.34
PEP,長期,108,True,True,4,4,81.0,80.8,-0.2,-10.0,-10.45,-13.0,-13.07
PGR,短期,15,True,True,3,3,32.0,32.4,0.4,-16.0,-16.12,-10.0,-10.34
PGR,短期,18,True,True,5,5,30.0,30.1,0.1,-23.0,-23.05,-14.0,-14.08
PGR,短期,27,True,True,4,4,32.0,32.2,0.2,-17.0,-16.7,-14.0,-13.53
PGR,短期,30,True,True,2,2,33.0,32.9,-0.1,-19.0,-18.58,-13.0,-12.61
PGR,短期,33,True,True,1,1,44.0,44.0,0.0,-21.0,-21.18,-9.0,-9.3
PGR,中期,34,True,True,2,2,44.0,44.4,0.4,-25.0,-24.94,-23.0,-22.59
PGR,中期,37,True,True,3,3,39.0,38.7,-0.3,-30.0,-29.7,-15.0,-15.07
PGR,中期,40,True,True,1,1,47.0,47.1,0.1,-16.0,-16.25,-10.0,-10.34
PGR,中期,43,True,True,4,4,37.0,37.0,0.0,-26.0,-26.18,-26.0,-25.81
PGR,長期,83,True,True,2,2,73.0,72.9,-0.1,76.0,78.88,10.0,10.26
PGR,長期,86,True,True,1,1,75.0,74.9,-0.1,80.0,83.27,10.0,9.84
PGR,長期,92,True,True,3,3,73.0,72.8,-0.2,68.0,70.26,5.0,5.1
PGR,長期,95,True,True,4,4,73.0,72.6,-0.4,66.0,68.02,31.0,31.16
PGR,長期,98,True,False,5,,72.0,,,71.0,,31.0,
PGR,長期,99,False,True,,5,,71.4,,,70.08,,32.63
PLTR,短期,17,True,True,2,2,59.0,59.0,0.0,5.0,5.37,-1.0,-1.28
PLTR,短期,22,True,True,3,3,58.0,58.0,0.0,-19.0,-19.14,7.0,7.44
PLTR,短期,25,True,True,4,4,53.0,52.8,-0.2,-31.0,-30.57,-15.0,-14.81
PLTR,短期,31,True,True,1,1,65.0,65.4,0.4,-19.0,-19.42,-16.0,-15.7
PLTR,中期,34,True,True,1,1,50.0,49.9,-0.1,135.0,134.57,59.0,59.28
PLTR,中期,37,True,True,3,3,41.0,40.8,-0.2,115.0,115.16,-16.0,-15.69
PLTR,中期,40,True,True,4,4,38.0,38.4,0.4,187.0,187.41,-18.0,-17.6
PLTR,中期,43,True,True,2,2,42.0,41.5,-0.5,293.0,292.57,17.0,17.2
PLTR,長期,86,True,True,2,2,83.0,83.3,0.3,240.0,240.29,-9.0,-8.85
PLTR,長期,89,True,True,5,5,78.0,77.7,-0.3,214.0,214.46,-12.0,-12.31
PLTR,長期,94,True,True,4,4,78.0,77.9,-0.1,521.0,521.49,-12.0,-11.6
PLTR,長期,97,True,True,1,1,86.0,86.4,0.4,570.0,569.82,2.0,2.04
PLTR,長期,100,True,True,3,3,83.0,82.6,-0.4,608.0,608.15,10.0,10.16
PYPL,短期,18,True,True,2,2,36.0,36.4,0.4,-22.0,-21.87,-23.0,-22.86
PYPL,短期,21,True,True,1,1,49.0,49.2,0.2,-8.0,-8.32,-5.0,-4.68
PYPL,短期,24,True,True,3,3,36.0,36.0,0.0,-11.0,-10.99,-18.0,-17.72
PYPL,中期,34,True,True,4,4,27.0,26.9,-0.1,5.0,4.61,-16.0,-15.52
PYPL,中期,37,True,True,3,3,34.0,34.5,0.5,22.0,22.05,-1.0,-1.38
PYPL,中期,42,True,True,1,1,37.0,37.0,0.0,43.0,42.57,16.0,15.97
PYPL,中期,45,True,True,2,2,35.0,35.1,0.1,51.0,50.94,13.0,12.81
PYPL,長期,58,True,True,3,3,73.0,72.7,-0.3,12.0,12.06,9.0,9.4
PYPL,長期,66,True,True,1,1,79.0,79.0,0.0,-3.0,-3.27,11.0,11.4
PYPL,長期,71,True,True,4,4,70.0,69.6,-0.4,-14.0,-13.51,11.0,11.18
PYPL,長期,74,True,True,2,2,78.0,78.3,0.3,-12.0,-12.4,6.0,6.2
PYPL,長期,77,True,True,5,5,66.0,66.5,0.5,-4.0,-4.31,16.0,16.1
QCOM,短期,26,True,True,3,3,75.0,75.1,0.1,11.0,11.18,-11.0,-11.41
QCOM,短期,29,True,True,2,2,79.0,79.4,0.4,10.0,10.1,9.0,8.97
QCOM,短期,32,True,True,1,1,85.0,84.8,-0.2,14.0,13.83,11.0,11.38
QCOM,中期,34,True,True,1,1,74.0,73.9,-0.1,-2.0,-1.95,7.0,7.06
QCOM,中期,38,True,True,2,2,68.0,67.7,-0.3,12.0,12.14,16.0,15.58
QCOM,長期,63,True,True,4,4,89.0,89.2,0.2,47.0,46.58,13.0,12.6
QCOM,長期,96,True,True,5,5,89.0,89.1,0.1,13.0,13.03,0.0,-0.33
QCOM,長期,103,True,True,3,3,92.0,92.0,0.0,45.0,45.3,37.0,36.58
QCOM,長期,106,True,True,1,1,97.0,96.7,-0.3,44.0,44.09,35.0,35.18
QCOM,長期,110,True,True,2,2,93.0,93.3,0.3,36.0,36.32,37.0,36.58
ROST,短期,21,True,False,4,,74.0,,,54.0,,27.0,
ROST,短期,22,False,True,,3,,78.8,,,52.01,,17.29
ROST,短期,24,True,False,2,,83.0,,,56.0,,26.0,
ROST,短期,25,False,True,,2,,82.8,,,51.73,,26.0
ROST,短期,27,True,False,1,,86.0,,,49.0,,28.0,
ROST,短期,28,False,True,,1,,86.0,,,47.46,,27.91
ROST,短期,30,True,False,3,,79.0,,,41.0,,30.0,
ROST,短期,31,False,True,,4,,71.4,,,40.75,,29.82
ROST,中期,36,True,True,3,3,75.0,74.6,-0.4,26.0,25.86,13.0,13.17
ROST,中期,39,True,True,1,1,79.0,78.5,-0.5,28.0,27.64,25.0,24.94
ROST,中期,42,True,True,4,4,74.0,73.9,-0.1,26.0,25.85,23.0,23.43
ROST,中期,45,True,True,2,2,77.0,77.0,0.0,40.0,40.43,25.0,25.1
ROST,長期,49,True,True,2,2,96.0,95.9,-0.1,31.0,31.45,19.0,19.3
ROST,長期,52,True,True,1,1,97.0,97.3,0.3,59.0,59.26,34.0,34.26
ROST,長期,55,True,True,3,3,93.0,92.6,-0.4,34.0,33.68,22.0,21.53
ROST,長期,110,True,True,4,4,83.0,82.9,-0.1,38.0,37.51,13.0,13.09
RRX,短期,15,True,True,5,5,48.0,49.1,1.1,-15.0,-14.89,-17.0,-17.39
RRX,短期,18,True,True,4,4,49.0,49.3,0.3,0.0,1.2,-5.0,-3.41
RRX,短期,21,True,True,1,1,56.0,57.3,1.3,2.0,4.67,-3.0,-0.81
RRX,短期,28,True,True,2,3,54.0,53.8,-0.2,-7.0,-6.63,-14.0,-13.92
RRX,短期,32,True,True,3,2,53.0,54.0,1.0,-16.0,-14.04,-2.0,-0.59
RRX,中期,34,True,True,1,1,39.0,39.3,0.3,-24.0,-23.58,-14.0,-14.3
RRX,中期,37,True,True,2,2,26.0,26.1,0.1,-22.0,-22.14,-10.0,-9.8
RRX,中期,44,True,True,3,3,26.0,25.5,-0.5,-45.0,-45.08,-16.0,-16.2
RRX,長期,100,True,True,3,3,33.0,32.7,-0.3,-38.0,-37.84,5.0,5.14
RRX,長期,103,True,True,2,2,34.0,34.5,0.5,-32.0,-32.48,3.0,3.22
RRX,長期,107,True,True,4,4,29.0,29.0,0.0,-38.0,-38.12,8.0,8.16
RRX,長期,110,True,True,1,1,43.0,42.8,-0.2,-25.0,-24.94,-4.0,-3.79
RTX,短期,24,True,True,3,3,53.0,53.1,0.1,20.0,19.67,5.0,4.87
RTX,短期,27,True,True,2,2,56.0,55.9,-0.1,23.0,23.28,14.0,14.16
RTX,短期,32,True,True,1,1,59.0,59.2,0.2,16.0,16.22,6.0,6.01
RTX,中期,34,False,True,,2,,60.6,,,60.77,,19.75
RTX,中期,42,True,True,2,3,60.0,60.4,0.4,71.0,70.74,12.0,11.68
RTX,中期,45,True,True,1,1,75.0,74.6,-0.4,66.0,66.07,8.0,8.07
RTX,長期,77,True,True,4,4,93.0,93.1,0.1,26.0,26.32,7.0,7.33
RTX,長期,80,True,True,3,3,93.0,93.3,0.3,37.0,36.81,19.0,18.73
RTX,長期,97,True,True,2,2,96.0,96.4,0.4,22.0,22.07,8.0,7.63
RTX,長期,100,True,True,1,1,98.0,98.0,0.0,20.0,19.5,12.0,12.18
RTX,長期,104,True,True,5,5,93.0,92.6,-0.4,66.0,65.95,13.0,13.26
SAIC,短期,17,True,True,2,2,53.0,52.9,-0.1,19.0,19.14,7.0,7.17
SAIC,短期,23,True,True,3,3,44.0,43.8,-0.2,-3.0,-2.63,-2.0,-2.17
SAIC,短期,31,True,True,1,1,56.0,55.6,-0.4,23.0,23.4,18.0,17.99
SAIC,中期,34,True,True,3,3,54.0,54.5,0.5,38.0,38.34,26.0,25.61
SAIC,中期,42,True,True,1,1,69.0,68.6,-0.4,26.0,25.55,31.0,30.84
SAIC,中期,45,True,True,2,2,64.0,63.7,-0.3,11.0,10.58,26.0,26.47
SAIC,長期,57,True,True,5,5,82.0,82.4,0.4,1.0,1.13,3.0,2.7
SAIC,長期,67,True,True,3,3,86.0,86.2,0.2,-23.0,-23.31,-16.0,-16.48
SAIC,長期,73,True,True,4,4,86.0,85.6,-0.4,-14.0,-13.81,-11.0,-11.33
SAIC,長期,105,True,True,2,2,88.0,87.5,-0.5,-11.0,-13.2,1.0,0.59
SAIC,長期,108,True,True,1,1,91.0,91.1,0.1,-2.0,-4.5,9.0,9.07
SBUX,短期,19,True,True,3,3,38.0,38.5,0.5,-27.0,-27.05,-6.0,-6.48
SBUX,短期,30,True,True,2,2,44.0,43.7,-0.3,-12.0,-12.38,0.0,-0.35
SBUX,短期,33,True,True,1,1,53.0,52.8,-0.2,-12.0,-12.34,-4.0,-3.7
SBUX,中期,35,True,True,1,1,56.0,55.9,-0.1,11.0,10.8,8.0,8.26
SBUX,中期,39,True,True,2,2,55.0,54.8,-0.2,23.0,22.91,15.0,15.22
SBUX,中期,42,True,True,3,3,47.0,46.7,-0.3,-1.0,-1.01,12.0,12.2
SBUX,中期,45,True,True,4,4,43.0,43.3,0.3,-1.0,-0.67,4.0,4.06
SBUX,長期,76,True,True,2,2,82.0,81.8,-0.2,-18.0,-17.6,-7.0,-7.13
SBUX,長期,81,True,True,5,5,75.0,74.9,-0.1,-18.0,-18.08,-1.0,-0.71
SBUX,長期,102,True,True,4,4,78.0,78.5,0.5,-18.0,-18.38,-1.0,-0.96
SBUX,長期,106,True,True,3,3,80.0,80.2,0.2,-30.0,-30.26,-11.0,-11.01
SBUX,長期,110,True,True,1,1,82.0,82.1,0.1,-24.0,-24.16,2.0,2.04
SCHW,短期,24,True,True,4,4,33.0,32.8,-0.2,2.0,1.78,0.0,0.33
SCHW,短期,27,True,True,3,3,37.0,37.4,0.4,-12.0,-11.83,-9.0,-8.56
SCHW,短期,30,True,True,2,2,44.0,44.4,0.4,-16.0,-16.04,-12.0,-11.87
SCHW,短期,33,True,True,1,1,47.0,47.2,0.2,-14.0,-14.17,-7.0,-7.11
SCHW,中期,37,True,True,1,1,69.0,68.8,-0.2,16.0,16.27,8.0,7.93
SCHW,中期,41,True,True,2,2,67.0,66.7,-0.3,9.0,9.31,-14.0,-14.19
SCHW,中期,45,True,True,3,3,66.0,65.9,-0.1,11.0,10.58,-13.0,-13.21
SCHW,長期,46,True,True,5,5,67.0,66.9,-0.1,20.0,19.83,-12.0,-12.32
SCHW,長期,98,True,True,2,2,79.0,78.9,-0.1,30.0,29.96,18.0,18.0
SCHW,長期,103,True,True,1,1,81.0,81.1,0.1,18.0,18.28,8.0,7.91
SCHW,長期,106,True,True,4,4,71.0,70.9,-0.1,17.0,17.07,11.0,11.07
SCHW,長期,110,True,True,3,3,76.0,76.1,0.1,20.0,19.87,22.0,22.2
SFM,短期,15,True,True,4,4,54.0,54.5,0.5,-8.0,-7.82,-3.0,-2.55
SFM,短期,18,True,True,3,3,58.0,58.2,0.2,-8.0,-8.48,-6.0,-5.93
SFM,短期,21,True,True,1,1,67.0,67.0,0.0,-19.0,-18.66,3.0,3.13
SFM,短期,33,True,True,2,2,63.0,63.2,0.2,-14.0,-14.03,-1.0,-1.0
SFM,中期,34,True,True,1,1,64.0,63.8,-0.2,38.0,38.41,30.0,30.33
SFM,中期,37,True,True,2,2,53.0,52.9,-0.1,53.0,52.86,39.0,38.88
SFM,中期,40,True,True,3,3,52.0,51.8,-0.2,128.0,128.36,39.0,38.99
SFM,長期,97,True,True,4,4,86.0,86.5,0.5,188.0,188.1,9.0,8.69
SFM,長期,100,True,True,3,3,91.0,90.7,-0.3,199.0,198.71,3.0,3.29
SFM,長期,105,True,True,2,2,92.0,91.7,-0.3,176.0,175.51,-11.0,-10.66
SFM,長期,108,True,True,1,1,92.0,92.2,0.2,207.0,206.69,0.0,-0.22
SMCI,短期,16,True,True,5,5,57.0,56.6,-0.4,25.0,25.32,17.0,17.38
SMCI,短期,21,True,True,3,3,60.0,60.2,0.2,20.0,20.15,9.0,9.29
SMCI,短期,24,True,True,1,1,65.0,64.9,-0.1,33.0,32.55,8.0,7.51
SMCI,短期,27,True,True,2,2,62.0,61.9,-0.1,-11.0,-10.5,5.0,5.37
SMCI,短期,31,True,True,4,4,59.0,58.7,-0.3,10.0,10.27,8.0,8.41
SMCI,中期,34,True,True,1,1,38.0,37.6,-0.4,-54.0,-54.46,18.0,18.35
SMCI,中期,38,True,True,2,2,35.0,35.0,0.0,-59.0,-58.91,6.0,5.68
SMCI,中期,42,True,True,3,3,34.0,34.3,0.3,-70.0,-70.01,4.0,3.62
SMCI,中期,45,True,True,4,4,24.0,24.3,0.3,-44.0,-44.21,34.0,34.47
SMCI,長期,92,True,True,4,4,48.0,47.8,-0.2,14.0,13.96,47.0,47.49
SMCI,長期,95,True,True,1,1,49.0,49.3,0.3,63.0,63.36,52.0,52.01
SMCI,長期,99,True,True,5,5,46.0,46.3,0.3,498.0,497.66,76.0,76.45
SMCI,長期,105,True,True,2,2,49.0,49.3,0.3,705.0,704.58,134.0,133.91
SMCI,長期,110,True,True,3,3,49.0,48.7,-0.3,519.0,518.51,205.0,205.47
SOFI,短期,17,True,True,3,3,61.0,61.2,0.2,-25.0,-25.35,-2.0,-1.87
SOFI,短期,20,True,True,2,2,63.0,62.8,-0.2,-28.0,-27.52,-1.0,-0.52
SOFI,短期,25,True,True,4,4,60.0,60.3,0.3,-40.0,-40.11,12.0,12.27
SOFI,短期,28,True,True,1,1,64.0,63.9,-0.1,-37.0,-37.13,26.0,26.39
SOFI,短期,31,True,True,5,5,58.0,58.4,0.4,-30.0,-29.66,31.0,31.15
SOFI,中期,36,True,True,3,3,49.0,49.1,0.1,153.0,153.27,38.0,38.15
SOFI,中期,39,True,True,4,4,48.0,47.8,-0.2,98.0,97.74,5.0,4.87
SOFI,中期,42,True,True,2,2,51.0,50.6,-0.4,85.0,85.07,-21.0,-20.85
SOFI,中期,45,True,True,1,1,57.0,56.9,-0.1,129.0,129.17,-5.0,-5.33
SOFI,長期,71,True,True,5,5,75.0,74.9,-0.1,29.0,28.8,-27.0,-26.96
SOFI,長期,74,True,True,3,3,77.0,77.4,0.4,22.0,22.08,-22.0,-22.46
SOFI,長期,77,True,True,1,1,86.0,85.5,-0.5,31.0,30.96,-10.0,-10.23
SOFI,長期,82,True,True,2,2,84.0,84.0,0.0,98.0,98.38,5.0,4.72
SOFI,長期,85,True,True,4,4,75.0,75.2,0.2,-5.0,-4.97,3.0,2.76
SSD,短期,15,True,True,1,1,67.0,66.7,-0.3,13.0,10.65,19.0,17.61
SSD,短期,18,True,True,2,2,60.0,60.0,0.0,5.0,5.13,11.0,11.16
SSD,短期,22,True,True,3,3,54.0,54.2,0.2,-7.0,-6.94,5.0,4.91
SSD,中期,37,True,True,3,3,23.0,23.2,0.2,-20.0,-20.0,-9.0,-9.25
SSD,中期,40,True,True,2,2,30.0,30.3,0.3,-22.0,-21.98,-12.0,-12.42
SSD,中期,43,True,True,1,1,35.0,34.7,-0.3,-24.0,-24.1,-10.0,-9.61
SSD,長期,89,True,True,5,5,60.0,60.0,0.0,11.0,10.68,-6.0,-5.76
SSD,長期,92,True,True,1,1,72.0,72.4,0.4,20.0,19.71,-4.0,-4.39
SSD,長期,95,True,True,2,2,68.0,67.5,-0.5,22.0,22.39,10.0,10.25
SSD,長期,98,True,True,3,3,65.0,65.2,0.2,9.0,8.82,-11.0,-11.46
SSD,長期,101,True,True,4,4,63.0,63.1,0.1,12.0,12.18,6.0,6.38
TGT,短期,15,True,True,1,1,67.0,66.6,-0.4,18.0,17.84,14.0,13.83
TGT,中期,35,True,True,2,2,30.0,29.8,-0.2,-31.0,-30.57,-18.0,-18.3
TGT,中期,38,True,True,4,4,28.0,27.6,-0.4,-26.0,-26.3,-27.0,-27.21
TGT,中期,41,True,True,3,3,29.0,29.1,0.1,-18.0,-17.85,-24.0,-24.39
TGT,中期,45,True,True,1,1,32.0,31.9,-0.1,-12.0,-12.0,-10.0,-9.65
TGT,長期,62,True,True,4,4,73.0,72.6,-0.4,-2.0,-2.18,1.0,1.12
TGT,長期,77,True,True,2,2,75.0,75.4,0.4,14.0,13.86,5.0,4.96
TGT,長期,89,True,True,5,5,73.0,72.6,-0.4,29.0,29.49,20.0,19.54
TGT,長期,92,True,True,1,1,87.0,87.3,0.3,-3.0,-2.97,-7.0,-6.62
TGT,長期,95,True,True,3,3,74.0,74.1,0.1,28.0,27.55,-4.0,-4.0
TMO,短期,16,True,True,2,2,69.0,69.1,0.1,25.0,25.23,20.0,19.96
TMO,短期,19,True,True,3,3,67.0,67.1,0.1,31.0,31.05,26.0,26.27
TMO,短期,22,True,True,1,1,69.0,69.2,0.2,15.0,15.0,21.0,20.51
TMO,短期,25,True,True,5,5,64.0,64.3,0.3,15.0,15.39,21.0,20.84
TMO,短期,33,True,True,4,4,67.0,67.1,0.1,18.0,17.69,7.0,7.08
TMO,中期,34,True,True,1,1,70.0,69.6,-0.4,32.0,32.29,13.0,12.99
TMO,中期,37,True,True,2,2,64.0,63.5,-0.5,48.0,48.44,35.0,34.83
TMO,長期,91,True,False,5,,99.0,,,64.0,,26.0,
TMO,長期,96,False,True,,5,,99.2,,,12.12,,6.75
TMO,長期,99,True,True,4,4,99.0,99.2,0.2,8.0,8.34,2.0,2.5
TMO,長期,102,True,True,2,2,99.0,99.2,0.2,47.0,46.77,6.0,5.55
TMO,長期,105,True,True,3,3,99.0,99.2,0.2,53.0,52.7,8.0,8.0
TMO,長期,110,True,True,1,1,99.0,99.3,0.3,56.0,55.94,6.0,6.47
TSCO,短期,16,True,True,4,4,39.0,39.3,0.3,-37.0,-37.46,-21.0,-21.43
TSCO,短期,22,True,True,5,5,35.0,35.2,0.2,-25.0,-24.81,-13.0,-12.67
TSCO,短期,25,True,True,3,3,43.0,43.1,0.1,-18.0,-17.99,-3.0,-2.96
TSCO,短期,29,True,True,2,2,48.0,47.4,-0.6,-22.0,-22.18,-9.0,-9.45
TSCO,短期,33,True,True,1,1,50.0,50.2,0.2,-23.0,-23.25,-10.0,-9.72
TSCO,中期,34,True,True,1,1,53.0,53.0,0.0,-21.0,-20.52,-16.0,-16.17
TSCO,中期,37,True,True,2,2,46.0,46.1,0.1,-32.0,-31.54,-23.0,-23.48
TSCO,長期,75,True,False,5,,85.0,,,-6.0,,6.0,
TSCO,長期,78,True,True,2,2,88.0,88.2,0.2,-4.0,-3.46,5.0,7.78
TSCO,長期,81,True,True,1,1,91.0,90.7,-0.3,-8.0,-8.05,8.0,10.79
TSCO,長期,86,True,True,3,3,87.0,86.6,-0.4,-13.0,-13.01,-7.0,-4.48
TSCO,長期,93,True,True,4,4,85.0,85.3,0.3,-17.0,-17.13,-15.0,-14.5
TSCO,長期,97,False,True,,5,,85.1,,,-25.2,,-14.59
TSLA,短期,27,True,True,2,2,49.0,48.9,-0.1,12.0,12.12,-7.0,-6.53
TSLA,短期,32,True,True,1,1,60.0,60.5,0.5,5.0,5.02,4.0,4.44
TSLA,中期,34,True,True,1,1,40.0,40.3,0.3,64.0,64.06,13.0,12.53
TSLA,中期,38,True,True,3,3,35.0,35.0,0.0,57.0,56.84,4.0,4.01
TSLA,中期,41,True,True,4,4,32.0,31.6,-0.4,33.0,33.37,-2.0,-1.95
TSLA,中期,44,True,True,2,2,37.0,37.2,0.2,58.0,57.73,5.0,4.76
TSLA,長期,88,True,True,1,1,41.0,40.6,-0.4,6.0,6.34,-6.0,-6.31
TSLA,長期,101,True,True,5,5,31.0,31.0,0.0,8.0,8.14,-20.0,-20.37
TSLA,長期,104,True,True,2,2,39.0,38.6,-0.4,20.0,20.34,-10.0,-9.64
TSLA,長期,107,True,True,3,3,36.0,35.5,-0.5,22.0,22.47,0.0,0.49
TSLA,長期,110,True,True,4,4,34.0,33.5,-0.5,5.0,5.4,-10.0,-9.8
TSM,短期,15,True,True,1,1,55.0,54.7,-0.3,2.0,1.65,6.0,6.09
TSM,短期,18,True,True,3,3,49.0,49.4,0.4,-12.0,-11.51,-1.0,-0.83
TSM,短期,22,True,True,2,2,51.0,51.3,0.3,16.0,15.51,32.0,31.95
TSM,短期,25,False,True,,5,,40.3,,,16.21,,29.88
TSM,短期,28,True,True,4,4,43.0,43.4,0.4,5.0,5.27,19.0,19.29
TSM,短期,33,True,False,5,,40.0,,,24.0,,19.0,
TSM,中期,35,True,True,3,3,46.0,46.2,0.2,91.0,90.69,35.0,34.76
TSM,中期,38,True,True,1,1,53.0,53.4,0.4,92.0,91.59,34.0,34.03
TSM,中期,41,True,True,2,2,47.0,47.1,0.1,27.0,27.49,3.0,2.69
TSM,中期,44,True,True,4,4,41.0,41.4,0.4,84.0,83.8,12.0,11.95
TSM,長期,85,True,True,5,5,77.0,77.2,0.2,208.0,208.02,31.0,30.61
TSM,長期,101,True,True,4,4,86.0,86.4,0.4,175.0,174.78,10.0,10.24
TSM,長期,104,True,True,3,3,89.0,89.1,0.1,189.0,188.56,15.0,14.71
TSM,長期,107,True,True,2,2,90.0,90.0,0.0,256.0,255.73,36.0,36.13
TSM,長期,110,True,True,1,1,91.0,91.4,0.4,325.0,325.18,42.0,41.7
TTC,短期,17,True,True,5,5,24.0,23.9,-0.1,-1.0,-0.74,3.0,2.88
TTC,短期,23,True,True,3,3,26.0,26.5,0.5,-7.0,-7.24,-15.0,-14.49
TTC,短期,26,True,True,2,2,28.0,28.4,0.4,-1.0,-1.14,-14.0,-13.53
TTC,短期,30,True,True,4,4,25.0,25.6,0.6,4.0,3.87,-10.0,-14.26
TTC,短期,33,True,True,1,1,33.0,32.9,-0.1,3.0,1.88,-3.0,-8.04
TTC,中期,35,True,True,3,3,49.0,47.9,-1.1,-5.0,-4.63,-1.0,-0.92
TTC,中期,38,True,False,4,,44.0,,,-1.0,,-4.0,
TTC,中期,41,True,True,2,2,54.0,53.7,-0.3,-1.0,-0.84,6.0,6.32
TTC,中期,44,True,True,1,1,58.0,57.4,-0.6,-3.0,-3.5,13.0,13.26
TTC,長期,74,True,True,2,2,77.0,76.6,-0.4,-30.0,-29.96,-3.0,-3.37
TTC,長期,83,True,True,3,3,66.0,65.7,-0.3,-22.0,-21.81,-9.0,-8.57
TTC,長期,86,True,True,1,1,78.0,78.2,0.2,-30.0,-30.27,-14.0,-14.44
TTC,長期,89,True,True,4,4,64.0,63.7,-0.3,-34.0,-35.58,-24.0,-25.63
TXRH,短期,15,True,True,1,1,46.0,45.8,-0.2,-10.0,-9.85,-9.0,-8.58
TXRH,短期,18,True,True,2,2,44.0,43.7,-0.3,-1.0,-0.87,11.0,11.24
TXRH,短期,21,True,True,4,4,39.0,38.7,-0.3,2.0,1.57,15.0,14.72
TXRH,短期,25,True,True,3,3,41.0,41.3,0.3,-5.0,-5.3,2.0,2.25
TXRH,短期,29,True,True,5,5,35.0,35.2,0.2,-3.0,-2.78,4.0,4.03
TXRH,中期,41,True,True,2,2,55.0,53.9,-1.1,12.0,12.41,2.0,1.76
TXRH,中期,44,True,True,1,1,62.0,60.9,-1.1,15.0,15.34,11.0,10.57
TXRH,長期,99,True,True,4,4,76.0,76.1,0.1,35.0,34.94,6.0,6.41
TXRH,長期,104,True,True,3,3,84.0,83.6,-0.4,37.0,37.37,6.0,6.39
TXRH,長期,107,True,True,1,1,91.0,91.0,0.0,23.0,22.53,1.0,1.38
TXRH,長期,110,True,True,2,2,85.0,85.0,0.0,17.0,16.57,5.0,5.11
UHS,短期,27,True,True,3,3,66.0,66.6,0.6,-2.0,-2.28,-1.0,-0.74
UHS,短期,30,True,True,1,1,78.0,77.8,-0.2,30.0,30.04,20.0,20.44
UHS,短期,33,True,True,2,2,70.0,70.5,0.5,32.0,31.72,24.0,24.2
UHS,中期,35,True,True,1,1,70.0,70.5,0.5,24.0,24.37,23.0,22.94
UHS,中期,38,True,True,2,2,58.0,58.1,0.1,20.0,19.65,15.0,14.72
UHS,長期,66,True,True,4,4,90.0,90.4,0.4,9.0,9.18,-5.0,-4.83
UHS,長期,80,True,True,5,5,89.0,89.4,0.4,43.0,43.28,-17.0,-17.01
UHS,長期,92,True,True,3,3,93.0,93.0,0.0,45.0,45.43,5.0,5.48
UHS,長期,107,True,True,2,2,98.0,98.1,0.1,44.0,44.5,6.0,6.32
UHS,長期,110,True,True,1,1,99.0,99.0,0.0,45.0,45.04,9.0,9.43
ULTA,短期,17,True,True,3,3,56.0,56.1,0.1,10.0,9.79,8.0,8.25
ULTA,短期,24,True,True,2,2,57.0,56.8,-0.2,14.0,14.35,3.0,2.95
ULTA,短期,27,True,True,1,1,67.0,67.1,0.1,11.0,10.74,2.0,2.5
ULTA,中期,41,True,True,2,2,60.0,59.5,-0.5,84.0,83.91,31.0,30.66
ULTA,中期,45,True,True,1,1,72.0,71.7,-0.3,65.0,65.11,-8.0,-8.2
ULTA,長期,85,True,True,3,3,85.0,84.9,-0.1,35.0,34.74,-10.0,-9.72
ULTA,長期,101,True,True,5,5,82.0,81.5,-0.5,22.0,22.05,4.0,4.09
ULTA,長期,104,True,True,4,4,85.0,84.6,-0.4,32.0,31.78,1.0,1.46
ULTA,長期,107,True,True,2,2,86.0,85.6,-0.4,25.0,25.17,5.0,4.65
ULTA,長期,110,True,True,1,1,92.0,91.7,-0.3,32.0,31.76,15.0,15.28
UNH,短期,33,True,True,1,1,63.0,62.6,-0.4,21.0,20.65,-4.0,-4.38
UNH,中期,41,True,True,2,2,84.0,83.8,-0.2,-5.0,-5.35,-9.0,-8.73
UNH,中期,44,True,True,1,1,85.0,85.4,0.4,-4.0,-3.92,3.0,3.46
UNH,長期,50,True,True,3,3,86.0,85.4,-0.6,-7.0,-6.73,-3.0,-2.63
UNH,長期,53,True,True,1,1,89.0,88.9,-0.1,-9.0,-9.35,-4.0,-4.27
UNH,長期,57,True,True,5,5,85.0,84.6,-0.4,-22.0,-22.27,-2.0,-1.63
UNH,長期,70,True,True,4,4,85.0,84.9,-0.1,6.0,6.19,6.0,6.0
UNH,長期,74,True,True,2,2,89.0,88.8,-0.2,-14.0,-13.69,3.0,3.37
UNP,短期,17,True,True,2,2,70.0,70.0,0.0,18.0,18.3,15.0,14.66
UNP,短期,20,True,True,5,5,60.0,60.3,0.3,7.0,7.15,7.0,6.91
UNP,短期,23,True,True,4,4,65.0,65.0,0.0,7.0,7.0,9.0,6.73
UNP,短期,26,True,True,1,1,73.0,72.8,-0.2,15.0,14.55,7.0,5.07
UNP,短期,29,True,True,3,3,66.0,66.4,0.4,7.0,6.98,1.0,-1.63
UNP,中期,34,True,True,1,1,50.0,50.3,0.3,-8.0,-8.03,-15.0,-15.02
UNP,中期,38,True,True,2,2,50.0,49.8,-0.2,-18.0,-18.23,-26.0,-26.15
UNP,中期,41,True,True,3,3,47.0,47.2,0.2,-16.0,-16.17,-22.0,-22.27
UNP,長期,94,True,True,5,5,56.0,55.9,-0.1,-14.0,-13.72,-6.0,-5.82
UNP,長期,97,True,True,4,4,59.0,58.9,-0.1,-16.0,-16.16,-4.0,-3.83
UNP,長期,100,True,True,1,1,69.0,69.2,0.2,-14.0,-13.89,-1.0,-0.51
UNP,長期,103,True,True,3,3,63.0,63.4,0.4,-11.0,-10.92,2.0,2.31
UNP,長期,110,True,True,2,2,64.0,63.7,-0.3,-14.0,-14.19,8.0,7.64
UPS,短期,23,True,True,3,3,63.0,63.0,0.0,20.0,19.64,12.0,12.02
UPS,短期,29,True,True,2,2,65.0,65.4,0.4,25.0,25.42,15.0,14.61
UPS,短期,32,True,True,1,1,75.0,75.2,0.2,24.0,24.2,14.0,14.44
UPS,中期,34,True,True,3,3,68.0,68.2,0.2,7.0,7.28,12.0,12.01
UPS,中期,37,True,True,4,4,56.0,55.5,-0.5,-18.0,-17.54,3.0,3.14
UPS,中期,40,True,True,1,1,70.0,70.4,0.4,-16.0,-15.93,6.0,6.26
UPS,中期,45,True,True,2,2,69.0,68.8,-0.2,-23.0,-23.26,8.0,7.64
UPS,長期,49,True,True,2,2,82.0,82.2,0.2,-17.0,-16.68,4.0,3.59
UPS,長期,90,True,True,3,3,79.0,79.4,0.4,-49.0,-49.12,-33.0,-33.09
UPS,長期,93,True,True,1,1,83.0,82.9,-0.1,-53.0,-53.06,-26.0,-26.4
UPS,長期,96,True,True,4,4,79.0,78.8,-0.2,-55.0,-55.23,-27.0,-27.24
UPS,長期,99,True,True,5,5,77.0,76.8,-0.2,-56.0,-56.47,-27.0,-27.25
WDFC,短期,15,True,True,2,2,43.0,43.5,0.5,1.0,2.57,2.0,2.29
WDFC,短期,19,True,True,4,4,40.0,40.3,0.3,-6.0,-6.04,-3.0,-3.29
WDFC,短期,25,True,True,3,3,43.0,42.6,-0.4,-1.0,-1.28,-6.0,-5.77
WDFC,短期,28,True,True,1,1,48.0,47.9,-0.1,-4.0,-4.04,5.0,4.68
WDFC,短期,31,True,True,5,5,40.0,39.5,-0.5,-3.0,-2.63,8.0,7.63
WDFC,中期,34,True,True,3,3,32.0,31.5,-0.5,-26.0,-25.95,-13.0,-12.81
WDFC,中期,38,True,True,1,1,39.0,38.9,-0.1,-34.0,-33.53,-9.0,-9.32
WDFC,中期,41,True,True,2,2,32.0,32.0,0.0,-18.0,-18.48,-6.0,-5.79
WDFC,中期,44,True,True,4,4,27.0,26.9,-0.1,-13.0,-13.37,-6.0,-5.61
WDFC,長期,87,True,True,3,3,83.0,83.1,0.1,-18.0,-18.38,-11.0,-10.16
WDFC,長期,90,True,True,2,2,85.0,85.1,0.1,-22.0,-22.44,-17.0,-16.33
WDFC,長期,99,True,True,4,4,79.0,79.1,0.1,-26.0,-25.62,-7.0,-7.11
WDFC,長期,102,True,True,1,1,88.0,87.9,-0.1,-3.0,-3.06,10.0,10.18
WDFC,長期,109,True,True,5,5,79.0,79.0,0.0,7.0,7.32,-6.0,-5.86
WMT,短期,23,True,True,4,4,43.0,43.2,0.2,-8.0,-8.36,3.0,2.79
WMT,短期,26,True,True,3,3,49.0,49.3,0.3,0.0,-0.29,4.0,4.35
WMT,短期,29,True,True,2,2,55.0,54.8,-0.2,1.0,1.11,3.0,2.66
WMT,短期,32,True,True,1,1,57.0,56.8,-0.2,-5.0,-4.89,0.0,-0.0
WMT,中期,34,True,True,3,3,55.0,54.7,-0.3,15.0,14.52,-1.0,-1.29
WMT,中期,41,True,True,2,2,59.0,58.6,-0.4,26.0,26.38,10.0,9.93
WMT,中期,44,True,True,1,1,66.0,65.6,-0.4,31.0,31.24,19.0,18.81
WMT,長期,85,True,True,5,5,87.0,87.0,0.0,97.0,96.67,15.0,14.97
WMT,長期,89,True,True,1,1,94.0,93.8,-0.2,88.0,88.25,9.0,8.92
WMT,長期,92,True,True,2,2,92.0,92.3,0.3,84.0,83.96,6.0,6.07
WMT,長期,107,True,True,4,4,90.0,90.6,0.6,104.0,104.32,14.0,13.54
WMT,長期,110,True,True,3,3,91.0,91.4,0.4,115.0,115.33,19.0,19.14
WSO,短期,29,True,True,2,2,40.0,40.0,0.0,-4.0,-3.89,-7.0,-7.4
WSO,短期,32,True,True,1,1,53.0,52.6,-0.4,-2.0,-1.82,-8.0,-8.48
WSO,中期,34,True,True,3,3,50.0,49.6,-0.4,-19.0,-19.16,-11.0,-11.07
WSO,中期,39,True,False,4,,47.0,,,-23.0,,-9.0,
WSO,中期,42,True,True,2,2,58.0,57.4,-0.6,-25.0,-24.6,-16.0,-13.6
WSO,中期,45,True,True,1,1,62.0,62.4,0.4,-24.0,-24.01,-11.0,-9.56
WSO,長期,49,True,True,5,5,64.0,64.1,0.1,-33.0,-33.92,-29.0,-29.55
WSO,長期,52,True,True,4,4,66.0,65.9,-0.1,-23.0,-23.27,-22.0,-22.42
WSO,長期,55,True,True,2,2,77.0,77.3,0.3,-18.0,-18.23,-12.0,-11.56
WSO,長期,60,True,True,3,3,71.0,71.3,0.3,-20.0,-20.25,-5.0,-5.48
WSO,長期,63,True,True,1,1,79.0,78.7,-0.3,-26.0,-26.31,0.0,-0.02
ZTS,短期,15,True,True,1,1,50.0,50.2,0.2,-27.0,-26.99,-20.0,-20.22
ZTS,短期,18,True,True,2,2,47.0,46.8,-0.2,-29.0,-29.16,-19.0,-19.3
ZTS,中期,38,True,True,1,1,35.0,34.6,-0.4,-43.0,-43.14,-24.0,-24.47
ZTS,中期,43,True,True,2,2,34.0,34.5,0.5,-41.0,-40.6,-25.0,-25.42
ZTS,長期,75,True,True,4,4,73.0,73.1,0.1,-22.0,-22.03,-13.0,-12.93
ZTS,長期,83,True,True,3,3,74.0,74.2,0.2,-26.0,-25.79,-19.0,-19.48
ZTS,長期,89,True,True,5,5,73.0,72.9,-0.1,-26.0,-26.48,-26.0,-26.06
ZTS,長期,97,True,True,1,1,83.0,82.7,-0.3,-20.0,-19.92,-23.0,-23.01
ZTS,長期,101,True,True,2,2,80.0,79.7,-0.3,-24.0,-24.28,-25.0,-25.45
