ticker,variant,cutoff,candidates,final,snapshot_candidates,snapshot_final,set_match,final_match,max_abs_score_diff_common,acn_32_minus_25
ACN,asof(今天),2026-09-24,16 29 19 33,33,16 19,16,False,False,2.1000000000000014,0.3106174698795172
ACN,少1根,2026-09-23,16 29 19 32,29,16 19,16,False,False,3.200000000000003,2.4852535140562253
ACN,少2根,2026-09-22,16 29 19 32,29,16 19,16,False,False,3.200000000000003,1.3078878012048172
ALSN,asof(今天),2026-09-24,28 32 23 15 20,15,28 23 32 15 20,15,True,True,3.200000000000003,
ALSN,少1根,2026-09-23,28 23 32 15 20,15,28 23 32 15 20,15,True,True,0.3999999999999986,
ALSN,少2根,2026-09-22,28 23 32 15 20,15,28 23 32 15 20,15,True,True,0.3999999999999986,
CSX,asof(今天),2026-09-24,33 15 26 29 19,19,33 26 15 29 19,19,True,True,2.299999999999997,
CSX,少1根,2026-09-23,33 26 15 29 19,19,33 26 15 29 19,19,True,True,0.3999999999999986,
CSX,少2根,2026-09-22,33 26 15 29 21,21,33 26 15 29 19,19,False,False,0.3999999999999986,
DUK,asof(今天),2026-09-24,32 27,32,32 27 22,32,False,True,0.8999999999999986,
DUK,少1根,2026-09-23,32 27 22,32,32 27 22,32,True,True,0.3999999999999986,
DUK,少2根,2026-09-22,32 27 22,32,32 27 22,32,True,True,0.3999999999999986,
IBM,asof(今天),2026-09-24,33 30 15 19 27,15,33 30 15 27 19,15,True,True,1.2999999999999972,
IBM,少1根,2026-09-23,33 30 15 27,15,33 30 15 27 19,15,False,True,2.700000000000003,
IBM,少2根,2026-09-22,33 30 15 27,15,33 30 15 27 19,15,False,True,2.700000000000003,
MMS,asof(今天),2026-09-24,28 31 18 25 22,28,28 31 25 18 22,28,True,True,1.3999999999999986,
MMS,少1根,2026-09-23,28 31 25 18 22,28,28 31 25 18 22,28,True,True,0.29999999999999716,
MMS,少2根,2026-09-22,29 26 18 32 21,29,28 31 25 18 22,28,False,False,0.20000000000000284,
ROST,asof(今天),2026-09-24,28 25 22 31,22,27 24 30 21,21,False,False,,
ROST,少1根,2026-09-23,28 25 22 31,22,27 24 30 21,21,False,False,,
ROST,少2根,2026-09-22,28 25 22 31,22,27 24 30 21,21,False,False,,
RRX,asof(今天),2026-09-24,21 32 28 18 15,18,21 28 32 18 15,18,True,True,1.2999999999999972,
RRX,少1根,2026-09-23,21 28 32 18 15,18,21 28 32 18 15,18,True,True,0.6000000000000014,
RRX,少2根,2026-09-22,21 28 32 18 15,18,21 28 32 18 15,18,True,True,0.6000000000000014,
TSM,asof(今天),2026-09-24,15 22 18 28 25,22,15 22 18 28 33,22,False,True,0.3999999999999986,
TSM,少1根,2026-09-23,15 22 18 28 25,22,15 22 18 28 33,22,False,True,0.3999999999999986,
TSM,少2根,2026-09-22,15 22 18 28 25,22,15 22 18 28 33,22,False,True,0.3999999999999986,
